#include <lvgl.h>

#ifndef LOGO_IMG
#define LOGO_IMG 1
#endif

#if LOGO_IMG

static const uint8_t logo_map[] = {
    0x00, 0x00, 0x00, 0x00, 0x00, 0x00, 0x00, 0x00, 0x00, 0x00, 0x00, 0x00, 0x00, 0x00, 0x00, 0x00,
    0x00, 0x00, 0x00, 0x00, 0x00, 0x00, 0x00, 0x00, 0x00, 0x00, 0x00, 0x00, 0x00, 0x00, 0x00, 0x00,
    0x00, 0x00, 0x00, 0x00, 0x00, 0x00, 0x00, 0x00, 0x00, 0x00, 0x00, 0x00, 0x00, 0x00, 0x00, 0x00,
    0x00, 0x00, 0x00, 0x00, 0x00, 0x00, 0x00, 0x00, 0x00, 0x00, 0x00, 0x00, 0x00, 0x00, 0x00, 0x00,
    0x00, 0x00, 0x00, 0x00, 0x00, 0x00, 0x00, 0x00, 0x00, 0x00, 0x00, 0x00, 0x00, 0x00, 0x00, 0x00,
    0x00, 0x00, 0x00, 0x00, 0x00, 0x00, 0x00, 0x00, 0x00, 0x00, 0x00, 0x00, 0x00, 0x00, 0x00, 0x00,
    0x00, 0x00, 0x00, 0x00, 0x00, 0x00, 0x00, 0x00, 0x00, 0x00, 0x00, 0x00, 0x00, 0x00, 0x00, 0x00,
    0x00, 0x00, 0x00, 0x00, 0x00, 0x00, 0x00, 0x00, 0x00, 0x00, 0x00, 0x00, 0x00, 0x00, 0x00, 0x00,
    0x00, 0x00, 0x00, 0x00, 0x00, 0x00, 0x00, 0x00, 0x00, 0x00, 0x00, 0x00, 0x00, 0x00, 0x00, 0x00,
    0x00, 0x00, 0x00, 0x00, 0x00, 0x00, 0x00, 0x00, 0x00, 0x00, 0x00, 0x00, 0x00, 0x00, 0x00, 0x00,
    0x00, 0x00, 0x00, 0x00, 0x00, 0x00, 0x00, 0x00, 0x00, 0x00, 0x00, 0x00, 0x00, 0x00, 0x00, 0x00,
    0x00, 0x00, 0x00, 0x00, 0x00, 0x00, 0x00, 0x00, 0x00, 0x00, 0x00, 0x00, 0x00, 0x00, 0x00, 0x00,
    0x00, 0x00, 0x00, 0x00, 0x00, 0x00, 0x00, 0x00, 0x00, 0x00, 0x00, 0x00, 0x00, 0x00, 0x00, 0x00,
    0x00, 0x00, 0x00, 0x00, 0x00, 0x00, 0x00, 0x00, 0x00, 0x00, 0x00, 0x00, 0x00, 0x00, 0x00, 0x00,
    0x00, 0x00, 0x00, 0x00, 0x00, 0x00, 0x00, 0x00, 0x00, 0x00, 0x00, 0x00, 0x00, 0x00, 0x00, 0x00,
    0x00, 0x00, 0x00, 0x00, 0x00, 0x00, 0x00, 0x00, 0x00, 0x00, 0x00, 0x00, 0x00, 0x00, 0x00, 0x00,
    0x00, 0x00, 0x00, 0x00, 0x00, 0x00, 0x00, 0x00, 0x00, 0x00, 0x00, 0x00, 0x00, 0x00, 0x00, 0x00,
    0x00, 0x00, 0x00, 0x00, 0x00, 0x00, 0x00, 0x00, 0x00, 0x00, 0x00, 0x00, 0x00, 0x00, 0x00, 0x00,
    0x00, 0x00, 0x00, 0x00, 0x00, 0x00, 0x00, 0x00, 0x00, 0x00, 0x00, 0x00, 0x00, 0x00, 0x00, 0x00,
    0x00, 0x00, 0x00, 0x00, 0x00, 0x00, 0x00, 0x00, 0x00, 0x00, 0x00, 0x00, 0x00, 0x00, 0x00, 0x00,
    0x00, 0x00, 0x00, 0x00, 0x00, 0x00, 0x00, 0x00, 0x00, 0x00, 0x00, 0x00, 0x00, 0x00, 0x00, 0x00,
    0x00, 0x00, 0x00, 0x00, 0x00, 0x00, 0x00, 0x00, 0x00, 0x00, 0x00, 0x00, 0x00, 0x00, 0x00, 0x00,
    0x00, 0x00, 0x00, 0x00, 0x00, 0x00, 0x00, 0x00, 0x00, 0x00, 0x00, 0x00, 0x00, 0x00, 0x00, 0x00,
    0x00, 0x00, 0x00, 0x00, 0x00, 0x00, 0x00, 0x00, 0x00, 0x00, 0x00, 0x00, 0x00, 0x00, 0x00, 0x00,
    0x00, 0x00, 0x00, 0x00, 0x00, 0x00, 0x00, 0x00, 0x00, 0x00, 0x00, 0x00, 0x00, 0x00, 0x00, 0x00,
    0x00, 0x00, 0x00, 0x00, 0x00, 0x00, 0x00, 0x00, 0x00, 0x00, 0x00, 0x00, 0x00, 0x00, 0x00, 0x00,
    0x00, 0x00, 0x00, 0x00, 0x00, 0x00, 0x00, 0x00, 0x00, 0x00, 0x00, 0x00, 0x00, 0x00, 0x00, 0x00,
    0x00, 0x00, 0x00, 0x00, 0x00, 0x00, 0x00, 0x00, 0x00, 0x00, 0x00, 0x00, 0x00, 0x00, 0x00, 0x00,
    0x00, 0x00, 0x00, 0x00, 0x00, 0x00, 0x00, 0x00, 0x00, 0x00, 0x00, 0x00, 0x00, 0x00, 0x00, 0x00,
    0x00, 0x00, 0x00, 0x00, 0x00, 0x00, 0x00, 0x00, 0x00, 0x00, 0x00, 0x00, 0x00, 0x00, 0x00, 0x00,
    0x00, 0x00, 0x00, 0x00, 0x00, 0x00, 0x00, 0x00, 0x00, 0x00, 0x00, 0x00, 0x00, 0x00, 0x00, 0x00,
    0x00, 0x00, 0x00, 0x00, 0x00, 0x00, 0x00, 0x00, 0x00, 0x00, 0x00, 0x00, 0x00, 0x00, 0x00, 0x00,
    0x00, 0x00, 0x00, 0x00, 0x00, 0x00, 0x00, 0x00, 0x00, 0x00, 0x00, 0x00, 0x00, 0x00, 0x00, 0x00,
    0x00, 0x00, 0x00, 0x00, 0x00, 0x00, 0x00, 0x00, 0x00, 0x00, 0x00, 0x00, 0x00, 0x00, 0x00, 0x00,
    0x00, 0x00, 0x00, 0x00, 0x00, 0x00, 0x00, 0x00, 0x00, 0x00, 0x00, 0x00, 0x00, 0x00, 0x00, 0x00,
    0x00, 0x00, 0x00, 0x00, 0x00, 0x00, 0x00, 0x00, 0x00, 0x00, 0x00, 0x00, 0x00, 0x00, 0x00, 0x00,
    0x00, 0x00, 0x00, 0x00, 0x00, 0x00, 0x00, 0x00, 0x00, 0x00, 0x00, 0x00, 0x00, 0x00, 0x00, 0x00,
    0x00, 0x00, 0x00, 0x00, 0x00, 0x00, 0x00, 0x00, 0x00, 0x00, 0x00, 0x00, 0x00, 0x00, 0x00, 0x00,
    0x00, 0x00, 0x00, 0x00, 0x00, 0x00, 0x00, 0x00, 0x00, 0x00, 0x00, 0x00, 0x00, 0x00, 0x00, 0x00,
    0x00, 0x00, 0x00, 0x00, 0x00, 0x00, 0x00, 0x00, 0x00, 0x00, 0x00, 0x00, 0x00, 0x00, 0x00, 0x00,
    0x00, 0x00, 0x00, 0x00, 0x00, 0x00, 0x00, 0x00, 0x00, 0x00, 0x00, 0x00, 0x00, 0x00, 0x00, 0x00,
    0x00, 0x00, 0x00, 0x00, 0x00, 0x00, 0x00, 0x00, 0x00, 0x00, 0x00, 0x00, 0x00, 0x00, 0x00, 0x00,
    0x00, 0x00, 0x00, 0x00, 0x00, 0x00, 0x00, 0x00, 0x00, 0x00, 0x00, 0x00, 0x00, 0x00, 0x00, 0x00,
    0x00, 0x00, 0x00, 0x00, 0x00, 0x00, 0x00, 0x00, 0x00, 0x00, 0x00, 0x00, 0x00, 0x00, 0x00, 0x00,
    0x00, 0x00, 0x00, 0x00, 0x00, 0x00, 0x00, 0x00, 0x00, 0x00, 0x00, 0x00, 0x00, 0x00, 0x00, 0x00,
    0x00, 0x00, 0x00, 0x00, 0x00, 0x00, 0x00, 0x00, 0x00, 0x00, 0x00, 0x00, 0x00, 0x00, 0x00, 0x00,
    0x00, 0x00, 0x00, 0x00, 0x00, 0x00, 0x00, 0x00, 0x00, 0x00, 0x00, 0x00, 0x00, 0x00, 0x00, 0x00,
    0x00, 0x00, 0x00, 0x00, 0x00, 0x00, 0x00, 0x00, 0x00, 0x00, 0x00, 0x00, 0x00, 0x00, 0x00, 0x00,
    0x00, 0x00, 0x00, 0x00, 0x00, 0x00, 0x00, 0x00, 0x00, 0x00, 0x00, 0x00, 0x00, 0x00, 0x00, 0x00,
    0x00, 0x00, 0x00, 0x00, 0x00, 0x00, 0x00, 0x00, 0x00, 0x00, 0x00, 0x00, 0x00, 0x00, 0x00, 0x00,
    0x00, 0x00, 0x00, 0x00, 0x00, 0x00, 0x00, 0x00, 0x00, 0x00, 0x00, 0x00, 0x00, 0x00, 0x00, 0x00,
    0x00, 0x00, 0x00, 0x00, 0x00, 0x00, 0x00, 0x00, 0x00, 0x00, 0x00, 0x00, 0x00, 0x00, 0x00, 0x00,
    0x00, 0x00, 0x00, 0x00, 0x00, 0x00, 0x00, 0x00, 0x00, 0x00, 0x00, 0x00, 0x00, 0x00, 0x00, 0x00,
    0x00, 0x00, 0x00, 0x00, 0x00, 0x00, 0x00, 0x00, 0x00, 0x00, 0x00, 0x00, 0x00, 0x00, 0x00, 0x00,
    0x00, 0x00, 0x00, 0x00, 0x00, 0x00, 0x00, 0x00, 0x00, 0x00, 0x00, 0x00, 0x00, 0x00, 0x00, 0x00,
    0x00, 0x00, 0x00, 0x00, 0x00, 0x00, 0x00, 0x00, 0x00, 0x00, 0x00, 0x00, 0x00, 0x00, 0x00, 0x00,
    0x00, 0x00, 0x00, 0x00, 0x00, 0x00, 0x00, 0x00, 0x00, 0x00, 0x00, 0x00, 0x00, 0x00, 0x00, 0x00,
    0x00, 0x00, 0x00, 0x00, 0x00, 0x00, 0x00, 0x00, 0x00, 0x00, 0x00, 0x00, 0x00, 0x00, 0x00, 0x00,
    0x00, 0x00, 0x00, 0x00, 0x00, 0x00, 0x00, 0x00, 0x00, 0x00, 0x00, 0x00, 0x00, 0x00, 0x00, 0x00,
    0x00, 0x00, 0x00, 0x00, 0x00, 0x00, 0x00, 0x00, 0x00, 0x00, 0x00, 0x00, 0x00, 0x00, 0x00, 0x00,
    0x00, 0x00, 0x00, 0x00, 0x00, 0x00, 0x00, 0x00, 0x00, 0x00, 0x00, 0x00, 0x00, 0x00, 0x00, 0x00,
    0x00, 0x00, 0x00, 0x00, 0x00, 0x00, 0x00, 0x00, 0x00, 0x00, 0x00, 0x00, 0x00, 0x00, 0x00, 0x00,
    0x00, 0x00, 0x00, 0x00, 0x00, 0x00, 0x00, 0x00, 0x00, 0x00, 0x00, 0x00, 0x00, 0x00, 0x00, 0x00,
    0x00, 0x00, 0x00, 0x00, 0x00, 0x00, 0x00, 0x00, 0x00, 0x00, 0x00, 0x00, 0x00, 0x00, 0x00, 0x00,
    0x00, 0x00, 0x00, 0x00, 0x00, 0x00, 0x00, 0x00, 0x00, 0x00, 0x00, 0x00, 0x00, 0x00, 0x00, 0x00,
    0x00, 0x00, 0x00, 0x00, 0x00, 0x00, 0x00, 0x00, 0x00, 0x00, 0x00, 0x00, 0x00, 0x00, 0x00, 0x00,
    0x00, 0x00, 0x00, 0x00, 0x00, 0x00, 0x00, 0x00, 0x00, 0x00, 0x00, 0x00, 0x00, 0x00, 0x00, 0x00,
    0x00, 0x00, 0x00, 0x00, 0x00, 0x00, 0x00, 0x00, 0x00, 0x00, 0x00, 0x00, 0x00, 0x00, 0x00, 0x00,
    0x00, 0x00, 0x00, 0x00, 0x00, 0x00, 0x00, 0x00, 0x00, 0x00, 0x00, 0x00, 0x00, 0x00, 0x00, 0x00,
    0x00, 0x00, 0x00, 0x00, 0x00, 0x00, 0x00, 0x00, 0x00, 0x00, 0x00, 0x00, 0x00, 0x00, 0x00, 0x00,
    0x00, 0x00, 0x00, 0x00, 0x00, 0x00, 0x00, 0x00, 0x00, 0x00, 0x00, 0x00, 0x00, 0x00, 0x00, 0x00,
    0x00, 0x00, 0x00, 0x00, 0x00, 0x00, 0x00, 0x00, 0x00, 0x00, 0x00, 0x00, 0x00, 0x00, 0x00, 0x00,
    0x00, 0x00, 0x00, 0x00, 0x00, 0x00, 0x00, 0x00, 0x00, 0x00, 0x00, 0x00, 0x00, 0x00, 0x00, 0x00,
    0x00, 0x00, 0x00, 0x00, 0x00, 0x00, 0x00, 0x00, 0x00, 0x00, 0x00, 0x00, 0x00, 0x00, 0x00, 0x00,
    0x00, 0x00, 0x00, 0x00, 0x00, 0x00, 0x00, 0x00, 0x00, 0x00, 0x00, 0x00, 0x00, 0x00, 0x00, 0x00,
    0x00, 0x00, 0x00, 0x00, 0x00, 0x00, 0x00, 0x00, 0x00, 0x00, 0x00, 0x00, 0x00, 0x00, 0x00, 0x00,
    0x00, 0x00, 0x00, 0x00, 0x00, 0x00, 0x00, 0x00, 0x00, 0x00, 0x00, 0x00, 0x00, 0x00, 0x00, 0x00,
    0x00, 0x00, 0x00, 0x00, 0x00, 0x00, 0x00, 0x00, 0x00, 0x00, 0x00, 0x00, 0x00, 0x00, 0x00, 0x00,
    0x00, 0x00, 0x00, 0x00, 0x00, 0x00, 0x00, 0x00, 0x00, 0x00, 0x00, 0x00, 0x00, 0x00, 0x00, 0x00,
    0x00, 0x00, 0x00, 0x00, 0x00, 0x00, 0x00, 0x00, 0x00, 0x00, 0x00, 0x00, 0x00, 0x00, 0x00, 0x00,
    0x00, 0x00, 0x00, 0x00, 0x00, 0x00, 0x00, 0x00, 0x00, 0x00, 0x00, 0x00, 0x00, 0x00, 0x00, 0x00,
    0x00, 0x00, 0x00, 0x00, 0x00, 0x00, 0x00, 0x00, 0x00, 0x00, 0x00, 0x00, 0x00, 0x00, 0x00, 0x00,
    0x00, 0x00, 0x00, 0x00, 0x00, 0x00, 0x00, 0x00, 0x00, 0x00, 0x00, 0x00, 0x00, 0x00, 0x00, 0x00,
    0x00, 0x00, 0x00, 0x00, 0x00, 0x00, 0x00, 0x00, 0x00, 0x00, 0x00, 0x00, 0x00, 0x00, 0x00, 0x00,
    0x00, 0x00, 0x00, 0x00, 0x00, 0x00, 0x00, 0x00, 0x00, 0x00, 0x00, 0x00, 0x00, 0x00, 0x00, 0x00,
    0x00, 0x00, 0x00, 0x00, 0x00, 0x00, 0x00, 0x00, 0x00, 0x00, 0x00, 0x00, 0x00, 0x00, 0x00, 0x00,
    0x00, 0x00, 0x00, 0x00, 0x00, 0x00, 0x00, 0x00, 0x00, 0x00, 0x00, 0x00, 0x00, 0x00, 0x00, 0x00,
    0x00, 0x00, 0x00, 0x00, 0x00, 0x00, 0x00, 0x00, 0x00, 0x00, 0x00, 0x00, 0x00, 0x00, 0x00, 0x00,
    0x00, 0x00, 0x00, 0x00, 0x00, 0x00, 0x00, 0x00, 0x00, 0x00, 0x00, 0x00, 0x00, 0x00, 0x00, 0x00,
    0x00, 0x00, 0x00, 0x00, 0x00, 0x00, 0x00, 0x00, 0x00, 0x00, 0x00, 0x00, 0x00, 0x00, 0x00, 0x00,
    0x00, 0x00, 0x00, 0x00, 0x00, 0x00, 0x00, 0x00, 0x00, 0x00, 0x00, 0x00, 0x00, 0x00, 0x00, 0x00,
    0x00, 0x00, 0x00, 0x00, 0x00, 0x00, 0x00, 0x00, 0x00, 0x00, 0x00, 0x00, 0x00, 0x00, 0x00, 0x00,
    0x00, 0x00, 0x00, 0x00, 0x00, 0x00, 0x00, 0x00, 0x00, 0x00, 0x00, 0x00, 0x00, 0x00, 0x00, 0x00,
    0x00, 0x00, 0x00, 0x00, 0x00, 0x00, 0x00, 0x00, 0x00, 0x00, 0x00, 0x00, 0x00, 0x00, 0x00, 0x00,
    0x00, 0x00, 0x00, 0x00, 0x00, 0x00, 0x00, 0x00, 0x00, 0x00, 0x00, 0x00, 0x00, 0x00, 0x00, 0x00,
    0x00, 0x00, 0x00, 0x00, 0x00, 0x00, 0x00, 0x00, 0x00, 0x00, 0x00, 0x00, 0x00, 0x00, 0x00, 0x00,
    0x00, 0x00, 0x00, 0x00, 0x00, 0x00, 0x00, 0x00, 0x00, 0x00, 0x00, 0x00, 0x00, 0x00, 0x00, 0x00,
    0x00, 0x00, 0x00, 0x00, 0x00, 0x00, 0x00, 0x00, 0x00, 0x00, 0x00, 0x00, 0x00, 0x00, 0x00, 0x00,
    0x00, 0x00, 0x00, 0x00, 0x00, 0x00, 0x00, 0x00, 0x00, 0x00, 0x00, 0x00, 0x00, 0x00, 0x00, 0x00,
    0x00, 0x00, 0x00, 0x00, 0x00, 0x00, 0x00, 0x00, 0x00, 0x00, 0x00, 0x00, 0x00, 0x00, 0x00, 0x00,
    0x00, 0x00, 0x00, 0x00, 0x00, 0x00, 0x00, 0x00, 0x00, 0x00, 0x00, 0x00, 0x00, 0x00, 0x00, 0x00,
    0x00, 0x00, 0x00, 0x00, 0x00, 0x00, 0x00, 0x00, 0x00, 0x00, 0x00, 0x00, 0x00, 0x00, 0x00, 0x00,
    0x00, 0x00, 0x00, 0x00, 0x00, 0x00, 0x00, 0x00, 0x00, 0x00, 0x00, 0x00, 0x00, 0x00, 0x00, 0x00,
    0x00, 0x00, 0x00, 0x00, 0x00, 0x00, 0x00, 0x00, 0x00, 0x00, 0x00, 0x00, 0x00, 0x00, 0x00, 0x00,
    0x00, 0x00, 0x00, 0x00, 0x00, 0x00, 0x00, 0x00, 0x00, 0x00, 0x00, 0x00, 0x00, 0x00, 0x00, 0x00,
    0x00, 0x00, 0x00, 0x00, 0x00, 0x00, 0x00, 0x00, 0x00, 0x00, 0x00, 0x00, 0x00, 0x00, 0x00, 0x00,
    0x00, 0x00, 0x00, 0x00, 0x00, 0x00, 0x00, 0x00, 0x00, 0x00, 0x00, 0x00, 0x00, 0x00, 0x00, 0x00,
    0x00, 0x00, 0x00, 0x00, 0x00, 0x00, 0x00, 0x00, 0x00, 0x00, 0x00, 0x00, 0x00, 0x00, 0x00, 0x00,
    0x00, 0x00, 0x00, 0x00, 0x00, 0x00, 0x00, 0x00, 0x00, 0x00, 0x00, 0x00, 0x00, 0x00, 0x00, 0x00,
    0x00, 0x00, 0x00, 0x00, 0x00, 0x00, 0x00, 0x00, 0x00, 0x00, 0x00, 0x00, 0x00, 0x00, 0x00, 0x00,
    0x00, 0x00, 0x00, 0x00, 0x00, 0x00, 0x00, 0x00, 0x00, 0x00, 0x00, 0x00, 0x00, 0x00, 0x00, 0x00,
    0x00, 0x00, 0x00, 0x00, 0x00, 0x00, 0x00, 0x00, 0x00, 0x00, 0x00, 0x00, 0x00, 0x00, 0x00, 0x00,
    0x00, 0x00, 0x00, 0x00, 0x00, 0x00, 0x00, 0x00, 0x00, 0x00, 0x00, 0x00, 0x00, 0x00, 0x00, 0x00,
    0x00, 0x00, 0x00, 0x00, 0x00, 0x00, 0x00, 0x00, 0x00, 0x00, 0x00, 0x00, 0x00, 0x00, 0x00, 0x00,
    0x00, 0x00, 0x00, 0x00, 0x00, 0x00, 0x00, 0x00, 0x00, 0x00, 0x00, 0x00, 0x00, 0x00, 0x00, 0x00,
    0x00, 0x00, 0x00, 0x00, 0x00, 0x00, 0x00, 0x00, 0x00, 0x00, 0x00, 0x00, 0x00, 0x00, 0x00, 0x00,
    0x00, 0x00, 0x00, 0x00, 0x00, 0x00, 0x00, 0x00, 0x00, 0x00, 0x00, 0x00, 0x00, 0x00, 0x00, 0x00,
    0x00, 0x00, 0x00, 0x00, 0x00, 0x00, 0x00, 0x00, 0x00, 0x00, 0x00, 0x00, 0x00, 0x00, 0x00, 0x00,
    0x00, 0x00, 0x00, 0x00, 0x00, 0x00, 0x00, 0x00, 0x00, 0x00, 0x00, 0x00, 0x00, 0x00, 0x00, 0x00,
    0x00, 0x00, 0x00, 0x00, 0x00, 0x00, 0x00, 0x00, 0x00, 0x00, 0x00, 0x00, 0x00, 0x00, 0x00, 0x00,
    0x00, 0x00, 0x00, 0x00, 0x00, 0x00, 0x00, 0x00, 0x00, 0x00, 0x00, 0x00, 0x00, 0x00, 0x00, 0x00,
    0x00, 0x00, 0x00, 0x00, 0x00, 0x00, 0x00, 0x00, 0x00, 0x00, 0x00, 0x00, 0x00, 0x00, 0x00, 0x00,
    0x00, 0x00, 0x00, 0x00, 0x00, 0x00, 0x00, 0x00, 0x00, 0x00, 0x00, 0x00, 0x00, 0x00, 0x00, 0x00,
    0x00, 0x00, 0x00, 0x00, 0x00, 0x00, 0x00, 0x00, 0x00, 0x00, 0x00, 0x00, 0x00, 0x00, 0x00, 0x00,
    0x00, 0x00, 0x00, 0x00, 0x00, 0x00, 0x00, 0x00, 0x00, 0x00, 0x00, 0x00, 0x00, 0x00, 0x00, 0x00,
    0x00, 0x00, 0x00, 0x00, 0x00, 0x00, 0x00, 0x00, 0x00, 0x00, 0x00, 0x00, 0x00, 0x00, 0x00, 0x00,
    0x00, 0x00, 0x00, 0x00, 0x00, 0x00, 0x00, 0x00, 0x00, 0x00, 0x00, 0x00, 0x00, 0x00, 0x00, 0x00,
    0x00, 0x00, 0x00, 0x00, 0x00, 0x00, 0x00, 0x00, 0x00, 0x00, 0x00, 0x00, 0x00, 0x00, 0x00, 0x00,
    0x00, 0x00, 0x00, 0x00, 0x00, 0x00, 0x00, 0x00, 0x00, 0x00, 0x00, 0x00, 0x00, 0x00, 0x00, 0x00,
    0x00, 0x00, 0x00, 0x00, 0x00, 0x00, 0x00, 0x00, 0x00, 0x00, 0x00, 0x00, 0x00, 0x00, 0x00, 0x00,
    0x00, 0x00, 0x00, 0x00, 0x00, 0x00, 0x00, 0x00, 0x00, 0x00, 0x00, 0x00, 0x00, 0x00, 0x00, 0x00,
    0x00, 0x00, 0x00, 0x00, 0x00, 0x00, 0x00, 0x00, 0x00, 0x00, 0x00, 0x00, 0x00, 0x00, 0x00, 0x00,
    0x00, 0x00, 0x00, 0x00, 0x00, 0x00, 0x00, 0x00, 0x00, 0x00, 0x00, 0x00, 0x00, 0x00, 0x00, 0x00,
    0x00, 0x00, 0x00, 0x00, 0x00, 0x00, 0x00, 0x00, 0x00, 0x00, 0x00, 0x00, 0x00, 0x00, 0x00, 0x00,
    0x00, 0x00, 0x00, 0x00, 0x00, 0x00, 0x00, 0x00, 0x00, 0x00, 0x00, 0x00, 0x00, 0x00, 0x00, 0x00,
    0x00, 0x00, 0x00, 0x00, 0x00, 0x00, 0x00, 0x00, 0x00, 0x00, 0x00, 0x00, 0x00, 0x00, 0x00, 0x00,
    0x00, 0x00, 0x00, 0x00, 0x00, 0x00, 0x00, 0x00, 0x00, 0x00, 0x00, 0x00, 0x00, 0x00, 0x00, 0x00,
    0x00, 0x00, 0x65, 0x29, 0x10, 0x7c, 0x96, 0xb5, 0x34, 0xa5, 0xeb, 0x5a, 0x81, 0x10, 0x00, 0x00,
    0x00, 0x00, 0x00, 0x00, 0x00, 0x00, 0x00, 0x00, 0x00, 0x00, 0x00, 0x00, 0x00, 0x00, 0x00, 0x00,
    0x00, 0x00, 0x00, 0x00, 0x00, 0x00, 0x00, 0x00, 0x00, 0x00, 0x00, 0x00, 0x00, 0x00, 0x00, 0x00,
    0x00, 0x00, 0x00, 0x00, 0x00, 0x00, 0x00, 0x00, 0x00, 0x00, 0x00, 0x00, 0x00, 0x00, 0x00, 0x00,
    0x00, 0x00, 0x00, 0x00, 0x00, 0x00, 0x00, 0x00, 0x00, 0x00, 0x00, 0x00, 0x00, 0x00, 0x00, 0x00,
    0x00, 0x00, 0x00, 0x00, 0x00, 0x00, 0x00, 0x00, 0x00, 0x00, 0x00, 0x00, 0x00, 0x00, 0x00, 0x00,
    0x00, 0x00, 0x00, 0x00, 0x00, 0x00, 0x00, 0x00, 0x00, 0x00, 0x00, 0x00, 0x00, 0x00, 0x00, 0x00,
    0x00, 0x00, 0x00, 0x00, 0x00, 0x00, 0x00, 0x00, 0x00, 0x00, 0x00, 0x00, 0x00, 0x00, 0x00, 0x00,
    0x00, 0x00, 0x00, 0x00, 0x00, 0x00, 0x00, 0x00, 0x00, 0x00, 0x00, 0x00, 0x00, 0x00, 0x00, 0x00,
    0x00, 0x00, 0x00, 0x00, 0x00, 0x00, 0x00, 0x00, 0x00, 0x00, 0x00, 0x00, 0x00, 0x00, 0x00, 0x00,
    0x00, 0x00, 0x00, 0x00, 0x00, 0x00, 0x00, 0x00, 0x00, 0x00, 0x00, 0x00, 0x00, 0x00, 0x00, 0x00,
    0x00, 0x00, 0x00, 0x00, 0x00, 0x00, 0x00, 0x00, 0x00, 0x00, 0x00, 0x00, 0x00, 0x00, 0x00, 0x00,
    0x00, 0x00, 0x00, 0x00, 0x00, 0x00, 0x00, 0x00, 0x00, 0x00, 0x00, 0x00, 0x00, 0x00, 0x00, 0x00,
    0x00, 0x00, 0x00, 0x00, 0x00, 0x00, 0x00, 0x00, 0x00, 0x00, 0x00, 0x00, 0x00, 0x00, 0x00, 0x00,
    0x00, 0x00, 0x00, 0x00, 0x00, 0x00, 0x00, 0x00, 0x00, 0x00, 0x00, 0x00, 0x00, 0x00, 0x00, 0x00,
    0x00, 0x00, 0x00, 0x00, 0x00, 0x00, 0x00, 0x00, 0x00, 0x00, 0x00, 0x00, 0x00, 0x00, 0x00, 0x00,
    0x00, 0x00, 0x00, 0x00, 0x00, 0x00, 0x00, 0x00, 0x00, 0x00, 0x00, 0x00, 0x00, 0x00, 0x00, 0x00,
    0x00, 0x00, 0x00, 0x00, 0x00, 0x00, 0x00, 0x00, 0x00, 0x00, 0x00, 0x00, 0x00, 0x00, 0x00, 0x00,
    0x00, 0x00, 0x00, 0x00, 0x00, 0x00, 0x00, 0x00, 0x00, 0x00, 0x00, 0x00, 0x00, 0x00, 0x00, 0x00,
    0x00, 0x00, 0x00, 0x00, 0x00, 0x00, 0x00, 0x00, 0x00, 0x00, 0x00, 0x00, 0x00, 0x00, 0x00, 0x00,
    0x00, 0x00, 0x00, 0x00, 0x00, 0x00, 0x00, 0x00, 0x00, 0x00, 0x00, 0x00, 0x00, 0x00, 0x00, 0x00,
    0x00, 0x00, 0x00, 0x00, 0x00, 0x00, 0x00, 0x00, 0x00, 0x00, 0x00, 0x00, 0x00, 0x00, 0x00, 0x00,
    0x00, 0x00, 0x00, 0x00, 0x00, 0x00, 0x00, 0x00, 0x00, 0x00, 0x00, 0x00, 0x00, 0x00, 0x00, 0x00,
    0x00, 0x00, 0x00, 0x00, 0x00, 0x00, 0x00, 0x00, 0x00, 0x00, 0x00, 0x00, 0x00, 0x00, 0x00, 0x00,
    0x00, 0x00, 0x00, 0x00, 0x00, 0x00, 0x00, 0x00, 0x00, 0x00, 0x00, 0x00, 0x20, 0x00, 0xcb, 0x5a,
    0xd7, 0xbd, 0x5d, 0xef, 0xd6, 0xb5, 0xcf, 0x7b, 0x71, 0x8c, 0x38, 0xc6, 0xba, 0xd6, 0x92, 0x94,
    0x45, 0x29, 0x00, 0x00, 0x00, 0x00, 0x00, 0x00, 0x00, 0x00, 0x00, 0x00, 0x00, 0x00, 0x00, 0x00,
    0x00, 0x00, 0x00, 0x00, 0x00, 0x00, 0x00, 0x00, 0x00, 0x00, 0x00, 0x00, 0x00, 0x00, 0x00, 0x00,
    0x00, 0x00, 0x00, 0x00, 0x00, 0x00, 0x00, 0x00, 0x00, 0x00, 0x00, 0x00, 0x00, 0x00, 0x00, 0x00,
    0x00, 0x00, 0x00, 0x00, 0x00, 0x00, 0x00, 0x00, 0x00, 0x00, 0x00, 0x00, 0x00, 0x00, 0x00, 0x00,
    0x00, 0x00, 0x00, 0x00, 0x00, 0x00, 0x00, 0x00, 0x00, 0x00, 0x00, 0x00, 0x00, 0x00, 0x00, 0x00,
    0x00, 0x00, 0x00, 0x00, 0x00, 0x00, 0x00, 0x00, 0x00, 0x00, 0x00, 0x00, 0x00, 0x00, 0x00, 0x00,
    0x00, 0x00, 0x00, 0x00, 0x00, 0x00, 0x00, 0x00, 0x00, 0x00, 0x00, 0x00, 0x00, 0x00, 0x00, 0x00,
    0x00, 0x00, 0x00, 0x00, 0x00, 0x00, 0x00, 0x00, 0x00, 0x00, 0x00, 0x00, 0x00, 0x00, 0x00, 0x00,
    0x00, 0x00, 0x00, 0x00, 0x00, 0x00, 0x00, 0x00, 0x00, 0x00, 0x00, 0x00, 0x00, 0x00, 0x00, 0x00,
    0x00, 0x00, 0x00, 0x00, 0x00, 0x00, 0x00, 0x00, 0x00, 0x00, 0x00, 0x00, 0x00, 0x00, 0x00, 0x00,
    0x00, 0x00, 0x00, 0x00, 0x00, 0x00, 0x00, 0x00, 0x00, 0x00, 0x00, 0x00, 0x00, 0x00, 0x00, 0x00,
    0x00, 0x00, 0x00, 0x00, 0x00, 0x00, 0x00, 0x00, 0x00, 0x00, 0x00, 0x00, 0x00, 0x00, 0x00, 0x00,
    0x00, 0x00, 0x00, 0x00, 0x00, 0x00, 0x00, 0x00, 0x00, 0x00, 0x00, 0x00, 0x00, 0x00, 0x00, 0x00,
    0x00, 0x00, 0x00, 0x00, 0x00, 0x00, 0x00, 0x00, 0x00, 0x00, 0x00, 0x00, 0x00, 0x00, 0x00, 0x00,
    0x00, 0x00, 0x00, 0x00, 0x00, 0x00, 0x00, 0x00, 0x00, 0x00, 0x00, 0x00, 0x00, 0x00, 0x00, 0x00,
    0x00, 0x00, 0x00, 0x00, 0x00, 0x00, 0x00, 0x00, 0x00, 0x00, 0x00, 0x00, 0x00, 0x00, 0x00, 0x00,
    0x00, 0x00, 0x00, 0x00, 0x00, 0x00, 0x00, 0x00, 0x00, 0x00, 0x00, 0x00, 0x00, 0x00, 0x00, 0x00,
    0x00, 0x00, 0x00, 0x00, 0x00, 0x00, 0x00, 0x00, 0x00, 0x00, 0x00, 0x00, 0x00, 0x00, 0x00, 0x00,
    0x00, 0x00, 0x00, 0x00, 0x00, 0x00, 0x00, 0x00, 0x00, 0x00, 0x00, 0x00, 0x00, 0x00, 0x00, 0x00,
    0x00, 0x00, 0x00, 0x00, 0x00, 0x00, 0x00, 0x00, 0x00, 0x00, 0x00, 0x00, 0x00, 0x00, 0x00, 0x00,
    0x00, 0x00, 0x00, 0x00, 0x00, 0x00, 0x00, 0x00, 0x00, 0x00, 0x00, 0x00, 0x00, 0x00, 0x00, 0x00,
    0x00, 0x00, 0x00, 0x00, 0x00, 0x00, 0x00, 0x00, 0x00, 0x00, 0x00, 0x00, 0x00, 0x00, 0x00, 0x00,
    0x00, 0x00, 0x00, 0x00, 0x00, 0x00, 0x00, 0x00, 0x00, 0x00, 0x00, 0x00, 0x00, 0x00, 0x00, 0x00,
    0x00, 0x00, 0x00, 0x00, 0x00, 0x00, 0x00, 0x00, 0x82, 0x10, 0xef, 0x7b, 0xdb, 0xde, 0xba, 0xd6,
    0x10, 0x84, 0x66, 0x29, 0x82, 0x10, 0xe3, 0x18, 0xe4, 0x20, 0xe4, 0x20, 0x08, 0x42, 0xd3, 0x9c,
    0xda, 0xd6, 0x55, 0xad, 0xc7, 0x39, 0x00, 0x00, 0x00, 0x00, 0x00, 0x00, 0x00, 0x00, 0x00, 0x00,
    0x00, 0x00, 0x00, 0x00, 0x00, 0x00, 0x00, 0x00, 0x00, 0x00, 0x00, 0x00, 0x00, 0x00, 0x00, 0x00,
    0x00, 0x00, 0x00, 0x00, 0x00, 0x00, 0x00, 0x00, 0x00, 0x00, 0x00, 0x00, 0x00, 0x00, 0x00, 0x00,
    0x00, 0x00, 0x00, 0x00, 0x00, 0x00, 0x00, 0x00, 0x00, 0x00, 0x00, 0x00, 0x00, 0x00, 0x00, 0x00,
    0x00, 0x00, 0x00, 0x00, 0x00, 0x00, 0x00, 0x00, 0x00, 0x00, 0x00, 0x00, 0x00, 0x00, 0x00, 0x00,
    0x00, 0x00, 0x00, 0x00, 0x00, 0x00, 0x00, 0x00, 0x00, 0x00, 0x00, 0x00, 0x00, 0x00, 0x00, 0x00,
    0x00, 0x00, 0x00, 0x00, 0x00, 0x00, 0x00, 0x00, 0x00, 0x00, 0x00, 0x00, 0x00, 0x00, 0x00, 0x00,
    0x00, 0x00, 0x00, 0x00, 0x00, 0x00, 0x00, 0x00, 0x00, 0x00, 0x00, 0x00, 0x00, 0x00, 0x00, 0x00,
    0x00, 0x00, 0x00, 0x00, 0x00, 0x00, 0x00, 0x00, 0x00, 0x00, 0x00, 0x00, 0x00, 0x00, 0x00, 0x00,
    0x00, 0x00, 0x00, 0x00, 0x00, 0x00, 0x00, 0x00, 0x00, 0x00, 0x00, 0x00, 0x00, 0x00, 0x00, 0x00,
    0x00, 0x00, 0x00, 0x00, 0x00, 0x00, 0x00, 0x00, 0x00, 0x00, 0x00, 0x00, 0x00, 0x00, 0x00, 0x00,
    0x00, 0x00, 0x00, 0x00, 0x00, 0x00, 0x00, 0x00, 0x00, 0x00, 0x00, 0x00, 0x00, 0x00, 0x00, 0x00,
    0x00, 0x00, 0x00, 0x00, 0x00, 0x00, 0x00, 0x00, 0x00, 0x00, 0x00, 0x00, 0x00, 0x00, 0x00, 0x00,
    0x00, 0x00, 0x00, 0x00, 0x00, 0x00, 0x00, 0x00, 0x00, 0x00, 0x00, 0x00, 0x00, 0x00, 0x00, 0x00,
    0x00, 0x00, 0x00, 0x00, 0x00, 0x00, 0x00, 0x00, 0x00, 0x00, 0x00, 0x00, 0x00, 0x00, 0x00, 0x00,
    0x00, 0x00, 0x00, 0x00, 0x00, 0x00, 0x00, 0x00, 0x00, 0x00, 0x00, 0x00, 0x00, 0x00, 0x00, 0x00,
    0x00, 0x00, 0x00, 0x00, 0x00, 0x00, 0x00, 0x00, 0x00, 0x00, 0x00, 0x00, 0x00, 0x00, 0x00, 0x00,
    0x00, 0x00, 0x00, 0x00, 0x00, 0x00, 0x00, 0x00, 0x00, 0x00, 0x00, 0x00, 0x00, 0x00, 0x00, 0x00,
    0x00, 0x00, 0x00, 0x00, 0x00, 0x00, 0x00, 0x00, 0x00, 0x00, 0x00, 0x00, 0x00, 0x00, 0x00, 0x00,
    0x00, 0x00, 0x00, 0x00, 0x00, 0x00, 0x00, 0x00, 0x00, 0x00, 0x00, 0x00, 0x00, 0x00, 0x00, 0x00,
    0x00, 0x00, 0x00, 0x00, 0x00, 0x00, 0x00, 0x00, 0x00, 0x00, 0x00, 0x00, 0x00, 0x00, 0x00, 0x00,
    0x00, 0x00, 0x00, 0x00, 0x00, 0x00, 0x00, 0x00, 0x00, 0x00, 0x00, 0x00, 0x00, 0x00, 0x00, 0x00,
    0x00, 0x00, 0x00, 0x00, 0x00, 0x00, 0x00, 0x00, 0x00, 0x00, 0x00, 0x00, 0x00, 0x00, 0x00, 0x00,
    0x00, 0x00, 0x00, 0x00, 0xa2, 0x10, 0x50, 0x8c, 0xfb, 0xe6, 0x18, 0xc6, 0xcb, 0x5a, 0x82, 0x10,
    0xc3, 0x18, 0x08, 0x42, 0xcb, 0x5a, 0x8a, 0x52, 0x6a, 0x52, 0x0d, 0x63, 0x09, 0x42, 0x04, 0x21,
    0x86, 0x31, 0x72, 0x8c, 0xdb, 0xde, 0x54, 0xad, 0x86, 0x31, 0x00, 0x00, 0x00, 0x00, 0x00, 0x00,
    0x00, 0x00, 0x00, 0x00, 0x00, 0x00, 0x00, 0x00, 0x00, 0x00, 0x00, 0x00, 0x00, 0x00, 0x00, 0x00,
    0x00, 0x00, 0x00, 0x00, 0x00, 0x00, 0x00, 0x00, 0x00, 0x00, 0x00, 0x00, 0x00, 0x00, 0x00, 0x00,
    0x00, 0x00, 0x00, 0x00, 0x00, 0x00, 0x00, 0x00, 0x00, 0x00, 0x00, 0x00, 0x00, 0x00, 0x00, 0x00,
    0x00, 0x00, 0x00, 0x00, 0x00, 0x00, 0x00, 0x00, 0x00, 0x00, 0x00, 0x00, 0x00, 0x00, 0x00, 0x00,
    0x00, 0x00, 0x00, 0x00, 0x00, 0x00, 0x00, 0x00, 0x00, 0x00, 0x00, 0x00, 0x00, 0x00, 0x00, 0x00,
    0x00, 0x00, 0x00, 0x00, 0x00, 0x00, 0x00, 0x00, 0x00, 0x00, 0x00, 0x00, 0x00, 0x00, 0x00, 0x00,
    0x00, 0x00, 0x00, 0x00, 0x00, 0x00, 0x00, 0x00, 0x00, 0x00, 0x00, 0x00, 0x00, 0x00, 0x00, 0x00,
    0x00, 0x00, 0x00, 0x00, 0x00, 0x00, 0x00, 0x00, 0x00, 0x00, 0x00, 0x00, 0x00, 0x00, 0x00, 0x00,
    0x00, 0x00, 0x00, 0x00, 0x00, 0x00, 0x00, 0x00, 0x00, 0x00, 0x00, 0x00, 0x00, 0x00, 0x00, 0x00,
    0x00, 0x00, 0x00, 0x00, 0x00, 0x00, 0x00, 0x00, 0x00, 0x00, 0x00, 0x00, 0x00, 0x00, 0x00, 0x00,
    0x00, 0x00, 0x00, 0x00, 0x00, 0x00, 0x00, 0x00, 0x00, 0x00, 0x00, 0x00, 0x00, 0x00, 0x00, 0x00,
    0x00, 0x00, 0x00, 0x00, 0x00, 0x00, 0x00, 0x00, 0x00, 0x00, 0x00, 0x00, 0x00, 0x00, 0x00, 0x00,
    0x00, 0x00, 0x00, 0x00, 0x00, 0x00, 0x00, 0x00, 0x00, 0x00, 0x00, 0x00, 0x00, 0x00, 0x00, 0x00,
    0x00, 0x00, 0x00, 0x00, 0x00, 0x00, 0x00, 0x00, 0x00, 0x00, 0x00, 0x00, 0x00, 0x00, 0x00, 0x00,
    0x00, 0x00, 0x00, 0x00, 0x00, 0x00, 0x00, 0x00, 0x00, 0x00, 0x00, 0x00, 0x00, 0x00, 0x00, 0x00,
    0x00, 0x00, 0x00, 0x00, 0x00, 0x00, 0x00, 0x00, 0x00, 0x00, 0x00, 0x00, 0x00, 0x00, 0x00, 0x00,
    0x00, 0x00, 0x00, 0x00, 0x00, 0x00, 0x00, 0x00, 0x00, 0x00, 0x00, 0x00, 0x00, 0x00, 0x00, 0x00,
    0x00, 0x00, 0x00, 0x00, 0x00, 0x00, 0x00, 0x00, 0x00, 0x00, 0x00, 0x00, 0x00, 0x00, 0x00, 0x00,
    0x00, 0x00, 0x00, 0x00, 0x00, 0x00, 0x00, 0x00, 0x00, 0x00, 0x00, 0x00, 0x00, 0x00, 0x00, 0x00,
    0x00, 0x00, 0x00, 0x00, 0x00, 0x00, 0x00, 0x00, 0x00, 0x00, 0x00, 0x00, 0x00, 0x00, 0x00, 0x00,
    0x00, 0x00, 0x00, 0x00, 0x00, 0x00, 0x00, 0x00, 0x00, 0x00, 0x00, 0x00, 0x00, 0x00, 0x00, 0x00,
    0x00, 0x00, 0x00, 0x00, 0x00, 0x00, 0x00, 0x00, 0x00, 0x00, 0x00, 0x00, 0x00, 0x00, 0x00, 0x00,
    0x61, 0x08, 0xef, 0x7b, 0xfb, 0xde, 0xb6, 0xb5, 0x28, 0x42, 0x41, 0x08, 0x04, 0x21, 0x4a, 0x4a,
    0xcc, 0x5a, 0xab, 0x5a, 0xab, 0x5a, 0x49, 0x4a, 0x29, 0x4a, 0xec, 0x62, 0xec, 0x5a, 0x0d, 0x63,
    0x6a, 0x52, 0x25, 0x29, 0x45, 0x29, 0x31, 0x84, 0xbb, 0xd6, 0x34, 0xa5, 0x24, 0x21, 0x00, 0x00,
    0x00, 0x00, 0x00, 0x00, 0x00, 0x00, 0x00, 0x00, 0x00, 0x00, 0x00, 0x00, 0x00, 0x00, 0x00, 0x00,
    0x00, 0x00, 0x00, 0x00, 0x00, 0x00, 0x00, 0x00, 0x00, 0x00, 0x00, 0x00, 0x00, 0x00, 0x00, 0x00,
    0x00, 0x00, 0x00, 0x00, 0x00, 0x00, 0x00, 0x00, 0x00, 0x00, 0x00, 0x00, 0x00, 0x00, 0x00, 0x00,
    0x00, 0x00, 0x00, 0x00, 0x00, 0x00, 0x00, 0x00, 0x00, 0x00, 0x00, 0x00, 0x00, 0x00, 0x00, 0x00,
    0x00, 0x00, 0x00, 0x00, 0x00, 0x00, 0x00, 0x00, 0x00, 0x00, 0x00, 0x00, 0x00, 0x00, 0x00, 0x00,
    0x00, 0x00, 0x00, 0x00, 0x00, 0x00, 0x00, 0x00, 0x00, 0x00, 0x00, 0x00, 0x00, 0x00, 0x00, 0x00,
    0x00, 0x00, 0x00, 0x00, 0x00, 0x00, 0x00, 0x00, 0x00, 0x00, 0x00, 0x00, 0x00, 0x00, 0x00, 0x00,
    0x00, 0x00, 0x00, 0x00, 0x00, 0x00, 0x00, 0x00, 0x00, 0x00, 0x00, 0x00, 0x00, 0x00, 0x00, 0x00,
    0x00, 0x00, 0x00, 0x00, 0x00, 0x00, 0x00, 0x00, 0x00, 0x00, 0x00, 0x00, 0x00, 0x00, 0x00, 0x00,
    0x00, 0x00, 0x00, 0x00, 0x00, 0x00, 0x00, 0x00, 0x00, 0x00, 0x00, 0x00, 0x00, 0x00, 0x00, 0x00,
    0x00, 0x00, 0x00, 0x00, 0x00, 0x00, 0x00, 0x00, 0x00, 0x00, 0x00, 0x00, 0x00, 0x00, 0x00, 0x00,
    0x00, 0x00, 0x00, 0x00, 0x00, 0x00, 0x00, 0x00, 0x00, 0x00, 0x00, 0x00, 0x00, 0x00, 0x00, 0x00,
    0x00, 0x00, 0x00, 0x00, 0x00, 0x00, 0x00, 0x00, 0x00, 0x00, 0x00, 0x00, 0x00, 0x00, 0x00, 0x00,
    0x00, 0x00, 0x00, 0x00, 0x00, 0x00, 0x00, 0x00, 0x00, 0x00, 0x00, 0x00, 0x00, 0x00, 0x00, 0x00,
    0x00, 0x00, 0x00, 0x00, 0x00, 0x00, 0x00, 0x00, 0x00, 0x00, 0x00, 0x00, 0x00, 0x00, 0x00, 0x00,
    0x00, 0x00, 0x00, 0x00, 0x00, 0x00, 0x00, 0x00, 0x00, 0x00, 0x00, 0x00, 0x00, 0x00, 0x00, 0x00,
    0x00, 0x00, 0x00, 0x00, 0x00, 0x00, 0x00, 0x00, 0x00, 0x00, 0x00, 0x00, 0x00, 0x00, 0x00, 0x00,
    0x00, 0x00, 0x00, 0x00, 0x00, 0x00, 0x00, 0x00, 0x00, 0x00, 0x00, 0x00, 0x00, 0x00, 0x00, 0x00,
    0x00, 0x00, 0x00, 0x00, 0x00, 0x00, 0x00, 0x00, 0x00, 0x00, 0x00, 0x00, 0x00, 0x00, 0x00, 0x00,
    0x00, 0x00, 0x00, 0x00, 0x00, 0x00, 0x00, 0x00, 0x00, 0x00, 0x00, 0x00, 0x00, 0x00, 0x00, 0x00,
    0x00, 0x00, 0x00, 0x00, 0x00, 0x00, 0x00, 0x00, 0x00, 0x00, 0x00, 0x00, 0x00, 0x00, 0x00, 0x00,
    0x00, 0x00, 0x00, 0x00, 0x00, 0x00, 0x00, 0x00, 0x00, 0x00, 0x00, 0x00, 0x00, 0x00, 0x0c, 0x63,
    0xdb, 0xde, 0x38, 0xc6, 0x08, 0x42, 0x00, 0x00, 0x04, 0x21, 0x69, 0x4a, 0xab, 0x5a, 0x8b, 0x52,
    0x6b, 0x52, 0x8b, 0x52, 0xab, 0x5a, 0x49, 0x4a, 0x29, 0x4a, 0xec, 0x62, 0xab, 0x5a, 0xab, 0x5a,
    0xcc, 0x5a, 0xec, 0x62, 0x6a, 0x52, 0x25, 0x29, 0x45, 0x29, 0x51, 0x8c, 0xdb, 0xde, 0xb2, 0x94,
    0xa2, 0x10, 0x00, 0x00, 0x00, 0x00, 0x00, 0x00, 0x00, 0x00, 0x00, 0x00, 0x00, 0x00, 0x00, 0x00,
    0x00, 0x00, 0x00, 0x00, 0x00, 0x00, 0x00, 0x00, 0x00, 0x00, 0x00, 0x00, 0x00, 0x00, 0x00, 0x00,
    0x00, 0x00, 0x00, 0x00, 0x00, 0x00, 0x00, 0x00, 0x00, 0x00, 0x00, 0x00, 0x00, 0x00, 0x00, 0x00,
    0x00, 0x00, 0x00, 0x00, 0x00, 0x00, 0x00, 0x00, 0x00, 0x00, 0x00, 0x00, 0x00, 0x00, 0x00, 0x00,
    0x00, 0x00, 0x00, 0x00, 0x00, 0x00, 0x00, 0x00, 0x00, 0x00, 0x00, 0x00, 0x00, 0x00, 0x00, 0x00,
    0x00, 0x00, 0x00, 0x00, 0x00, 0x00, 0x00, 0x00, 0x00, 0x00, 0x00, 0x00, 0x00, 0x00, 0x00, 0x00,
    0x00, 0x00, 0x00, 0x00, 0x00, 0x00, 0x00, 0x00, 0x00, 0x00, 0x00, 0x00, 0x00, 0x00, 0x00, 0x00,
    0x00, 0x00, 0x00, 0x00, 0x00, 0x00, 0x00, 0x00, 0x00, 0x00, 0x00, 0x00, 0x00, 0x00, 0x00, 0x00,
    0x00, 0x00, 0x00, 0x00, 0x00, 0x00, 0x00, 0x00, 0x00, 0x00, 0x00, 0x00, 0x00, 0x00, 0x00, 0x00,
    0x00, 0x00, 0x00, 0x00, 0x00, 0x00, 0x00, 0x00, 0x00, 0x00, 0x00, 0x00, 0x00, 0x00, 0x00, 0x00,
    0x00, 0x00, 0x00, 0x00, 0x00, 0x00, 0x00, 0x00, 0x00, 0x00, 0x00, 0x00, 0x00, 0x00, 0x00, 0x00,
    0x00, 0x00, 0x00, 0x00, 0x00, 0x00, 0x00, 0x00, 0x00, 0x00, 0x00, 0x00, 0x00, 0x00, 0x00, 0x00,
    0x00, 0x00, 0x00, 0x00, 0x00, 0x00, 0x00, 0x00, 0x00, 0x00, 0x00, 0x00, 0x00, 0x00, 0x00, 0x00,
    0x00, 0x00, 0x00, 0x00, 0x00, 0x00, 0x00, 0x00, 0x00, 0x00, 0x00, 0x00, 0x00, 0x00, 0x00, 0x00,
    0x00, 0x00, 0x00, 0x00, 0x00, 0x00, 0x00, 0x00, 0x00, 0x00, 0x00, 0x00, 0x00, 0x00, 0x00, 0x00,
    0x00, 0x00, 0x00, 0x00, 0x00, 0x00, 0x00, 0x00, 0x00, 0x00, 0x00, 0x00, 0x00, 0x00, 0x00, 0x00,
    0x00, 0x00, 0x00, 0x00, 0x00, 0x00, 0x00, 0x00, 0x00, 0x00, 0x00, 0x00, 0x00, 0x00, 0x00, 0x00,
    0x00, 0x00, 0x00, 0x00, 0x00, 0x00, 0x00, 0x00, 0x00, 0x00, 0x00, 0x00, 0x00, 0x00, 0x00, 0x00,
    0x00, 0x00, 0x00, 0x00, 0x00, 0x00, 0x00, 0x00, 0x00, 0x00, 0x00, 0x00, 0x00, 0x00, 0x00, 0x00,
    0x00, 0x00, 0x00, 0x00, 0x00, 0x00, 0x00, 0x00, 0x00, 0x00, 0x00, 0x00, 0x00, 0x00, 0x00, 0x00,
    0x00, 0x00, 0x00, 0x00, 0x00, 0x00, 0x00, 0x00, 0x00, 0x00, 0x00, 0x00, 0x00, 0x00, 0x00, 0x00,
    0x00, 0x00, 0x00, 0x00, 0x00, 0x00, 0x00, 0x00, 0x00, 0x00, 0x49, 0x4a, 0x38, 0xc6, 0x9a, 0xd6,
    0xcb, 0x52, 0x00, 0x00, 0xc3, 0x18, 0x4a, 0x4a, 0xab, 0x5a, 0x6a, 0x52, 0x6a, 0x52, 0x8a, 0x52,
    0x8b, 0x52, 0x8b, 0x52, 0xab, 0x5a, 0x49, 0x4a, 0x29, 0x4a, 0xec, 0x62, 0xcc, 0x5a, 0xcc, 0x5a,
    0xcc, 0x5a, 0xab, 0x5a, 0xcc, 0x5a, 0xec, 0x62, 0x49, 0x4a, 0x04, 0x21, 0xa7, 0x39, 0x55, 0xad,
    0xfb, 0xde, 0x6d, 0x6b, 0x00, 0x00, 0x00, 0x00, 0x00, 0x00, 0x00, 0x00, 0x00, 0x00, 0x00, 0x00,
    0x00, 0x00, 0x00, 0x00, 0x00, 0x00, 0x00, 0x00, 0x00, 0x00, 0x00, 0x00, 0x00, 0x00, 0x00, 0x00,
    0x00, 0x00, 0x00, 0x00, 0x00, 0x00, 0x00, 0x00, 0x00, 0x00, 0x00, 0x00, 0x00, 0x00, 0x00, 0x00,
    0x00, 0x00, 0x00, 0x00, 0x00, 0x00, 0x00, 0x00, 0x00, 0x00, 0x00, 0x00, 0x00, 0x00, 0x00, 0x00,
    0x00, 0x00, 0x00, 0x00, 0x00, 0x00, 0x00, 0x00, 0x00, 0x00, 0x00, 0x00, 0x00, 0x00, 0x00, 0x00,
    0x00, 0x00, 0x00, 0x00, 0x00, 0x00, 0x00, 0x00, 0x00, 0x00, 0x00, 0x00, 0x00, 0x00, 0x00, 0x00,
    0x00, 0x00, 0x00, 0x00, 0x00, 0x00, 0x00, 0x00, 0x00, 0x00, 0x00, 0x00, 0x00, 0x00, 0x00, 0x00,
    0x00, 0x00, 0x00, 0x00, 0x00, 0x00, 0x00, 0x00, 0x00, 0x00, 0x00, 0x00, 0x00, 0x00, 0x00, 0x00,
    0x00, 0x00, 0x00, 0x00, 0x00, 0x00, 0x00, 0x00, 0x00, 0x00, 0x00, 0x00, 0x00, 0x00, 0x00, 0x00,
    0x00, 0x00, 0x00, 0x00, 0x00, 0x00, 0x00, 0x00, 0x00, 0x00, 0x00, 0x00, 0x00, 0x00, 0x00, 0x00,
    0x00, 0x00, 0x00, 0x00, 0x00, 0x00, 0x00, 0x00, 0x00, 0x00, 0x00, 0x00, 0x00, 0x00, 0x00, 0x00,
    0x00, 0x00, 0x00, 0x00, 0x00, 0x00, 0x00, 0x00, 0x00, 0x00, 0x00, 0x00, 0x00, 0x00, 0x00, 0x00,
    0x00, 0x00, 0x00, 0x00, 0x00, 0x00, 0x00, 0x00, 0x00, 0x00, 0x00, 0x00, 0x00, 0x00, 0x00, 0x00,
    0x00, 0x00, 0x00, 0x00, 0x00, 0x00, 0x00, 0x00, 0x00, 0x00, 0x00, 0x00, 0x00, 0x00, 0x00, 0x00,
    0x00, 0x00, 0x00, 0x00, 0x00, 0x00, 0x00, 0x00, 0x00, 0x00, 0x00, 0x00, 0x00, 0x00, 0x00, 0x00,
    0x00, 0x00, 0x00, 0x00, 0x00, 0x00, 0x00, 0x00, 0x00, 0x00, 0x00, 0x00, 0x00, 0x00, 0x00, 0x00,
    0x00, 0x00, 0x00, 0x00, 0x00, 0x00, 0x00, 0x00, 0x00, 0x00, 0x00, 0x00, 0x00, 0x00, 0x00, 0x00,
    0x00, 0x00, 0x00, 0x00, 0x00, 0x00, 0x00, 0x00, 0x00, 0x00, 0x00, 0x00, 0x00, 0x00, 0x00, 0x00,
    0x00, 0x00, 0x00, 0x00, 0x00, 0x00, 0x00, 0x00, 0x00, 0x00, 0x00, 0x00, 0x00, 0x00, 0x00, 0x00,
    0x00, 0x00, 0x00, 0x00, 0x00, 0x00, 0x00, 0x00, 0x00, 0x00, 0x00, 0x00, 0x00, 0x00, 0x00, 0x00,
    0x00, 0x00, 0x00, 0x00, 0x00, 0x00, 0x00, 0x00, 0x00, 0x00, 0x00, 0x00, 0x00, 0x00, 0x00, 0x00,
    0x00, 0x00, 0x00, 0x00, 0x00, 0x00, 0xc3, 0x18, 0x34, 0xa5, 0xfb, 0xde, 0xae, 0x73, 0x20, 0x00,
    0x00, 0x00, 0xe8, 0x39, 0x8b, 0x52, 0x6a, 0x52, 0x4a, 0x52, 0x6a, 0x52, 0x6a, 0x52, 0x8a, 0x52,
    0x8b, 0x52, 0x8b, 0x52, 0xab, 0x5a, 0x29, 0x4a, 0x29, 0x4a, 0xec, 0x62, 0xcc, 0x5a, 0xcc, 0x5a,
    0xcc, 0x5a, 0xab, 0x5a, 0xab, 0x5a, 0x8b, 0x52, 0xab, 0x5a, 0xcb, 0x5a, 0x08, 0x42, 0xa3, 0x18,
    0x6a, 0x52, 0x9a, 0xd6, 0x59, 0xce, 0xa6, 0x31, 0x00, 0x00, 0x00, 0x00, 0x00, 0x00, 0x00, 0x00,
    0x00, 0x00, 0x00, 0x00, 0x00, 0x00, 0x00, 0x00, 0x00, 0x00, 0x00, 0x00, 0x00, 0x00, 0x00, 0x00,
    0x00, 0x00, 0x00, 0x00, 0x00, 0x00, 0x00, 0x00, 0x00, 0x00, 0x00, 0x00, 0x00, 0x00, 0x00, 0x00,
    0x00, 0x00, 0x00, 0x00, 0x00, 0x00, 0x00, 0x00, 0x00, 0x00, 0x00, 0x00, 0x00, 0x00, 0x00, 0x00,
    0x00, 0x00, 0x00, 0x00, 0x00, 0x00, 0x00, 0x00, 0x00, 0x00, 0x00, 0x00, 0x00, 0x00, 0x00, 0x00,
    0x00, 0x00, 0x00, 0x00, 0x00, 0x00, 0x00, 0x00, 0x00, 0x00, 0x00, 0x00, 0x00, 0x00, 0x00, 0x00,
    0x00, 0x00, 0x00, 0x00, 0x00, 0x00, 0x00, 0x00, 0x00, 0x00, 0x00, 0x00, 0x00, 0x00, 0x00, 0x00,
    0x00, 0x00, 0x00, 0x00, 0x00, 0x00, 0x00, 0x00, 0x00, 0x00, 0x00, 0x00, 0x00, 0x00, 0x00, 0x00,
    0x00, 0x00, 0x00, 0x00, 0x00, 0x00, 0x00, 0x00, 0x00, 0x00, 0x00, 0x00, 0x00, 0x00, 0x00, 0x00,
    0x00, 0x00, 0x00, 0x00, 0x00, 0x00, 0x00, 0x00, 0x00, 0x00, 0x00, 0x00, 0x00, 0x00, 0x00, 0x00,
    0x00, 0x00, 0x00, 0x00, 0x00, 0x00, 0x00, 0x00, 0x00, 0x00, 0x00, 0x00, 0x00, 0x00, 0x00, 0x00,
    0x00, 0x00, 0x00, 0x00, 0x00, 0x00, 0x00, 0x00, 0x00, 0x00, 0x00, 0x00, 0x00, 0x00, 0x00, 0x00,
    0x00, 0x00, 0x00, 0x00, 0x00, 0x00, 0x00, 0x00, 0x00, 0x00, 0x00, 0x00, 0x00, 0x00, 0x00, 0x00,
    0x00, 0x00, 0x00, 0x00, 0x00, 0x00, 0x00, 0x00, 0x00, 0x00, 0x00, 0x00, 0x00, 0x00, 0x00, 0x00,
    0x00, 0x00, 0x00, 0x00, 0x00, 0x00, 0x00, 0x00, 0x00, 0x00, 0x00, 0x00, 0x00, 0x00, 0x00, 0x00,
    0x00, 0x00, 0x00, 0x00, 0x00, 0x00, 0x00, 0x00, 0x00, 0x00, 0x00, 0x00, 0x00, 0x00, 0x00, 0x00,
    0x00, 0x00, 0x00, 0x00, 0x00, 0x00, 0x00, 0x00, 0x00, 0x00, 0x00, 0x00, 0x00, 0x00, 0x00, 0x00,
    0x00, 0x00, 0x00, 0x00, 0x00, 0x00, 0x00, 0x00, 0x00, 0x00, 0x00, 0x00, 0x00, 0x00, 0x00, 0x00,
    0x00, 0x00, 0x00, 0x00, 0x00, 0x00, 0x00, 0x00, 0x00, 0x00, 0x00, 0x00, 0x00, 0x00, 0x00, 0x00,
    0x00, 0x00, 0x00, 0x00, 0x00, 0x00, 0x00, 0x00, 0x00, 0x00, 0x00, 0x00, 0x00, 0x00, 0x00, 0x00,
    0x00, 0x00, 0x00, 0x00, 0x00, 0x00, 0x00, 0x00, 0x00, 0x00, 0x00, 0x00, 0x00, 0x00, 0x00, 0x00,
    0x00, 0x00, 0x00, 0x00, 0x6d, 0x6b, 0xfb, 0xde, 0xf4, 0x9c, 0xc3, 0x18, 0x00, 0x00, 0x04, 0x21,
    0x49, 0x4a, 0x6a, 0x52, 0x49, 0x4a, 0x4a, 0x4a, 0x4a, 0x52, 0x6a, 0x52, 0x6a, 0x52, 0x8a, 0x52,
    0x8b, 0x52, 0x8b, 0x52, 0xab, 0x5a, 0x29, 0x4a, 0x29, 0x4a, 0xec, 0x62, 0xcc, 0x5a, 0xcc, 0x5a,
    0xac, 0x5a, 0xab, 0x5a, 0xab, 0x5a, 0xab, 0x5a, 0xab, 0x5a, 0x8b, 0x52, 0xab, 0x5a, 0xab, 0x52,
    0x66, 0x29, 0xa3, 0x10, 0xcf, 0x7b, 0x3c, 0xe7, 0x71, 0x8c, 0x20, 0x00, 0x00, 0x00, 0x00, 0x00,
    0x00, 0x00, 0x00, 0x00, 0x00, 0x00, 0x00, 0x00, 0x00, 0x00, 0x00, 0x00, 0x00, 0x00, 0x00, 0x00,
    0x00, 0x00, 0x00, 0x00, 0x00, 0x00, 0x00, 0x00, 0x00, 0x00, 0x00, 0x00, 0x00, 0x00, 0x00, 0x00,
    0x00, 0x00, 0x00, 0x00, 0x00, 0x00, 0x00, 0x00, 0x00, 0x00, 0x00, 0x00, 0x00, 0x00, 0x00, 0x00,
    0x00, 0x00, 0x00, 0x00, 0x00, 0x00, 0x00, 0x00, 0x00, 0x00, 0x00, 0x00, 0x00, 0x00, 0x00, 0x00,
    0x00, 0x00, 0x00, 0x00, 0x00, 0x00, 0x00, 0x00, 0x00, 0x00, 0x00, 0x00, 0x00, 0x00, 0x00, 0x00,
    0x00, 0x00, 0x00, 0x00, 0x00, 0x00, 0x00, 0x00, 0x00, 0x00, 0x00, 0x00, 0x00, 0x00, 0x00, 0x00,
    0x00, 0x00, 0x00, 0x00, 0x00, 0x00, 0x00, 0x00, 0x00, 0x00, 0x00, 0x00, 0x00, 0x00, 0x00, 0x00,
    0x00, 0x00, 0x00, 0x00, 0x00, 0x00, 0x00, 0x00, 0x00, 0x00, 0x00, 0x00, 0x00, 0x00, 0x00, 0x00,
    0x00, 0x00, 0x00, 0x00, 0x00, 0x00, 0x00, 0x00, 0x00, 0x00, 0x00, 0x00, 0x00, 0x00, 0x00, 0x00,
    0x00, 0x00, 0x00, 0x00, 0x00, 0x00, 0x00, 0x00, 0x00, 0x00, 0x00, 0x00, 0x00, 0x00, 0x00, 0x00,
    0x00, 0x00, 0x00, 0x00, 0x00, 0x00, 0x00, 0x00, 0x00, 0x00, 0x00, 0x00, 0x00, 0x00, 0x00, 0x00,
    0x00, 0x00, 0x00, 0x00, 0x00, 0x00, 0x00, 0x00, 0x00, 0x00, 0x00, 0x00, 0x00, 0x00, 0x00, 0x00,
    0x00, 0x00, 0x00, 0x00, 0x00, 0x00, 0x00, 0x00, 0x00, 0x00, 0x00, 0x00, 0x00, 0x00, 0x00, 0x00,
    0x00, 0x00, 0x00, 0x00, 0x00, 0x00, 0x00, 0x00, 0x00, 0x00, 0x00, 0x00, 0x00, 0x00, 0x00, 0x00,
    0x00, 0x00, 0x00, 0x00, 0x00, 0x00, 0x00, 0x00, 0x00, 0x00, 0x00, 0x00, 0x00, 0x00, 0x00, 0x00,
    0x00, 0x00, 0x00, 0x00, 0x00, 0x00, 0x00, 0x00, 0x00, 0x00, 0x00, 0x00, 0x00, 0x00, 0x00, 0x00,
    0x00, 0x00, 0x00, 0x00, 0x00, 0x00, 0x00, 0x00, 0x00, 0x00, 0x00, 0x00, 0x00, 0x00, 0x00, 0x00,
    0x00, 0x00, 0x00, 0x00, 0x00, 0x00, 0x00, 0x00, 0x00, 0x00, 0x00, 0x00, 0x00, 0x00, 0x00, 0x00,
    0x00, 0x00, 0x00, 0x00, 0x00, 0x00, 0x00, 0x00, 0x00, 0x00, 0x00, 0x00, 0x00, 0x00, 0x00, 0x00,
    0x00, 0x00, 0x00, 0x00, 0x00, 0x00, 0x00, 0x00, 0x00, 0x00, 0x00, 0x00, 0x00, 0x00, 0x00, 0x00,
    0x82, 0x10, 0x96, 0xb5, 0x9a, 0xd6, 0x29, 0x42, 0x00, 0x00, 0x00, 0x00, 0x66, 0x31, 0x4a, 0x52,
    0x49, 0x4a, 0x49, 0x4a, 0x4a, 0x4a, 0x4a, 0x52, 0x6a, 0x52, 0x6a, 0x52, 0x8a, 0x52, 0x8a, 0x52,
    0x8b, 0x52, 0x8b, 0x52, 0xcb, 0x5a, 0x29, 0x4a, 0x29, 0x4a, 0xec, 0x62, 0xcc, 0x5a, 0xcc, 0x5a,
    0xac, 0x5a, 0xab, 0x5a, 0xab, 0x5a, 0xab, 0x5a, 0xab, 0x5a, 0x8b, 0x52, 0x8b, 0x52, 0x6a, 0x52,
    0xab, 0x52, 0x29, 0x42, 0x41, 0x08, 0x45, 0x29, 0x18, 0xc6, 0x59, 0xce, 0x45, 0x29, 0x00, 0x00,
    0x00, 0x00, 0x00, 0x00, 0x00, 0x00, 0x00, 0x00, 0x00, 0x00, 0x00, 0x00, 0x00, 0x00, 0x00, 0x00,
    0x00, 0x00, 0x00, 0x00, 0x00, 0x00, 0x00, 0x00, 0x00, 0x00, 0x00, 0x00, 0x00, 0x00, 0x00, 0x00,
    0x00, 0x00, 0x00, 0x00, 0x00, 0x00, 0x00, 0x00, 0x00, 0x00, 0x00, 0x00, 0x00, 0x00, 0x00, 0x00,
    0x00, 0x00, 0x00, 0x00, 0x00, 0x00, 0x00, 0x00, 0x00, 0x00, 0x00, 0x00, 0x00, 0x00, 0x00, 0x00,
    0x00, 0x00, 0x00, 0x00, 0x00, 0x00, 0x00, 0x00, 0x00, 0x00, 0x00, 0x00, 0x00, 0x00, 0x00, 0x00,
    0x00, 0x00, 0x00, 0x00, 0x00, 0x00, 0x00, 0x00, 0x00, 0x00, 0x00, 0x00, 0x00, 0x00, 0x00, 0x00,
    0x00, 0x00, 0x00, 0x00, 0x00, 0x00, 0x00, 0x00, 0x00, 0x00, 0x00, 0x00, 0x00, 0x00, 0x00, 0x00,
    0x00, 0x00, 0x00, 0x00, 0x00, 0x00, 0x00, 0x00, 0x00, 0x00, 0x00, 0x00, 0x00, 0x00, 0x00, 0x00,
    0x00, 0x00, 0x00, 0x00, 0x00, 0x00, 0x00, 0x00, 0x00, 0x00, 0x00, 0x00, 0x00, 0x00, 0x00, 0x00,
    0x00, 0x00, 0x00, 0x00, 0x00, 0x00, 0x00, 0x00, 0x00, 0x00, 0x00, 0x00, 0x00, 0x00, 0x00, 0x00,
    0x00, 0x00, 0x00, 0x00, 0x00, 0x00, 0x00, 0x00, 0x00, 0x00, 0x00, 0x00, 0x00, 0x00, 0x00, 0x00,
    0x00, 0x00, 0x00, 0x00, 0x00, 0x00, 0x00, 0x00, 0x00, 0x00, 0x00, 0x00, 0x00, 0x00, 0x00, 0x00,
    0x00, 0x00, 0x00, 0x00, 0x00, 0x00, 0x00, 0x00, 0x00, 0x00, 0x00, 0x00, 0x00, 0x00, 0x00, 0x00,
    0x00, 0x00, 0x00, 0x00, 0x00, 0x00, 0x00, 0x00, 0x00, 0x00, 0x00, 0x00, 0x00, 0x00, 0x00, 0x00,
    0x00, 0x00, 0x00, 0x00, 0x00, 0x00, 0x00, 0x00, 0x00, 0x00, 0x00, 0x00, 0x00, 0x00, 0x00, 0x00,
    0x00, 0x00, 0x00, 0x00, 0x00, 0x00, 0x00, 0x00, 0x00, 0x00, 0x00, 0x00, 0x00, 0x00, 0x00, 0x00,
    0x00, 0x00, 0x00, 0x00, 0x00, 0x00, 0x00, 0x00, 0x00, 0x00, 0x00, 0x00, 0x00, 0x00, 0x00, 0x00,
    0x00, 0x00, 0x00, 0x00, 0x00, 0x00, 0x00, 0x00, 0x00, 0x00, 0x00, 0x00, 0x00, 0x00, 0x00, 0x00,
    0x00, 0x00, 0x00, 0x00, 0x00, 0x00, 0x00, 0x00, 0x00, 0x00, 0x00, 0x00, 0x00, 0x00, 0x00, 0x00,
    0x00, 0x00, 0x00, 0x00, 0x00, 0x00, 0x00, 0x00, 0x00, 0x00, 0x20, 0x00, 0x00, 0x00, 0x45, 0x29,
    0xbb, 0xde, 0x14, 0xa5, 0x41, 0x08, 0x00, 0x00, 0x82, 0x10, 0xa7, 0x31, 0x29, 0x4a, 0x29, 0x4a,
    0x29, 0x4a, 0x49, 0x4a, 0x4a, 0x4a, 0x4a, 0x52, 0x6a, 0x52, 0x6a, 0x52, 0x6a, 0x52, 0x8a, 0x52,
    0x8b, 0x52, 0x8b, 0x52, 0xcb, 0x5a, 0x29, 0x4a, 0x29, 0x4a, 0xec, 0x62, 0xcb, 0x5a, 0xcc, 0x5a,
    0xcc, 0x5a, 0xab, 0x5a, 0xab, 0x5a, 0xab, 0x5a, 0xab, 0x5a, 0x8b, 0x52, 0x8b, 0x52, 0x8a, 0x52,
    0x6a, 0x52, 0x6a, 0x52, 0x6a, 0x52, 0xe4, 0x20, 0x00, 0x00, 0x31, 0x8c, 0x3d, 0xe7, 0x28, 0x42,
    0x00, 0x00, 0x00, 0x00, 0x00, 0x00, 0x00, 0x00, 0x00, 0x00, 0x00, 0x00, 0x00, 0x00, 0x00, 0x00,
    0x00, 0x00, 0x00, 0x00, 0x00, 0x00, 0x00, 0x00, 0x00, 0x00, 0x00, 0x00, 0x00, 0x00, 0x00, 0x00,
    0x00, 0x00, 0x00, 0x00, 0x00, 0x00, 0x00, 0x00, 0x00, 0x00, 0x00, 0x00, 0x00, 0x00, 0x00, 0x00,
    0x00, 0x00, 0x00, 0x00, 0x00, 0x00, 0x00, 0x00, 0x00, 0x00, 0x00, 0x00, 0x00, 0x00, 0x00, 0x00,
    0x00, 0x00, 0x00, 0x00, 0x00, 0x00, 0x00, 0x00, 0x00, 0x00, 0x00, 0x00, 0x00, 0x00, 0x00, 0x00,
    0x00, 0x00, 0x00, 0x00, 0x00, 0x00, 0x00, 0x00, 0x00, 0x00, 0x00, 0x00, 0x00, 0x00, 0x00, 0x00,
    0x00, 0x00, 0x00, 0x00, 0x00, 0x00, 0x00, 0x00, 0x00, 0x00, 0x00, 0x00, 0x00, 0x00, 0x00, 0x00,
    0x00, 0x00, 0x00, 0x00, 0x00, 0x00, 0x00, 0x00, 0x00, 0x00, 0x00, 0x00, 0x00, 0x00, 0x00, 0x00,
    0x00, 0x00, 0x00, 0x00, 0x00, 0x00, 0x00, 0x00, 0x00, 0x00, 0x00, 0x00, 0x00, 0x00, 0x00, 0x00,
    0x00, 0x00, 0x00, 0x00, 0x00, 0x00, 0x00, 0x00, 0x00, 0x00, 0x00, 0x00, 0x00, 0x00, 0x00, 0x00,
    0x00, 0x00, 0x00, 0x00, 0x00, 0x00, 0x00, 0x00, 0x00, 0x00, 0x00, 0x00, 0x00, 0x00, 0x00, 0x00,
    0x00, 0x00, 0x00, 0x00, 0x00, 0x00, 0x00, 0x00, 0x00, 0x00, 0x00, 0x00, 0x00, 0x00, 0x00, 0x00,
    0x00, 0x00, 0x00, 0x00, 0x00, 0x00, 0x00, 0x00, 0x00, 0x00, 0x00, 0x00, 0x00, 0x00, 0x00, 0x00,
    0x00, 0x00, 0x00, 0x00, 0x00, 0x00, 0x00, 0x00, 0x00, 0x00, 0x00, 0x00, 0x00, 0x00, 0x00, 0x00,
    0x00, 0x00, 0x00, 0x00, 0x00, 0x00, 0x00, 0x00, 0x00, 0x00, 0x00, 0x00, 0x00, 0x00, 0x00, 0x00,
    0x00, 0x00, 0x00, 0x00, 0x00, 0x00, 0x00, 0x00, 0x00, 0x00, 0x00, 0x00, 0x00, 0x00, 0x00, 0x00,
    0x00, 0x00, 0x00, 0x00, 0x00, 0x00, 0x00, 0x00, 0x00, 0x00, 0x00, 0x00, 0x00, 0x00, 0x00, 0x00,
    0x00, 0x00, 0x00, 0x00, 0x00, 0x00, 0x00, 0x00, 0x00, 0x00, 0x00, 0x00, 0x00, 0x00, 0x00, 0x00,
    0x00, 0x00, 0x00, 0x00, 0x00, 0x00, 0x00, 0x00, 0x00, 0x00, 0x00, 0x00, 0x00, 0x00, 0x00, 0x00,
    0x00, 0x00, 0x00, 0x00, 0x00, 0x00, 0x00, 0x00, 0x00, 0x00, 0x00, 0x00, 0xe7, 0x39, 0x1c, 0xe7,
    0x8e, 0x73, 0x00, 0x00, 0x00, 0x00, 0xc3, 0x18, 0xc7, 0x39, 0x09, 0x42, 0x09, 0x42, 0x29, 0x4a,
    0x29, 0x4a, 0x49, 0x4a, 0x4a, 0x4a, 0x4a, 0x4a, 0x6a, 0x52, 0x6a, 0x52, 0x6a, 0x52, 0x8a, 0x52,
    0x8b, 0x52, 0x8b, 0x52, 0xab, 0x5a, 0x49, 0x4a, 0x29, 0x4a, 0xec, 0x62, 0xcb, 0x5a, 0xcc, 0x5a,
    0xcc, 0x5a, 0xac, 0x5a, 0xab, 0x5a, 0xab, 0x5a, 0x8b, 0x52, 0x8b, 0x52, 0x8b, 0x52, 0x6a, 0x52,
    0x6a, 0x52, 0x4a, 0x4a, 0x2a, 0x4a, 0x6a, 0x52, 0x46, 0x29, 0x00, 0x00, 0xab, 0x5a, 0x1c, 0xe7,
    0xeb, 0x62, 0x00, 0x00, 0x00, 0x00, 0x00, 0x00, 0x00, 0x00, 0x00, 0x00, 0x00, 0x00, 0x00, 0x00,
    0x00, 0x00, 0x00, 0x00, 0x00, 0x00, 0x00, 0x00, 0x00, 0x00, 0x00, 0x00, 0x00, 0x00, 0x00, 0x00,
    0x00, 0x00, 0x00, 0x00, 0x00, 0x00, 0x00, 0x00, 0x00, 0x00, 0x00, 0x00, 0x00, 0x00, 0x00, 0x00,
    0x00, 0x00, 0x00, 0x00, 0x00, 0x00, 0x00, 0x00, 0x00, 0x00, 0x00, 0x00, 0x00, 0x00, 0x00, 0x00,
    0x00, 0x00, 0x00, 0x00, 0x00, 0x00, 0x00, 0x00, 0x00, 0x00, 0x00, 0x00, 0x00, 0x00, 0x00, 0x00,
    0x00, 0x00, 0x00, 0x00, 0x00, 0x00, 0x00, 0x00, 0x00, 0x00, 0x00, 0x00, 0x00, 0x00, 0x00, 0x00,
    0x00, 0x00, 0x00, 0x00, 0x00, 0x00, 0x00, 0x00, 0x00, 0x00, 0x00, 0x00, 0x00, 0x00, 0x00, 0x00,
    0x00, 0x00, 0x00, 0x00, 0x00, 0x00, 0x00, 0x00, 0x00, 0x00, 0x00, 0x00, 0x00, 0x00, 0x00, 0x00,
    0x00, 0x00, 0x00, 0x00, 0x00, 0x00, 0x00, 0x00, 0x00, 0x00, 0x00, 0x00, 0x00, 0x00, 0x00, 0x00,
    0x00, 0x00, 0x00, 0x00, 0x00, 0x00, 0x00, 0x00, 0x00, 0x00, 0x00, 0x00, 0x00, 0x00, 0x00, 0x00,
    0x00, 0x00, 0x00, 0x00, 0x00, 0x00, 0x00, 0x00, 0x00, 0x00, 0x00, 0x00, 0x00, 0x00, 0x00, 0x00,
    0x00, 0x00, 0x00, 0x00, 0x00, 0x00, 0x00, 0x00, 0x00, 0x00, 0x00, 0x00, 0x00, 0x00, 0x00, 0x00,
    0x00, 0x00, 0x00, 0x00, 0x00, 0x00, 0x00, 0x00, 0x00, 0x00, 0x00, 0x00, 0x00, 0x00, 0x00, 0x00,
    0x00, 0x00, 0x00, 0x00, 0x00, 0x00, 0x00, 0x00, 0x00, 0x00, 0x00, 0x00, 0x00, 0x00, 0x00, 0x00,
    0x00, 0x00, 0x00, 0x00, 0x00, 0x00, 0x00, 0x00, 0x00, 0x00, 0x00, 0x00, 0x00, 0x00, 0x00, 0x00,
    0x00, 0x00, 0x00, 0x00, 0x00, 0x00, 0x00, 0x00, 0x00, 0x00, 0x00, 0x00, 0x00, 0x00, 0x00, 0x00,
    0x00, 0x00, 0x00, 0x00, 0x00, 0x00, 0x00, 0x00, 0x00, 0x00, 0x00, 0x00, 0x00, 0x00, 0x00, 0x00,
    0x00, 0x00, 0x00, 0x00, 0x00, 0x00, 0x00, 0x00, 0x00, 0x00, 0x00, 0x00, 0x00, 0x00, 0x00, 0x00,
    0x00, 0x00, 0x00, 0x00, 0x00, 0x00, 0x00, 0x00, 0x00, 0x00, 0x00, 0x00, 0x00, 0x00, 0x00, 0x00,
    0x00, 0x00, 0x00, 0x00, 0x00, 0x00, 0x41, 0x20, 0x00, 0x18, 0x69, 0x5a, 0x1c, 0xe7, 0xcc, 0x5a,
    0x00, 0x00, 0x20, 0x00, 0xe4, 0x18, 0xe8, 0x41, 0xe8, 0x41, 0xe8, 0x41, 0x09, 0x42, 0x29, 0x4a,
    0x29, 0x4a, 0x49, 0x4a, 0x4a, 0x4a, 0x4a, 0x4a, 0x6a, 0x52, 0x6a, 0x52, 0x6a, 0x52, 0x8a, 0x52,
    0x8b, 0x52, 0x8b, 0x52, 0xab, 0x5a, 0x4a, 0x4a, 0x29, 0x4a, 0xec, 0x62, 0xcb, 0x5a, 0xcc, 0x5a,
    0xcc, 0x5a, 0xab, 0x5a, 0xab, 0x5a, 0xab, 0x5a, 0x8b, 0x52, 0x8b, 0x52, 0x8b, 0x52, 0x6a, 0x52,
    0x6a, 0x52, 0x6a, 0x52, 0x4a, 0x4a, 0x29, 0x4a, 0x6a, 0x4a, 0x46, 0x29, 0x00, 0x00, 0xe7, 0x39,
    0x3d, 0xe7, 0x6d, 0x73, 0x00, 0x10, 0x20, 0x10, 0x00, 0x00, 0x00, 0x00, 0x00, 0x00, 0x00, 0x00,
    0x00, 0x00, 0x00, 0x00, 0x00, 0x00, 0x00, 0x00, 0x00, 0x00, 0x00, 0x00, 0x00, 0x00, 0x00, 0x00,
    0x00, 0x00, 0x00, 0x00, 0x00, 0x00, 0x00, 0x00, 0x00, 0x00, 0x00, 0x00, 0x00, 0x00, 0x00, 0x00,
    0x00, 0x00, 0x00, 0x00, 0x00, 0x00, 0x00, 0x00, 0x00, 0x00, 0x00, 0x00, 0x00, 0x00, 0x00, 0x00,
    0x00, 0x00, 0x00, 0x00, 0x00, 0x00, 0x00, 0x00, 0x00, 0x00, 0x00, 0x00, 0x00, 0x00, 0x00, 0x00,
    0x00, 0x00, 0x00, 0x00, 0x00, 0x00, 0x00, 0x00, 0x00, 0x00, 0x00, 0x00, 0x00, 0x00, 0x00, 0x00,
    0x00, 0x00, 0x00, 0x00, 0x00, 0x00, 0x00, 0x00, 0x00, 0x00, 0x00, 0x00, 0x00, 0x00, 0x00, 0x00,
    0x00, 0x00, 0x00, 0x00, 0x00, 0x00, 0x00, 0x00, 0x00, 0x00, 0x00, 0x00, 0x00, 0x00, 0x00, 0x00,
    0x00, 0x00, 0x00, 0x00, 0x00, 0x00, 0x00, 0x00, 0x00, 0x00, 0x00, 0x00, 0x00, 0x00, 0x00, 0x00,
    0x00, 0x00, 0x00, 0x00, 0x00, 0x00, 0x00, 0x00, 0x00, 0x00, 0x00, 0x00, 0x00, 0x00, 0x00, 0x00,
    0x00, 0x00, 0x00, 0x00, 0x00, 0x00, 0x00, 0x00, 0x00, 0x00, 0x00, 0x00, 0x00, 0x00, 0x00, 0x00,
    0x00, 0x00, 0x00, 0x00, 0x00, 0x00, 0x00, 0x00, 0x00, 0x00, 0x00, 0x00, 0x00, 0x00, 0x00, 0x00,
    0x00, 0x00, 0x00, 0x00, 0x00, 0x00, 0x00, 0x00, 0x00, 0x00, 0x00, 0x00, 0x00, 0x00, 0x00, 0x00,
    0x00, 0x00, 0x00, 0x00, 0x00, 0x00, 0x00, 0x00, 0x00, 0x00, 0x00, 0x00, 0x00, 0x00, 0x00, 0x00,
    0x00, 0x00, 0x00, 0x00, 0x00, 0x00, 0x00, 0x00, 0x00, 0x00, 0x00, 0x00, 0x00, 0x00, 0x00, 0x00,
    0x00, 0x00, 0x00, 0x00, 0x00, 0x00, 0x00, 0x00, 0x00, 0x00, 0x00, 0x00, 0x00, 0x00, 0x00, 0x00,
    0x00, 0x00, 0x00, 0x00, 0x00, 0x00, 0x00, 0x00, 0x00, 0x00, 0x00, 0x00, 0x00, 0x00, 0x00, 0x00,
    0x00, 0x00, 0x00, 0x00, 0x00, 0x00, 0x00, 0x00, 0x00, 0x00, 0x00, 0x00, 0x00, 0x00, 0x00, 0x00,
    0x00, 0x00, 0x00, 0x00, 0x00, 0x00, 0x00, 0x00, 0x00, 0x00, 0x00, 0x00, 0x00, 0x00, 0x20, 0x08,
    0x41, 0x30, 0x83, 0x68, 0xe4, 0x88, 0xa3, 0x98, 0xeb, 0xa2, 0x1c, 0xef, 0x6a, 0x4a, 0x00, 0x00,
    0x20, 0x00, 0x04, 0x21, 0x08, 0x42, 0xe8, 0x41, 0xe8, 0x41, 0xe9, 0x41, 0x09, 0x42, 0x29, 0x4a,
    0x29, 0x4a, 0x49, 0x4a, 0x4a, 0x4a, 0x4a, 0x4a, 0x6a, 0x52, 0x6a, 0x52, 0x8a, 0x52, 0x8a, 0x52,
    0x8b, 0x52, 0x8b, 0x52, 0xab, 0x5a, 0x49, 0x4a, 0x29, 0x4a, 0xec, 0x62, 0xcb, 0x5a, 0xcc, 0x5a,
    0xcc, 0x5a, 0xab, 0x5a, 0xab, 0x5a, 0xab, 0x5a, 0xab, 0x5a, 0x8b, 0x52, 0x8b, 0x52, 0x6a, 0x52,
    0x6a, 0x52, 0x6a, 0x52, 0x4a, 0x4a, 0x29, 0x4a, 0x29, 0x4a, 0x29, 0x42, 0xa3, 0x10, 0x00, 0x00,
    0xc7, 0x39, 0x5d, 0xef, 0x4d, 0xab, 0x63, 0x90, 0xc4, 0x88, 0x82, 0x60, 0x61, 0x30, 0x20, 0x10,
    0x00, 0x00, 0x00, 0x00, 0x00, 0x00, 0x00, 0x00, 0x00, 0x00, 0x00, 0x00, 0x00, 0x00, 0x00, 0x00,
    0x00, 0x00, 0x00, 0x00, 0x00, 0x00, 0x00, 0x00, 0x00, 0x00, 0x00, 0x00, 0x00, 0x00, 0x00, 0x00,
    0x00, 0x00, 0x00, 0x00, 0x00, 0x00, 0x00, 0x00, 0x00, 0x00, 0x00, 0x00, 0x00, 0x00, 0x00, 0x00,
    0x00, 0x00, 0x00, 0x00, 0x00, 0x00, 0x00, 0x00, 0x00, 0x00, 0x00, 0x00, 0x00, 0x00, 0x00, 0x00,
    0x00, 0x00, 0x00, 0x00, 0x00, 0x00, 0x00, 0x00, 0x00, 0x00, 0x00, 0x00, 0x00, 0x00, 0x00, 0x00,
    0x00, 0x00, 0x00, 0x00, 0x00, 0x00, 0x00, 0x00, 0x00, 0x00, 0x00, 0x00, 0x00, 0x00, 0x00, 0x00,
    0x00, 0x00, 0x00, 0x00, 0x00, 0x00, 0x00, 0x00, 0x00, 0x00, 0x00, 0x00, 0x00, 0x00, 0x00, 0x00,
    0x00, 0x00, 0x00, 0x00, 0x00, 0x00, 0x00, 0x00, 0x00, 0x00, 0x00, 0x00, 0x00, 0x00, 0x00, 0x00,
    0x00, 0x00, 0x00, 0x00, 0x00, 0x00, 0x00, 0x00, 0x00, 0x00, 0x00, 0x00, 0x00, 0x00, 0x00, 0x00,
    0x00, 0x00, 0x00, 0x00, 0x00, 0x00, 0x00, 0x00, 0x00, 0x00, 0x00, 0x00, 0x00, 0x00, 0x00, 0x00,
    0x00, 0x00, 0x00, 0x00, 0x00, 0x00, 0x00, 0x00, 0x00, 0x00, 0x00, 0x00, 0x00, 0x00, 0x00, 0x00,
    0x00, 0x00, 0x00, 0x00, 0x00, 0x00, 0x00, 0x00, 0x00, 0x00, 0x00, 0x00, 0x00, 0x00, 0x00, 0x00,
    0x00, 0x00, 0x00, 0x00, 0x00, 0x00, 0x00, 0x00, 0x00, 0x00, 0x00, 0x00, 0x00, 0x00, 0x00, 0x00,
    0x00, 0x00, 0x00, 0x00, 0x00, 0x00, 0x00, 0x00, 0x00, 0x00, 0x00, 0x00, 0x00, 0x00, 0x00, 0x00,
    0x00, 0x00, 0x00, 0x00, 0x00, 0x00, 0x00, 0x00, 0x00, 0x00, 0x00, 0x00, 0x00, 0x00, 0x00, 0x00,
    0x00, 0x00, 0x00, 0x00, 0x00, 0x00, 0x00, 0x00, 0x00, 0x00, 0x00, 0x00, 0x00, 0x00, 0x00, 0x00,
    0x00, 0x00, 0x00, 0x00, 0x00, 0x00, 0x00, 0x00, 0x00, 0x00, 0x00, 0x00, 0x00, 0x00, 0x00, 0x00,
    0x00, 0x00, 0x00, 0x00, 0x00, 0x00, 0x00, 0x00, 0x00, 0x08, 0x61, 0x30, 0xa2, 0x68, 0xc4, 0xa0,
    0xc5, 0xb8, 0xe5, 0xc0, 0x83, 0xc0, 0xe8, 0xa9, 0xdb, 0xee, 0x8a, 0x52, 0x00, 0x00, 0x21, 0x00,
    0x62, 0x08, 0xe8, 0x41, 0xe8, 0x41, 0xe8, 0x41, 0xe8, 0x41, 0xe8, 0x41, 0x09, 0x42, 0x29, 0x4a,
    0x49, 0x4a, 0x49, 0x4a, 0x4a, 0x4a, 0x4a, 0x4a, 0x6a, 0x52, 0x6a, 0x52, 0x8b, 0x52, 0x8a, 0x52,
    0x8b, 0x52, 0x8b, 0x52, 0xab, 0x5a, 0x4a, 0x52, 0x29, 0x4a, 0xec, 0x62, 0xcc, 0x5a, 0xcb, 0x5a,
    0xcb, 0x5a, 0xab, 0x5a, 0xab, 0x5a, 0xab, 0x5a, 0xab, 0x5a, 0x8b, 0x52, 0x8a, 0x52, 0x6a, 0x52,
    0x6a, 0x52, 0x6a, 0x52, 0x4a, 0x4a, 0x49, 0x4a, 0x29, 0x4a, 0x49, 0x4a, 0x25, 0x29, 0x21, 0x08,
    0x00, 0x00, 0x49, 0x42, 0xdb, 0xf6, 0x08, 0xba, 0x83, 0xb8, 0xc5, 0xc0, 0xc5, 0xb8, 0xc4, 0xa0,
    0xa2, 0x70, 0x41, 0x30, 0x00, 0x08, 0x00, 0x00, 0x00, 0x00, 0x00, 0x00, 0x00, 0x00, 0x00, 0x00,
    0x00, 0x00, 0x00, 0x00, 0x00, 0x00, 0x00, 0x00, 0x00, 0x00, 0x00, 0x00, 0x00, 0x00, 0x00, 0x00,
    0x00, 0x00, 0x00, 0x00, 0x00, 0x00, 0x00, 0x00, 0x00, 0x00, 0x00, 0x00, 0x00, 0x00, 0x00, 0x00,
    0x00, 0x00, 0x00, 0x00, 0x00, 0x00, 0x00, 0x00, 0x00, 0x00, 0x00, 0x00, 0x00, 0x00, 0x00, 0x00,
    0x00, 0x00, 0x00, 0x00, 0x00, 0x00, 0x00, 0x00, 0x00, 0x00, 0x00, 0x00, 0x00, 0x00, 0x00, 0x00,
    0x00, 0x00, 0x00, 0x00, 0x00, 0x00, 0x00, 0x00, 0x00, 0x00, 0x00, 0x00, 0x00, 0x00, 0x00, 0x00,
    0x00, 0x00, 0x00, 0x00, 0x00, 0x00, 0x00, 0x00, 0x00, 0x00, 0x00, 0x00, 0x00, 0x00, 0x00, 0x00,
    0x00, 0x00, 0x00, 0x00, 0x00, 0x00, 0x00, 0x00, 0x00, 0x00, 0x00, 0x00, 0x00, 0x00, 0x00, 0x00,
    0x00, 0x00, 0x00, 0x00, 0x00, 0x00, 0x00, 0x00, 0x00, 0x00, 0x00, 0x00, 0x00, 0x00, 0x00, 0x00,
    0x00, 0x00, 0x00, 0x00, 0x00, 0x00, 0x00, 0x00, 0x00, 0x00, 0x00, 0x00, 0x00, 0x00, 0x00, 0x00,
    0x00, 0x00, 0x00, 0x00, 0x00, 0x00, 0x00, 0x00, 0x00, 0x00, 0x00, 0x00, 0x00, 0x00, 0x00, 0x00,
    0x00, 0x00, 0x00, 0x00, 0x00, 0x00, 0x00, 0x00, 0x00, 0x00, 0x00, 0x00, 0x00, 0x00, 0x00, 0x00,
    0x00, 0x00, 0x00, 0x00, 0x00, 0x00, 0x00, 0x00, 0x00, 0x00, 0x00, 0x00, 0x00, 0x00, 0x00, 0x00,
    0x00, 0x00, 0x00, 0x00, 0x00, 0x00, 0x00, 0x00, 0x00, 0x00, 0x00, 0x00, 0x00, 0x00, 0x00, 0x00,
    0x00, 0x00, 0x00, 0x00, 0x00, 0x00, 0x00, 0x00, 0x00, 0x00, 0x00, 0x00, 0x00, 0x00, 0x00, 0x00,
    0x00, 0x00, 0x00, 0x00, 0x00, 0x00, 0x00, 0x00, 0x00, 0x00, 0x00, 0x00, 0x00, 0x00, 0x00, 0x00,
    0x00, 0x00, 0x00, 0x00, 0x00, 0x00, 0x00, 0x00, 0x00, 0x00, 0x00, 0x00, 0x00, 0x00, 0x00, 0x00,
    0x00, 0x00, 0x00, 0x00, 0x41, 0x28, 0x82, 0x60, 0xc4, 0x90, 0xc4, 0xb8, 0xc5, 0xc0, 0xa4, 0xc0,
    0xa4, 0xc0, 0x84, 0xc0, 0xe4, 0xa0, 0x59, 0xee, 0x8f, 0x73, 0x00, 0x00, 0x41, 0x08, 0x00, 0x00,
    0x45, 0x29, 0xe8, 0x41, 0xc8, 0x39, 0xe8, 0x41, 0xe8, 0x41, 0xe8, 0x41, 0x09, 0x42, 0x29, 0x4a,
    0x49, 0x4a, 0x49, 0x4a, 0x4a, 0x4a, 0x4a, 0x4a, 0x6a, 0x52, 0x6a, 0x52, 0x8a, 0x52, 0x8a, 0x52,
    0x8b, 0x52, 0x8b, 0x52, 0xab, 0x5a, 0x6a, 0x52, 0x29, 0x4a, 0xec, 0x62, 0xcc, 0x5a, 0xcb, 0x5a,
    0xcb, 0x5a, 0xab, 0x5a, 0xab, 0x5a, 0xab, 0x5a, 0xab, 0x5a, 0x8a, 0x52, 0x8a, 0x52, 0x8a, 0x52,
    0x6a, 0x52, 0x6a, 0x52, 0x4a, 0x4a, 0x4a, 0x4a, 0x29, 0x4a, 0x29, 0x4a, 0xc7, 0x39, 0x41, 0x08,
    0x62, 0x08, 0x00, 0x00, 0x4d, 0x6b, 0x79, 0xee, 0x04, 0xa9, 0x83, 0xb8, 0xa3, 0xc0, 0xa4, 0xc0,
    0xc4, 0xc0, 0xc4, 0xb8, 0xc4, 0x98, 0x82, 0x58, 0x40, 0x28, 0x00, 0x00, 0x00, 0x00, 0x00, 0x00,
    0x00, 0x00, 0x00, 0x00, 0x00, 0x00, 0x00, 0x00, 0x00, 0x00, 0x00, 0x00, 0x00, 0x00, 0x00, 0x00,
    0x00, 0x00, 0x00, 0x00, 0x00, 0x00, 0x00, 0x00, 0x00, 0x00, 0x00, 0x00, 0x00, 0x00, 0x00, 0x00,
    0x00, 0x00, 0x00, 0x00, 0x00, 0x00, 0x00, 0x00, 0x00, 0x00, 0x00, 0x00, 0x00, 0x00, 0x00, 0x00,
    0x00, 0x00, 0x00, 0x00, 0x00, 0x00, 0x00, 0x00, 0x00, 0x00, 0x00, 0x00, 0x00, 0x00, 0x00, 0x00,
    0x00, 0x00, 0x00, 0x00, 0x00, 0x00, 0x00, 0x00, 0x00, 0x00, 0x00, 0x00, 0x00, 0x00, 0x00, 0x00,
    0x00, 0x00, 0x00, 0x00, 0x00, 0x00, 0x00, 0x00, 0x00, 0x00, 0x00, 0x00, 0x00, 0x00, 0x00, 0x00,
    0x00, 0x00, 0x00, 0x00, 0x00, 0x00, 0x00, 0x00, 0x00, 0x00, 0x00, 0x00, 0x00, 0x00, 0x00, 0x00,
    0x00, 0x00, 0x00, 0x00, 0x00, 0x00, 0x00, 0x00, 0x00, 0x00, 0x00, 0x00, 0x00, 0x00, 0x00, 0x00,
    0x00, 0x00, 0x00, 0x00, 0x00, 0x00, 0x00, 0x00, 0x00, 0x00, 0x00, 0x00, 0x00, 0x00, 0x00, 0x00,
    0x00, 0x00, 0x00, 0x00, 0x00, 0x00, 0x00, 0x00, 0x00, 0x00, 0x00, 0x00, 0x00, 0x00, 0x00, 0x00,
    0x00, 0x00, 0x00, 0x00, 0x00, 0x00, 0x00, 0x00, 0x00, 0x00, 0x00, 0x00, 0x00, 0x00, 0x00, 0x00,
    0x00, 0x00, 0x00, 0x00, 0x00, 0x00, 0x00, 0x00, 0x00, 0x00, 0x00, 0x00, 0x00, 0x00, 0x00, 0x00,
    0x00, 0x00, 0x00, 0x00, 0x00, 0x00, 0x00, 0x00, 0x00, 0x00, 0x00, 0x00, 0x00, 0x00, 0x00, 0x00,
    0x00, 0x00, 0x00, 0x00, 0x00, 0x00, 0x00, 0x00, 0x00, 0x00, 0x00, 0x00, 0x00, 0x00, 0x00, 0x00,
    0x00, 0x00, 0x00, 0x00, 0x00, 0x00, 0x00, 0x00, 0x00, 0x00, 0x00, 0x00, 0x00, 0x00, 0x00, 0x00,
    0x00, 0x00, 0x00, 0x00, 0x00, 0x00, 0x00, 0x00, 0x00, 0x00, 0x00, 0x00, 0x00, 0x00, 0x20, 0x10,
    0x61, 0x38, 0xa3, 0x60, 0xc4, 0xa8, 0xa3, 0xc0, 0xa3, 0xc0, 0xa3, 0xc0, 0xa4, 0xb8, 0xa4, 0xc0,
    0xc5, 0xc0, 0x62, 0xa8, 0xf4, 0xdc, 0x35, 0xad, 0x00, 0x00, 0x21, 0x08, 0x01, 0x00, 0x62, 0x08,
    0xe8, 0x39, 0xe8, 0x41, 0xc8, 0x39, 0xe8, 0x39, 0xe8, 0x41, 0xe8, 0x41, 0x09, 0x42, 0x29, 0x4a,
    0x49, 0x4a, 0x49, 0x4a, 0x4a, 0x4a, 0x4a, 0x4a, 0x4a, 0x52, 0x6a, 0x52, 0x8a, 0x52, 0x8a, 0x52,
    0x8b, 0x52, 0x8b, 0x52, 0xab, 0x5a, 0x6a, 0x52, 0x29, 0x4a, 0xec, 0x62, 0xcc, 0x5a, 0xcb, 0x5a,
    0xcb, 0x5a, 0xab, 0x5a, 0xab, 0x5a, 0xab, 0x5a, 0xab, 0x5a, 0x8b, 0x52, 0x8a, 0x52, 0x8a, 0x52,
    0x6a, 0x52, 0x6a, 0x52, 0x4a, 0x4a, 0x49, 0x4a, 0x29, 0x4a, 0x09, 0x42, 0x29, 0x42, 0xa3, 0x10,
    0x21, 0x00, 0x41, 0x08, 0x00, 0x00, 0xf4, 0x9c, 0x14, 0xdd, 0x41, 0xb0, 0xc4, 0xc0, 0xa4, 0xc0,
    0xa4, 0xb8, 0xa4, 0xc0, 0xa4, 0xc0, 0xc4, 0xc0, 0xc4, 0xa8, 0xa3, 0x78, 0x62, 0x40, 0x20, 0x10,
    0x00, 0x00, 0x00, 0x00, 0x00, 0x00, 0x00, 0x00, 0x00, 0x00, 0x00, 0x00, 0x00, 0x00, 0x00, 0x00,
    0x00, 0x00, 0x00, 0x00, 0x00, 0x00, 0x00, 0x00, 0x00, 0x00, 0x00, 0x00, 0x00, 0x00, 0x00, 0x00,
    0x00, 0x00, 0x00, 0x00, 0x00, 0x00, 0x00, 0x00, 0x00, 0x00, 0x00, 0x00, 0x00, 0x00, 0x00, 0x00,
    0x00, 0x00, 0x00, 0x00, 0x00, 0x00, 0x00, 0x00, 0x00, 0x00, 0x00, 0x00, 0x00, 0x00, 0x00, 0x00,
    0x00, 0x00, 0x00, 0x00, 0x00, 0x00, 0x00, 0x00, 0x00, 0x00, 0x00, 0x00, 0x00, 0x00, 0x00, 0x00,
    0x00, 0x00, 0x00, 0x00, 0x00, 0x00, 0x00, 0x00, 0x00, 0x00, 0x00, 0x00, 0x00, 0x00, 0x00, 0x00,
    0x00, 0x00, 0x00, 0x00, 0x00, 0x00, 0x00, 0x00, 0x00, 0x00, 0x00, 0x00, 0x00, 0x00, 0x00, 0x00,
    0x00, 0x00, 0x00, 0x00, 0x00, 0x00, 0x00, 0x00, 0x00, 0x00, 0x00, 0x00, 0x00, 0x00, 0x00, 0x00,
    0x00, 0x00, 0x00, 0x00, 0x00, 0x00, 0x00, 0x00, 0x00, 0x00, 0x00, 0x00, 0x00, 0x00, 0x00, 0x00,
    0x00, 0x00, 0x00, 0x00, 0x00, 0x00, 0x00, 0x00, 0x00, 0x00, 0x00, 0x00, 0x00, 0x00, 0x00, 0x00,
    0x00, 0x00, 0x00, 0x00, 0x00, 0x00, 0x00, 0x00, 0x00, 0x00, 0x00, 0x00, 0x00, 0x00, 0x00, 0x00,
    0x00, 0x00, 0x00, 0x00, 0x00, 0x00, 0x00, 0x00, 0x00, 0x00, 0x00, 0x00, 0x00, 0x00, 0x00, 0x00,
    0x00, 0x00, 0x00, 0x00, 0x00, 0x00, 0x00, 0x00, 0x00, 0x00, 0x00, 0x00, 0x00, 0x00, 0x00, 0x00,
    0x00, 0x00, 0x00, 0x00, 0x00, 0x00, 0x00, 0x00, 0x00, 0x00, 0x00, 0x00, 0x00, 0x00, 0x00, 0x00,
    0x00, 0x00, 0x00, 0x00, 0x00, 0x00, 0x00, 0x00, 0x00, 0x00, 0x00, 0x00, 0x00, 0x00, 0x00, 0x00,
    0x00, 0x00, 0x00, 0x00, 0x00, 0x00, 0x00, 0x00, 0x00, 0x00, 0x20, 0x10, 0x82, 0x58, 0xe4, 0xa0,
    0xc5, 0xb0, 0x62, 0x80, 0x83, 0xa0, 0xa3, 0xc0, 0xa4, 0xc0, 0xa4, 0xc0, 0xa4, 0xc0, 0xa4, 0xc0,
    0x63, 0xb8, 0xca, 0xba, 0xba, 0xde, 0xc4, 0x18, 0x00, 0x00, 0x21, 0x08, 0x00, 0x00, 0xe4, 0x18,
    0xe8, 0x41, 0xc8, 0x39, 0xc8, 0x39, 0xe8, 0x39, 0xe8, 0x39, 0xe8, 0x41, 0xe8, 0x41, 0x29, 0x4a,
    0x29, 0x4a, 0x49, 0x4a, 0x4a, 0x4a, 0x4a, 0x4a, 0x6a, 0x52, 0x6a, 0x52, 0x6a, 0x52, 0x6a, 0x52,
    0x8b, 0x52, 0x8b, 0x5a, 0xab, 0x5a, 0x6a, 0x52, 0x29, 0x4a, 0xec, 0x62, 0xcb, 0x5a, 0xcb, 0x5a,
    0xcb, 0x5a, 0xab, 0x5a, 0xab, 0x5a, 0xab, 0x5a, 0xab, 0x5a, 0xab, 0x52, 0x8a, 0x52, 0x8a, 0x52,
    0x8a, 0x52, 0x6a, 0x52, 0x4a, 0x4a, 0x49, 0x4a, 0x29, 0x4a, 0x09, 0x42, 0x29, 0x4a, 0x25, 0x21,
    0x20, 0x00, 0x41, 0x08, 0x21, 0x00, 0x82, 0x10, 0x59, 0xd6, 0xcb, 0xc2, 0x42, 0xb8, 0xa4, 0xc0,
    0xa4, 0xc0, 0xa4, 0xc0, 0xa4, 0xb8, 0x83, 0xb8, 0x84, 0xc0, 0xa4, 0xc0, 0xc4, 0xb8, 0xe3, 0x90,
    0x82, 0x50, 0x20, 0x08, 0x00, 0x00, 0x00, 0x00, 0x00, 0x00, 0x00, 0x00, 0x00, 0x00, 0x00, 0x00,
    0x00, 0x00, 0x00, 0x00, 0x00, 0x00, 0x00, 0x00, 0x00, 0x00, 0x00, 0x00, 0x00, 0x00, 0x00, 0x00,
    0x00, 0x00, 0x00, 0x00, 0x00, 0x00, 0x00, 0x00, 0x00, 0x00, 0x00, 0x00, 0x00, 0x00, 0x00, 0x00,
    0x00, 0x00, 0x00, 0x00, 0x00, 0x00, 0x00, 0x00, 0x00, 0x00, 0x00, 0x00, 0x00, 0x00, 0x00, 0x00,
    0x00, 0x00, 0x00, 0x00, 0x00, 0x00, 0x00, 0x00, 0x00, 0x00, 0x00, 0x00, 0x00, 0x00, 0x00, 0x00,
    0x00, 0x00, 0x00, 0x00, 0x00, 0x00, 0x00, 0x00, 0x00, 0x00, 0x00, 0x00, 0x00, 0x00, 0x00, 0x00,
    0x00, 0x00, 0x00, 0x00, 0x00, 0x00, 0x00, 0x00, 0x00, 0x00, 0x00, 0x00, 0x00, 0x00, 0x00, 0x00,
    0x00, 0x00, 0x00, 0x00, 0x00, 0x00, 0x00, 0x00, 0x00, 0x00, 0x00, 0x00, 0x00, 0x00, 0x00, 0x00,
    0x00, 0x00, 0x00, 0x00, 0x00, 0x00, 0x00, 0x00, 0x00, 0x00, 0x00, 0x00, 0x00, 0x00, 0x00, 0x00,
    0x00, 0x00, 0x00, 0x00, 0x00, 0x00, 0x00, 0x00, 0x00, 0x00, 0x00, 0x00, 0x00, 0x00, 0x00, 0x00,
    0x00, 0x00, 0x00, 0x00, 0x00, 0x00, 0x00, 0x00, 0x00, 0x00, 0x00, 0x00, 0x00, 0x00, 0x00, 0x00,
    0x00, 0x00, 0x00, 0x00, 0x00, 0x00, 0x00, 0x00, 0x00, 0x00, 0x00, 0x00, 0x00, 0x00, 0x00, 0x00,
    0x00, 0x00, 0x00, 0x00, 0x00, 0x00, 0x00, 0x00, 0x00, 0x00, 0x00, 0x00, 0x00, 0x00, 0x00, 0x00,
    0x00, 0x00, 0x00, 0x00, 0x00, 0x00, 0x00, 0x00, 0x00, 0x00, 0x00, 0x00, 0x00, 0x00, 0x00, 0x00,
    0x00, 0x00, 0x00, 0x00, 0x00, 0x00, 0x00, 0x00, 0x00, 0x00, 0x00, 0x00, 0x00, 0x00, 0x00, 0x00,
    0x00, 0x00, 0x00, 0x00, 0x00, 0x00, 0x20, 0x10, 0x82, 0x60, 0xc4, 0xa0, 0xc4, 0xc0, 0x83, 0xb8,
    0x83, 0xc0, 0xa3, 0xa8, 0xa3, 0xa0, 0xa4, 0xb8, 0xa4, 0xc0, 0xa4, 0xc0, 0xa4, 0xc0, 0xa4, 0xc0,
    0xe4, 0xa8, 0x79, 0xee, 0x0c, 0x63, 0x00, 0x00, 0x41, 0x08, 0x01, 0x00, 0x01, 0x00, 0x66, 0x31,
    0xe8, 0x41, 0xc8, 0x39, 0xc8, 0x39, 0xc8, 0x39, 0xe8, 0x39, 0xe8, 0x41, 0xe8, 0x41, 0x29, 0x4a,
    0x49, 0x4a, 0x49, 0x4a, 0x4a, 0x4a, 0x4a, 0x4a, 0x6a, 0x52, 0x6a, 0x52, 0x6a, 0x52, 0x6a, 0x52,
    0x8a, 0x52, 0x8b, 0x5a, 0x8b, 0x5a, 0x6a, 0x52, 0x6a, 0x52, 0x0d, 0x63, 0x0c, 0x63, 0x0c, 0x63,
    0xcc, 0x62, 0xab, 0x5a, 0xcb, 0x5a, 0xab, 0x5a, 0xab, 0x5a, 0xab, 0x5a, 0x8b, 0x52, 0x8a, 0x52,
    0x8a, 0x52, 0x6a, 0x52, 0x49, 0x4a, 0x49, 0x4a, 0x29, 0x4a, 0x09, 0x42, 0x29, 0x42, 0xc7, 0x39,
    0x41, 0x08, 0x21, 0x00, 0x42, 0x08, 0x00, 0x00, 0x8a, 0x4a, 0x59, 0xee, 0xe4, 0xb0, 0xa4, 0xc0,
    0xa4, 0xc0, 0xa4, 0xc0, 0xa4, 0xc0, 0xa4, 0xc0, 0xa4, 0xc0, 0x83, 0xc0, 0xa3, 0xc0, 0xa4, 0xc0,
    0xc4, 0xb8, 0xc4, 0x98, 0x83, 0x50, 0x20, 0x10, 0x00, 0x00, 0x00, 0x00, 0x00, 0x00, 0x00, 0x00,
    0x00, 0x00, 0x00, 0x00, 0x00, 0x00, 0x00, 0x00, 0x00, 0x00, 0x00, 0x00, 0x00, 0x00, 0x00, 0x00,
    0x00, 0x00, 0x00, 0x00, 0x00, 0x00, 0x00, 0x00, 0x00, 0x00, 0x00, 0x00, 0x00, 0x00, 0x00, 0x00,
    0x00, 0x00, 0x00, 0x00, 0x00, 0x00, 0x00, 0x00, 0x00, 0x00, 0x00, 0x00, 0x00, 0x00, 0x00, 0x00,
    0x00, 0x00, 0x00, 0x00, 0x00, 0x00, 0x00, 0x00, 0x00, 0x00, 0x00, 0x00, 0x00, 0x00, 0x00, 0x00,
    0x00, 0x00, 0x00, 0x00, 0x00, 0x00, 0x00, 0x00, 0x00, 0x00, 0x00, 0x00, 0x00, 0x00, 0x00, 0x00,
    0x00, 0x00, 0x00, 0x00, 0x00, 0x00, 0x00, 0x00, 0x00, 0x00, 0x00, 0x00, 0x00, 0x00, 0x00, 0x00,
    0x00, 0x00, 0x00, 0x00, 0x00, 0x00, 0x00, 0x00, 0x00, 0x00, 0x00, 0x00, 0x00, 0x00, 0x00, 0x00,
    0x00, 0x00, 0x00, 0x00, 0x00, 0x00, 0x00, 0x00, 0x00, 0x00, 0x00, 0x00, 0x00, 0x00, 0x00, 0x00,
    0x00, 0x00, 0x00, 0x00, 0x00, 0x00, 0x00, 0x00, 0x00, 0x00, 0x00, 0x00, 0x00, 0x00, 0x00, 0x00,
    0x00, 0x00, 0x00, 0x00, 0x00, 0x00, 0x00, 0x00, 0x00, 0x00, 0x00, 0x00, 0x00, 0x00, 0x00, 0x00,
    0x00, 0x00, 0x00, 0x00, 0x00, 0x00, 0x00, 0x00, 0x00, 0x00, 0x00, 0x00, 0x00, 0x00, 0x00, 0x00,
    0x00, 0x00, 0x00, 0x00, 0x00, 0x00, 0x00, 0x00, 0x00, 0x00, 0x00, 0x00, 0x00, 0x00, 0x00, 0x00,
    0x00, 0x00, 0x00, 0x00, 0x00, 0x00, 0x00, 0x00, 0x00, 0x00, 0x00, 0x00, 0x00, 0x00, 0x00, 0x00,
    0x00, 0x00, 0x00, 0x00, 0x00, 0x00, 0x00, 0x00, 0x00, 0x00, 0x00, 0x00, 0x00, 0x00, 0x00, 0x00,
    0x00, 0x00, 0x20, 0x10, 0x82, 0x50, 0xc4, 0xa0, 0xc4, 0xc0, 0xa4, 0xc0, 0x84, 0xb8, 0x83, 0xb8,
    0x83, 0xb8, 0xa4, 0xc0, 0xa4, 0xb8, 0xa4, 0xb8, 0xa4, 0xc0, 0xa4, 0xb8, 0xa4, 0xc0, 0x42, 0xa8,
    0x10, 0xcc, 0xb7, 0xbd, 0x00, 0x00, 0x21, 0x08, 0x01, 0x00, 0x01, 0x00, 0x42, 0x08, 0xc7, 0x39,
    0xc8, 0x39, 0xc8, 0x39, 0xc8, 0x39, 0xc8, 0x39, 0xe8, 0x39, 0xe8, 0x41, 0xe8, 0x41, 0x09, 0x42,
    0x49, 0x4a, 0x49, 0x4a, 0x4a, 0x4a, 0x4a, 0x4a, 0x6a, 0x52, 0x6a, 0x52, 0x6a, 0x52, 0x6a, 0x52,
    0x8a, 0x52, 0x8b, 0x52, 0xab, 0x5a, 0x6a, 0x4a, 0xc7, 0x39, 0x08, 0x42, 0xc7, 0x39, 0x08, 0x42,
    0xab, 0x5a, 0xcc, 0x62, 0xcc, 0x5a, 0xab, 0x5a, 0xab, 0x5a, 0xab, 0x5a, 0x8b, 0x52, 0x8a, 0x52,
    0x6a, 0x52, 0x6a, 0x52, 0x4a, 0x4a, 0x49, 0x4a, 0x29, 0x4a, 0x09, 0x42, 0x09, 0x42, 0x08, 0x42,
    0x82, 0x10, 0x21, 0x00, 0x21, 0x08, 0x41, 0x08, 0x00, 0x00, 0x14, 0xa5, 0x31, 0xdc, 0x42, 0xb0,
    0xc4, 0xc0, 0xa4, 0xc0, 0xa4, 0xc0, 0xa4, 0xc0, 0x83, 0xb8, 0x83, 0xb8, 0xa4, 0xc0, 0xa4, 0xc0,
    0x83, 0xb8, 0x84, 0xc0, 0xc4, 0xc0, 0xc4, 0x98, 0x82, 0x50, 0x20, 0x08, 0x00, 0x00, 0x00, 0x00,
    0x00, 0x00, 0x00, 0x00, 0x00, 0x00, 0x00, 0x00, 0x00, 0x00, 0x00, 0x00, 0x00, 0x00, 0x00, 0x00,
    0x00, 0x00, 0x00, 0x00, 0x00, 0x00, 0x00, 0x00, 0x00, 0x00, 0x00, 0x00, 0x00, 0x00, 0x00, 0x00,
    0x00, 0x00, 0x00, 0x00, 0x00, 0x00, 0x00, 0x00, 0x00, 0x00, 0x00, 0x00, 0x00, 0x00, 0x00, 0x00,
    0x00, 0x00, 0x00, 0x00, 0x00, 0x00, 0x00, 0x00, 0x00, 0x00, 0x00, 0x00, 0x00, 0x00, 0x00, 0x00,
    0x00, 0x00, 0x00, 0x00, 0x00, 0x00, 0x00, 0x00, 0x00, 0x00, 0x00, 0x00, 0x00, 0x00, 0x00, 0x00,
    0x00, 0x00, 0x00, 0x00, 0x00, 0x00, 0x00, 0x00, 0x00, 0x00, 0x00, 0x00, 0x00, 0x00, 0x00, 0x00,
    0x00, 0x00, 0x00, 0x00, 0x00, 0x00, 0x00, 0x00, 0x00, 0x00, 0x00, 0x00, 0x00, 0x00, 0x00, 0x00,
    0x00, 0x00, 0x00, 0x00, 0x00, 0x00, 0x00, 0x00, 0x00, 0x00, 0x00, 0x00, 0x00, 0x00, 0x00, 0x00,
    0x00, 0x00, 0x00, 0x00, 0x00, 0x00, 0x00, 0x00, 0x00, 0x00, 0x00, 0x00, 0x00, 0x00, 0x00, 0x00,
    0x00, 0x00, 0x00, 0x00, 0x00, 0x00, 0x00, 0x00, 0x00, 0x00, 0x00, 0x00, 0x00, 0x00, 0x00, 0x00,
    0x00, 0x00, 0x00, 0x00, 0x00, 0x00, 0x00, 0x00, 0x00, 0x00, 0x00, 0x00, 0x00, 0x00, 0x00, 0x00,
    0x00, 0x00, 0x00, 0x00, 0x00, 0x00, 0x00, 0x00, 0x00, 0x00, 0x00, 0x00, 0x00, 0x00, 0x00, 0x00,
    0x00, 0x00, 0x00, 0x00, 0x00, 0x00, 0x00, 0x00, 0x00, 0x00, 0x00, 0x00, 0x00, 0x00, 0x00, 0x00,
    0x00, 0x00, 0x00, 0x00, 0x00, 0x00, 0x00, 0x00, 0x00, 0x00, 0x00, 0x00, 0x00, 0x00, 0x00, 0x08,
    0x82, 0x48, 0xe4, 0x98, 0xe4, 0xb8, 0x83, 0xb8, 0x83, 0xb8, 0xa4, 0xb8, 0xa4, 0xb8, 0xa4, 0xb8,
    0xa4, 0xc0, 0xa4, 0xc0, 0xa4, 0xc0, 0xa4, 0xb8, 0xa4, 0xc0, 0xa4, 0xc0, 0xa3, 0xc0, 0x66, 0xa9,
    0xba, 0xee, 0xe8, 0x39, 0x00, 0x00, 0x21, 0x08, 0x21, 0x00, 0x00, 0x00, 0xa3, 0x18, 0xe8, 0x39,
    0xc7, 0x39, 0xc8, 0x39, 0xc8, 0x39, 0xc8, 0x39, 0xc8, 0x39, 0xc8, 0x39, 0xc8, 0x39, 0x09, 0x42,
    0x29, 0x4a, 0x49, 0x4a, 0x4a, 0x4a, 0x4a, 0x4a, 0x6a, 0x52, 0x6a, 0x52, 0x6a, 0x52, 0x8a, 0x52,
    0x6a, 0x52, 0xe8, 0x41, 0x86, 0x31, 0x65, 0x29, 0xc7, 0x39, 0x49, 0x4a, 0x28, 0x42, 0x86, 0x31,
    0x25, 0x29, 0x86, 0x31, 0x49, 0x4a, 0xab, 0x52, 0xab, 0x5a, 0xab, 0x5a, 0x8a, 0x52, 0x6a, 0x52,
    0x6a, 0x52, 0x6a, 0x52, 0x4a, 0x4a, 0x29, 0x4a, 0x29, 0x4a, 0x09, 0x42, 0x09, 0x42, 0x29, 0x4a,
    0x04, 0x21, 0x00, 0x00, 0x21, 0x08, 0x21, 0x08, 0x00, 0x00, 0x45, 0x29, 0x9a, 0xe6, 0xa7, 0xb1,
    0x83, 0xc0, 0xa4, 0xc0, 0xa4, 0xc0, 0xa4, 0xc0, 0x83, 0xb8, 0x84, 0xb8, 0xa4, 0xc0, 0xa4, 0xc0,
    0xa4, 0xc0, 0xa4, 0xc0, 0x83, 0xb8, 0x83, 0xc0, 0xc4, 0xc0, 0xc4, 0x90, 0x62, 0x40, 0x00, 0x00,
    0x00, 0x00, 0x00, 0x00, 0x00, 0x00, 0x00, 0x00, 0x00, 0x00, 0x00, 0x00, 0x00, 0x00, 0x00, 0x00,
    0x00, 0x00, 0x00, 0x00, 0x00, 0x00, 0x00, 0x00, 0x00, 0x00, 0x00, 0x00, 0x00, 0x00, 0x00, 0x00,
    0x00, 0x00, 0x00, 0x00, 0x00, 0x00, 0x00, 0x00, 0x00, 0x00, 0x00, 0x00, 0x00, 0x00, 0x00, 0x00,
    0x00, 0x00, 0x00, 0x00, 0x00, 0x00, 0x00, 0x00, 0x00, 0x00, 0x00, 0x00, 0x00, 0x00, 0x00, 0x00,
    0x00, 0x00, 0x00, 0x00, 0x00, 0x00, 0x00, 0x00, 0x00, 0x00, 0x00, 0x00, 0x00, 0x00, 0x00, 0x00,
    0x00, 0x00, 0x00, 0x00, 0x00, 0x00, 0x00, 0x00, 0x00, 0x00, 0x00, 0x00, 0x00, 0x00, 0x00, 0x00,
    0x00, 0x00, 0x00, 0x00, 0x00, 0x00, 0x00, 0x00, 0x00, 0x00, 0x00, 0x00, 0x00, 0x00, 0x00, 0x00,
    0x00, 0x00, 0x00, 0x00, 0x00, 0x00, 0x00, 0x00, 0x00, 0x00, 0x00, 0x00, 0x00, 0x00, 0x00, 0x00,
    0x00, 0x00, 0x00, 0x00, 0x00, 0x00, 0x00, 0x00, 0x00, 0x00, 0x00, 0x00, 0x00, 0x00, 0x00, 0x00,
    0x00, 0x00, 0x00, 0x00, 0x00, 0x00, 0x00, 0x00, 0x00, 0x00, 0x00, 0x00, 0x00, 0x00, 0x00, 0x00,
    0x00, 0x00, 0x00, 0x00, 0x00, 0x00, 0x00, 0x00, 0x00, 0x00, 0x00, 0x00, 0x00, 0x00, 0x00, 0x00,
    0x00, 0x00, 0x00, 0x00, 0x00, 0x00, 0x00, 0x00, 0x00, 0x00, 0x00, 0x00, 0x00, 0x00, 0x00, 0x00,
    0x00, 0x00, 0x00, 0x00, 0x00, 0x00, 0x00, 0x00, 0x00, 0x00, 0x00, 0x00, 0x00, 0x00, 0x00, 0x00,
    0x00, 0x00, 0x00, 0x00, 0x00, 0x00, 0x00, 0x00, 0x00, 0x00, 0x00, 0x00, 0x62, 0x38, 0xc4, 0x90,
    0xc4, 0xb8, 0x83, 0xc0, 0x83, 0xc0, 0xa4, 0xb8, 0xa4, 0xb8, 0xa3, 0xc0, 0xa3, 0xc0, 0x84, 0xb8,
    0x84, 0xc0, 0x84, 0xc0, 0xa4, 0xc0, 0xa4, 0xc0, 0xc4, 0xc0, 0xe5, 0xb8, 0x62, 0x80, 0x51, 0xbc,
    0x75, 0xad, 0x00, 0x00, 0x21, 0x08, 0x21, 0x00, 0x21, 0x00, 0x00, 0x00, 0x04, 0x21, 0xe8, 0x41,
    0xc7, 0x39, 0xc8, 0x39, 0xc8, 0x39, 0xc8, 0x39, 0xc8, 0x39, 0xc8, 0x39, 0xc8, 0x39, 0xe8, 0x41,
    0x49, 0x4a, 0x49, 0x4a, 0x4a, 0x4a, 0x4a, 0x4a, 0x4a, 0x52, 0x6a, 0x52, 0x6a, 0x52, 0xe8, 0x41,
    0x45, 0x29, 0x66, 0x31, 0x09, 0x42, 0xab, 0x5a, 0x8a, 0x52, 0x0c, 0x63, 0x0c, 0x63, 0x0c, 0x63,
    0xaa, 0x52, 0xa7, 0x39, 0x25, 0x29, 0xc7, 0x39, 0x49, 0x4a, 0x8a, 0x52, 0x8b, 0x52, 0x6a, 0x52,
    0x6a, 0x52, 0x6a, 0x52, 0x4a, 0x4a, 0x29, 0x4a, 0x29, 0x4a, 0x09, 0x42, 0x09, 0x42, 0x29, 0x4a,
    0x86, 0x31, 0x21, 0x00, 0x21, 0x00, 0x21, 0x00, 0x41, 0x08, 0x00, 0x00, 0x72, 0x8c, 0xf3, 0xcc,
    0x42, 0x80, 0xe5, 0xb0, 0xc4, 0xb8, 0xc4, 0xc0, 0xa4, 0xc0, 0xa4, 0xc0, 0xa4, 0xb8, 0xa4, 0xc0,
    0xa4, 0xc0, 0x84, 0xc0, 0xa4, 0xc0, 0xa4, 0xb8, 0x83, 0xc0, 0x84, 0xc0, 0xc5, 0xb8, 0xa4, 0x88,
    0x41, 0x30, 0x00, 0x00, 0x00, 0x00, 0x00, 0x00, 0x00, 0x00, 0x00, 0x00, 0x00, 0x00, 0x00, 0x00,
    0x00, 0x00, 0x00, 0x00, 0x00, 0x00, 0x00, 0x00, 0x00, 0x00, 0x00, 0x00, 0x00, 0x00, 0x00, 0x00,
    0x00, 0x00, 0x00, 0x00, 0x00, 0x00, 0x00, 0x00, 0x00, 0x00, 0x00, 0x00, 0x00, 0x00, 0x00, 0x00,
    0x00, 0x00, 0x00, 0x00, 0x00, 0x00, 0x00, 0x00, 0x00, 0x00, 0x00, 0x00, 0x00, 0x00, 0x00, 0x00,
    0x00, 0x00, 0x00, 0x00, 0x00, 0x00, 0x00, 0x00, 0x00, 0x00, 0x00, 0x00, 0x00, 0x00, 0x00, 0x00,
    0x00, 0x00, 0x00, 0x00, 0x00, 0x00, 0x00, 0x00, 0x00, 0x00, 0x00, 0x00, 0x00, 0x00, 0x00, 0x00,
    0x00, 0x00, 0x00, 0x00, 0x00, 0x00, 0x00, 0x00, 0x00, 0x00, 0x00, 0x00, 0x00, 0x00, 0x00, 0x00,
    0x00, 0x00, 0x00, 0x00, 0x00, 0x00, 0x00, 0x00, 0x00, 0x00, 0x00, 0x00, 0x00, 0x00, 0x00, 0x00,
    0x00, 0x00, 0x00, 0x00, 0x00, 0x00, 0x00, 0x00, 0x00, 0x00, 0x00, 0x00, 0x00, 0x00, 0x00, 0x00,
    0x00, 0x00, 0x00, 0x00, 0x00, 0x00, 0x00, 0x00, 0x00, 0x00, 0x00, 0x00, 0x00, 0x00, 0x00, 0x00,
    0x00, 0x00, 0x00, 0x00, 0x00, 0x00, 0x00, 0x00, 0x00, 0x00, 0x00, 0x00, 0x00, 0x00, 0x00, 0x00,
    0x00, 0x00, 0x00, 0x00, 0x00, 0x00, 0x00, 0x00, 0x00, 0x00, 0x00, 0x00, 0x00, 0x00, 0x00, 0x00,
    0x00, 0x00, 0x00, 0x00, 0x00, 0x00, 0x00, 0x00, 0x00, 0x00, 0x00, 0x00, 0x00, 0x00, 0x00, 0x00,
    0x00, 0x00, 0x00, 0x00, 0x00, 0x00, 0x00, 0x00, 0x20, 0x20, 0xa3, 0x70, 0xc4, 0xb0, 0xa4, 0xc0,
    0x83, 0xc0, 0x84, 0xc0, 0x84, 0xc0, 0xa4, 0xb8, 0xa4, 0xb8, 0xa3, 0xc0, 0xa4, 0xb8, 0x84, 0xb8,
    0x84, 0xc0, 0xa5, 0xc0, 0xa4, 0xb0, 0xc4, 0x90, 0xc3, 0x60, 0x62, 0x38, 0x04, 0x31, 0xbb, 0xde,
    0xc7, 0x39, 0x00, 0x00, 0x21, 0x08, 0x21, 0x00, 0x21, 0x00, 0x01, 0x00, 0x66, 0x31, 0xe8, 0x39,
    0xc7, 0x39, 0xc8, 0x39, 0xc8, 0x39, 0xc8, 0x39, 0xc8, 0x39, 0xc8, 0x39, 0xe8, 0x39, 0xe8, 0x41,
    0x29, 0x4a, 0x4a, 0x4a, 0x49, 0x4a, 0x4a, 0x4a, 0x6a, 0x52, 0x09, 0x4a, 0x66, 0x31, 0x86, 0x31,
    0x29, 0x4a, 0xab, 0x52, 0x8a, 0x52, 0xab, 0x5a, 0x49, 0x4a, 0xcb, 0x5a, 0xcb, 0x5a, 0xcb, 0x5a,
    0xec, 0x5a, 0xec, 0x62, 0xab, 0x52, 0xc8, 0x39, 0xa7, 0x39, 0x08, 0x42, 0x4a, 0x52, 0x6a, 0x52,
    0x6a, 0x52, 0x6a, 0x52, 0x4a, 0x4a, 0x29, 0x4a, 0x29, 0x4a, 0x09, 0x42, 0x09, 0x42, 0x09, 0x42,
    0xe8, 0x39, 0x62, 0x08, 0x21, 0x00, 0x21, 0x00, 0x21, 0x00, 0x00, 0x00, 0xe4, 0x20, 0xba, 0xd6,
    0xa6, 0x41, 0x61, 0x30, 0xa3, 0x60, 0xc4, 0x88, 0xc5, 0xb0, 0xa4, 0xc0, 0xa4, 0xc0, 0xa4, 0xc0,
    0xa3, 0xc0, 0xa3, 0xc0, 0xa3, 0xc0, 0xa4, 0xc0, 0x84, 0xc0, 0x84, 0xc0, 0x83, 0xc0, 0xa4, 0xc8,
    0xe5, 0xb0, 0xa3, 0x70, 0x21, 0x20, 0x00, 0x00, 0x00, 0x00, 0x00, 0x00, 0x00, 0x00, 0x00, 0x00,
    0x00, 0x00, 0x00, 0x00, 0x00, 0x00, 0x00, 0x00, 0x00, 0x00, 0x00, 0x00, 0x00, 0x00, 0x00, 0x00,
    0x00, 0x00, 0x00, 0x00, 0x00, 0x00, 0x00, 0x00, 0x00, 0x00, 0x00, 0x00, 0x00, 0x00, 0x00, 0x00,
    0x00, 0x00, 0x00, 0x00, 0x00, 0x00, 0x00, 0x00, 0x00, 0x00, 0x00, 0x00, 0x00, 0x00, 0x00, 0x00,
    0x00, 0x00, 0x00, 0x00, 0x00, 0x00, 0x00, 0x00, 0x00, 0x00, 0x00, 0x00, 0x00, 0x00, 0x00, 0x00,
    0x00, 0x00, 0x00, 0x00, 0x00, 0x00, 0x00, 0x00, 0x00, 0x00, 0x00, 0x00, 0x00, 0x00, 0x00, 0x00,
    0x00, 0x00, 0x00, 0x00, 0x00, 0x00, 0x00, 0x00, 0x00, 0x00, 0x00, 0x00, 0x00, 0x00, 0x00, 0x00,
    0x00, 0x00, 0x00, 0x00, 0x00, 0x00, 0x00, 0x00, 0x00, 0x00, 0x00, 0x00, 0x00, 0x00, 0x00, 0x00,
    0x00, 0x00, 0x00, 0x00, 0x00, 0x00, 0x00, 0x00, 0x00, 0x00, 0x00, 0x00, 0x00, 0x00, 0x00, 0x00,
    0x00, 0x00, 0x00, 0x00, 0x00, 0x00, 0x00, 0x00, 0x00, 0x00, 0x00, 0x00, 0x00, 0x00, 0x00, 0x00,
    0x00, 0x00, 0x00, 0x00, 0x00, 0x00, 0x00, 0x00, 0x00, 0x00, 0x00, 0x00, 0x00, 0x00, 0x00, 0x00,
    0x00, 0x00, 0x00, 0x00, 0x00, 0x00, 0x00, 0x00, 0x00, 0x00, 0x00, 0x00, 0x00, 0x00, 0x00, 0x00,
    0x00, 0x00, 0x00, 0x00, 0x00, 0x00, 0x00, 0x00, 0x00, 0x00, 0x00, 0x00, 0x00, 0x00, 0x00, 0x00,
    0x00, 0x00, 0x00, 0x00, 0x00, 0x00, 0x82, 0x48, 0xc4, 0xa0, 0xa4, 0xc0, 0x84, 0xb8, 0x84, 0xc0,
    0x84, 0xc0, 0x84, 0xc0, 0x84, 0xc0, 0xa4, 0xb0, 0xa3, 0xa8, 0xa3, 0xc0, 0xa3, 0xc0, 0xa5, 0xc0,
    0xa5, 0xa8, 0xa4, 0x78, 0xa2, 0x40, 0x82, 0x20, 0xa3, 0x18, 0x21, 0x08, 0x51, 0x8c, 0x75, 0xb5,
    0x00, 0x00, 0x21, 0x00, 0x21, 0x00, 0x21, 0x00, 0x01, 0x00, 0x41, 0x08, 0xa7, 0x39, 0xc7, 0x39,
    0xc7, 0x39, 0xc7, 0x39, 0xc8, 0x39, 0xc8, 0x39, 0xc8, 0x39, 0xc8, 0x39, 0xc8, 0x39, 0xc8, 0x39,
    0x29, 0x42, 0x29, 0x4a, 0x4a, 0x4a, 0x29, 0x4a, 0x86, 0x31, 0x65, 0x31, 0x08, 0x42, 0x8a, 0x52,
    0x6a, 0x52, 0x6a, 0x4a, 0x6a, 0x52, 0xab, 0x5a, 0x29, 0x4a, 0xab, 0x5a, 0xcb, 0x5a, 0xcb, 0x5a,
    0xcb, 0x5a, 0xcb, 0x5a, 0xcc, 0x62, 0xec, 0x62, 0x4a, 0x52, 0xc7, 0x39, 0x29, 0x4a, 0x4a, 0x52,
    0x6a, 0x52, 0x6a, 0x52, 0x4a, 0x4a, 0x49, 0x4a, 0x29, 0x4a, 0x29, 0x4a, 0x09, 0x42, 0x08, 0x42,
    0x29, 0x42, 0xa3, 0x18, 0x00, 0x00, 0x21, 0x00, 0x21, 0x00, 0x21, 0x08, 0x00, 0x00, 0x92, 0x94,
    0x14, 0xa5, 0x20, 0x08, 0xa3, 0x18, 0x82, 0x20, 0xa3, 0x38, 0xa3, 0x60, 0xc4, 0x98, 0xc4, 0xb8,
    0xa4, 0xc0, 0x83, 0xc0, 0x84, 0xc0, 0x84, 0xc0, 0xa3, 0xc0, 0xa3, 0xc0, 0xa3, 0xc0, 0x83, 0xc0,
    0x83, 0xc0, 0xa4, 0xc0, 0xe4, 0xa0, 0x82, 0x50, 0x00, 0x00, 0x00, 0x00, 0x00, 0x00, 0x00, 0x00,
    0x00, 0x00, 0x00, 0x00, 0x00, 0x00, 0x00, 0x00, 0x00, 0x00, 0x00, 0x00, 0x00, 0x00, 0x00, 0x00,
    0x00, 0x00, 0x00, 0x00, 0x00, 0x00, 0x00, 0x00, 0x00, 0x00, 0x00, 0x00, 0x00, 0x00, 0x00, 0x00,
    0x00, 0x00, 0x00, 0x00, 0x00, 0x00, 0x00, 0x00, 0x00, 0x00, 0x00, 0x00, 0x00, 0x00, 0x00, 0x00,
    0x00, 0x00, 0x00, 0x00, 0x00, 0x00, 0x00, 0x00, 0x00, 0x00, 0x00, 0x00, 0x00, 0x00, 0x00, 0x00,
    0x00, 0x00, 0x00, 0x00, 0x00, 0x00, 0x00, 0x00, 0x00, 0x00, 0x00, 0x00, 0x00, 0x00, 0x00, 0x00,
    0x00, 0x00, 0x00, 0x00, 0x00, 0x00, 0x00, 0x00, 0x00, 0x00, 0x00, 0x00, 0x00, 0x00, 0x00, 0x00,
    0x00, 0x00, 0x00, 0x00, 0x00, 0x00, 0x00, 0x00, 0x00, 0x00, 0x00, 0x00, 0x00, 0x00, 0x00, 0x00,
    0x00, 0x00, 0x00, 0x00, 0x00, 0x00, 0x00, 0x00, 0x00, 0x00, 0x00, 0x00, 0x00, 0x00, 0x00, 0x00,
    0x00, 0x00, 0x00, 0x00, 0x00, 0x00, 0x00, 0x00, 0x00, 0x00, 0x00, 0x00, 0x00, 0x00, 0x00, 0x00,
    0x00, 0x00, 0x00, 0x00, 0x00, 0x00, 0x00, 0x00, 0x00, 0x00, 0x00, 0x00, 0x00, 0x00, 0x00, 0x00,
    0x00, 0x00, 0x00, 0x00, 0x00, 0x00, 0x00, 0x00, 0x00, 0x00, 0x00, 0x00, 0x00, 0x00, 0x00, 0x00,
    0x00, 0x00, 0x00, 0x00, 0x00, 0x00, 0x00, 0x00, 0x00, 0x00, 0x00, 0x00, 0x00, 0x00, 0x00, 0x00,
    0x00, 0x00, 0x41, 0x28, 0xc3, 0x80, 0xc4, 0xc0, 0xa4, 0xc0, 0x84, 0xb8, 0xa4, 0xb8, 0x84, 0xc0,
    0x84, 0xc0, 0x84, 0xc0, 0xa4, 0xc0, 0xa3, 0xb0, 0xa3, 0xa0, 0xe4, 0xc0, 0xc4, 0xa8, 0xa3, 0x68,
    0x83, 0x30, 0x82, 0x18, 0xa3, 0x10, 0xc3, 0x18, 0xa3, 0x10, 0x05, 0x29, 0x9a, 0xd6, 0xc7, 0x39,
    0x00, 0x00, 0x21, 0x00, 0x20, 0x00, 0x21, 0x00, 0x00, 0x00, 0x82, 0x10, 0xc7, 0x39, 0xc7, 0x39,
    0xc7, 0x39, 0xc7, 0x39, 0xc8, 0x39, 0xc8, 0x39, 0xc8, 0x39, 0xc8, 0x39, 0xc8, 0x39, 0xc8, 0x39,
    0x08, 0x42, 0x49, 0x4a, 0xa7, 0x39, 0x45, 0x29, 0xc7, 0x39, 0x69, 0x52, 0x6a, 0x4a, 0x69, 0x4a,
    0x6a, 0x4a, 0x6a, 0x52, 0x4a, 0x52, 0xab, 0x52, 0x09, 0x42, 0xab, 0x5a, 0xcc, 0x5a, 0xcb, 0x5a,
    0xcb, 0x5a, 0xcb, 0x5a, 0xcc, 0x5a, 0xcb, 0x5a, 0xcc, 0x62, 0x8b, 0x5a, 0xe8, 0x41, 0x08, 0x42,
    0x6a, 0x52, 0x6a, 0x52, 0x4a, 0x4a, 0x49, 0x4a, 0x29, 0x4a, 0x29, 0x4a, 0x09, 0x42, 0x09, 0x42,
    0x29, 0x4a, 0x05, 0x21, 0x00, 0x00, 0x21, 0x00, 0x21, 0x00, 0x21, 0x00, 0x00, 0x00, 0x25, 0x21,
    0x9a, 0xd6, 0x86, 0x39, 0x82, 0x18, 0xc3, 0x18, 0xa2, 0x18, 0xa2, 0x10, 0x82, 0x28, 0xa3, 0x50,
    0xc4, 0x88, 0xa5, 0xb0, 0xa4, 0xc0, 0xa3, 0xc0, 0xa3, 0xc0, 0xa3, 0xc0, 0x83, 0xc0, 0x83, 0xc0,
    0x83, 0xc0, 0x83, 0xc0, 0x83, 0xc8, 0xc4, 0xc0, 0xc3, 0x80, 0x41, 0x28, 0x00, 0x00, 0x00, 0x00,
    0x00, 0x00, 0x00, 0x00, 0x00, 0x00, 0x00, 0x00, 0x00, 0x00, 0x00, 0x00, 0x00, 0x00, 0x00, 0x00,
    0x00, 0x00, 0x00, 0x00, 0x00, 0x00, 0x00, 0x00, 0x00, 0x00, 0x00, 0x00, 0x00, 0x00, 0x00, 0x00,
    0x00, 0x00, 0x00, 0x00, 0x00, 0x00, 0x00, 0x00, 0x00, 0x00, 0x00, 0x00, 0x00, 0x00, 0x00, 0x00,
    0x00, 0x00, 0x00, 0x00, 0x00, 0x00, 0x00, 0x00, 0x00, 0x00, 0x00, 0x00, 0x00, 0x00, 0x00, 0x00,
    0x00, 0x00, 0x00, 0x00, 0x00, 0x00, 0x00, 0x00, 0x00, 0x00, 0x00, 0x00, 0x00, 0x00, 0x00, 0x00,
    0x00, 0x00, 0x00, 0x00, 0x00, 0x00, 0x00, 0x00, 0x00, 0x00, 0x00, 0x00, 0x00, 0x00, 0x00, 0x00,
    0x00, 0x00, 0x00, 0x00, 0x00, 0x00, 0x00, 0x00, 0x00, 0x00, 0x00, 0x00, 0x00, 0x00, 0x00, 0x00,
    0x00, 0x00, 0x00, 0x00, 0x00, 0x00, 0x00, 0x00, 0x00, 0x00, 0x00, 0x00, 0x00, 0x00, 0x00, 0x00,
    0x00, 0x00, 0x00, 0x00, 0x00, 0x00, 0x00, 0x00, 0x00, 0x00, 0x00, 0x00, 0x00, 0x00, 0x00, 0x00,
    0x00, 0x00, 0x00, 0x00, 0x00, 0x00, 0x00, 0x00, 0x00, 0x00, 0x00, 0x00, 0x00, 0x00, 0x00, 0x00,
    0x00, 0x00, 0x00, 0x00, 0x00, 0x00, 0x00, 0x00, 0x00, 0x00, 0x00, 0x00, 0x00, 0x00, 0x00, 0x00,
    0x00, 0x00, 0x00, 0x00, 0x00, 0x00, 0x00, 0x00, 0x00, 0x00, 0x00, 0x00, 0x00, 0x00, 0x00, 0x08,
    0xa2, 0x50, 0xe4, 0xa8, 0xa4, 0xc0, 0xa3, 0xb8, 0xa4, 0xb8, 0x84, 0xb8, 0x84, 0xb8, 0xa3, 0xc0,
    0xa3, 0xc0, 0xa4, 0xc0, 0xa4, 0xc0, 0xc4, 0xb8, 0xa4, 0x80, 0xc4, 0x60, 0xa2, 0x30, 0xa2, 0x18,
    0xa3, 0x10, 0xa3, 0x18, 0xa3, 0x18, 0xc3, 0x18, 0x41, 0x08, 0xaf, 0x73, 0xb7, 0xb5, 0x00, 0x00,
    0x21, 0x00, 0x20, 0x00, 0x20, 0x00, 0x21, 0x00, 0x00, 0x00, 0xa3, 0x18, 0xe8, 0x39, 0xc7, 0x39,
    0xc7, 0x39, 0xc7, 0x39, 0xc8, 0x41, 0xc8, 0x41, 0xc8, 0x41, 0xc8, 0x39, 0xc7, 0x39, 0x08, 0x42,
    0x08, 0x42, 0x66, 0x29, 0x66, 0x31, 0x29, 0x4a, 0x49, 0x4a, 0x29, 0x4a, 0x49, 0x4a, 0x69, 0x4a,
    0x6a, 0x4a, 0x6a, 0x4a, 0x4a, 0x4a, 0x8b, 0x52, 0xe8, 0x41, 0x8b, 0x52, 0xcc, 0x5a, 0xcb, 0x5a,
    0xcb, 0x5a, 0xcb, 0x5a, 0xcc, 0x62, 0xcb, 0x5a, 0xab, 0x5a, 0xab, 0x5a, 0xab, 0x5a, 0x29, 0x42,
    0xe8, 0x39, 0x4a, 0x4a, 0x4a, 0x4a, 0x49, 0x4a, 0x29, 0x4a, 0x29, 0x4a, 0x09, 0x42, 0x09, 0x42,
    0x29, 0x4a, 0x46, 0x29, 0x00, 0x00, 0x21, 0x00, 0x21, 0x00, 0x21, 0x00, 0x21, 0x08, 0x00, 0x00,
    0xb3, 0x94, 0x51, 0x8c, 0x21, 0x08, 0xc3, 0x18, 0xc3, 0x18, 0xa3, 0x18, 0xa3, 0x18, 0x83, 0x10,
    0x82, 0x20, 0x83, 0x48, 0xa3, 0x88, 0xc4, 0xb8, 0xa4, 0xc0, 0xa4, 0xb8, 0x84, 0xc0, 0x84, 0xc0,
    0x84, 0xc0, 0x84, 0xc0, 0x84, 0xc0, 0x83, 0xc0, 0xa4, 0xc0, 0xc5, 0xa8, 0x82, 0x50, 0x00, 0x00,
    0x00, 0x00, 0x00, 0x00, 0x00, 0x00, 0x00, 0x00, 0x00, 0x00, 0x00, 0x00, 0x00, 0x00, 0x00, 0x00,
    0x00, 0x00, 0x00, 0x00, 0x00, 0x00, 0x00, 0x00, 0x00, 0x00, 0x00, 0x00, 0x00, 0x00, 0x00, 0x00,
    0x00, 0x00, 0x00, 0x00, 0x00, 0x00, 0x00, 0x00, 0x00, 0x00, 0x00, 0x00, 0x00, 0x00, 0x00, 0x00,
    0x00, 0x00, 0x00, 0x00, 0x00, 0x00, 0x00, 0x00, 0x00, 0x00, 0x00, 0x00, 0x00, 0x00, 0x00, 0x00,
    0x00, 0x00, 0x00, 0x00, 0x00, 0x00, 0x00, 0x00, 0x00, 0x00, 0x00, 0x00, 0x00, 0x00, 0x00, 0x00,
    0x00, 0x00, 0x00, 0x00, 0x00, 0x00, 0x00, 0x00, 0x00, 0x00, 0x00, 0x00, 0x00, 0x00, 0x00, 0x00,
    0x00, 0x00, 0x00, 0x00, 0x00, 0x00, 0x00, 0x00, 0x00, 0x00, 0x00, 0x00, 0x00, 0x00, 0x00, 0x00,
    0x00, 0x00, 0x00, 0x00, 0x00, 0x00, 0x00, 0x00, 0x00, 0x00, 0x00, 0x00, 0x00, 0x00, 0x00, 0x00,
    0x00, 0x00, 0x00, 0x00, 0x00, 0x00, 0x00, 0x00, 0x00, 0x00, 0x00, 0x00, 0x00, 0x00, 0x00, 0x00,
    0x00, 0x00, 0x00, 0x00, 0x00, 0x00, 0x00, 0x00, 0x00, 0x00, 0x00, 0x00, 0x00, 0x00, 0x00, 0x00,
    0x00, 0x00, 0x00, 0x00, 0x00, 0x00, 0x00, 0x00, 0x00, 0x00, 0x00, 0x00, 0x00, 0x00, 0x00, 0x00,
    0x00, 0x00, 0x00, 0x00, 0x00, 0x00, 0x00, 0x00, 0x00, 0x00, 0x00, 0x00, 0x20, 0x18, 0xc4, 0x80,
    0xc4, 0xc0, 0xa3, 0xb8, 0xa3, 0xb8, 0xa4, 0xc0, 0xa4, 0xb8, 0x84, 0xb8, 0x83, 0xb8, 0x84, 0xb8,
    0xa4, 0xb8, 0xc4, 0xc0, 0xc4, 0xa8, 0xc4, 0x70, 0xa2, 0x28, 0x83, 0x18, 0xa3, 0x18, 0xa3, 0x18,
    0xa3, 0x18, 0xa3, 0x18, 0xa3, 0x18, 0xc3, 0x18, 0x82, 0x10, 0x38, 0xc6, 0xeb, 0x5a, 0x00, 0x00,
    0x21, 0x08, 0x21, 0x00, 0x21, 0x00, 0x21, 0x00, 0x00, 0x00, 0xc3, 0x18, 0xe8, 0x41, 0xc7, 0x39,
    0xc7, 0x39, 0xc7, 0x39, 0xc8, 0x41, 0xc8, 0x41, 0xc8, 0x39, 0xc8, 0x39, 0x08, 0x42, 0xa7, 0x39,
    0x25, 0x29, 0xc7, 0x39, 0x49, 0x4a, 0x29, 0x4a, 0x29, 0x4a, 0x29, 0x4a, 0x49, 0x4a, 0x4a, 0x4a,
    0x69, 0x4a, 0x6a, 0x4a, 0x69, 0x4a, 0xab, 0x52, 0xc8, 0x41, 0x8b, 0x52, 0xcc, 0x62, 0xcc, 0x5a,
    0xcc, 0x5a, 0xcc, 0x5a, 0xcb, 0x5a, 0xab, 0x5a, 0xab, 0x5a, 0xab, 0x5a, 0xab, 0x5a, 0xab, 0x5a,
    0x4a, 0x4a, 0xc7, 0x39, 0x29, 0x4a, 0x4a, 0x4a, 0x29, 0x4a, 0x29, 0x4a, 0x09, 0x42, 0x09, 0x42,
    0x09, 0x4a, 0x87, 0x31, 0x01, 0x00, 0x21, 0x00, 0x21, 0x00, 0x21, 0x00, 0x21, 0x08, 0x00, 0x00,
    0xa6, 0x31, 0x59, 0xce, 0xe3, 0x20, 0xa2, 0x18, 0xc3, 0x18, 0xc3, 0x18, 0xa3, 0x18, 0xa3, 0x18,
    0xa3, 0x18, 0xa3, 0x10, 0x82, 0x18, 0x82, 0x48, 0xc4, 0x88, 0xc4, 0xb8, 0xa4, 0xc0, 0x84, 0xc0,
    0x84, 0xc0, 0x84, 0xc0, 0x84, 0xc0, 0x84, 0xc0, 0x83, 0xb8, 0x84, 0xc0, 0xc4, 0xc0, 0xc3, 0x80,
    0x21, 0x20, 0x00, 0x00, 0x00, 0x00, 0x00, 0x00, 0x00, 0x00, 0x00, 0x00, 0x00, 0x00, 0x00, 0x00,
    0x00, 0x00, 0x00, 0x00, 0x00, 0x00, 0x00, 0x00, 0x00, 0x00, 0x00, 0x00, 0x00, 0x00, 0x00, 0x00,
    0x00, 0x00, 0x00, 0x00, 0x00, 0x00, 0x00, 0x00, 0x00, 0x00, 0x00, 0x00, 0x00, 0x00, 0x00, 0x00,
    0x00, 0x00, 0x00, 0x00, 0x00, 0x00, 0x00, 0x00, 0x00, 0x00, 0x00, 0x00, 0x00, 0x00, 0x00, 0x00,
    0x00, 0x00, 0x00, 0x00, 0x00, 0x00, 0x00, 0x00, 0x00, 0x00, 0x00, 0x00, 0x00, 0x00, 0x00, 0x00,
    0x00, 0x00, 0x00, 0x00, 0x00, 0x00, 0x00, 0x00, 0x00, 0x00, 0x00, 0x00, 0x00, 0x00, 0x00, 0x00,
    0x00, 0x00, 0x00, 0x00, 0x00, 0x00, 0x00, 0x00, 0x00, 0x00, 0x00, 0x00, 0x00, 0x00, 0x00, 0x00,
    0x00, 0x00, 0x00, 0x00, 0x00, 0x00, 0x00, 0x00, 0x00, 0x00, 0x00, 0x00, 0x00, 0x00, 0x00, 0x00,
    0x00, 0x00, 0x00, 0x00, 0x00, 0x00, 0x00, 0x00, 0x00, 0x00, 0x00, 0x00, 0x00, 0x00, 0x00, 0x00,
    0x00, 0x00, 0x00, 0x00, 0x00, 0x00, 0x00, 0x00, 0x00, 0x00, 0x00, 0x00, 0x00, 0x00, 0x00, 0x00,
    0x00, 0x00, 0x00, 0x00, 0x00, 0x00, 0x00, 0x00, 0x00, 0x00, 0x00, 0x00, 0x00, 0x00, 0x00, 0x00,
    0x00, 0x00, 0x00, 0x00, 0x00, 0x00, 0x00, 0x00, 0x00, 0x00, 0x61, 0x30, 0xc5, 0xa0, 0xa4, 0xc0,
    0xa3, 0xb8, 0xa3, 0xb8, 0xa4, 0xb8, 0xa4, 0xb8, 0xa4, 0xb8, 0xa4, 0xb8, 0x84, 0xb8, 0x84, 0xc0,
    0xc5, 0xb0, 0xc4, 0x80, 0x83, 0x40, 0x82, 0x18, 0xc3, 0x10, 0xa3, 0x18, 0xa3, 0x18, 0xa3, 0x18,
    0xa3, 0x18, 0xa3, 0x18, 0xc3, 0x18, 0x62, 0x08, 0x49, 0x4a, 0x9a, 0xd6, 0x62, 0x10, 0x00, 0x00,
    0x21, 0x00, 0x21, 0x00, 0x21, 0x00, 0x21, 0x00, 0x00, 0x00, 0xc4, 0x18, 0xe8, 0x41, 0xc7, 0x39,
    0xc7, 0x39, 0xc7, 0x39, 0xc8, 0x41, 0xc7, 0x39, 0xc8, 0x39, 0x08, 0x42, 0x66, 0x31, 0x46, 0x29,
    0x08, 0x42, 0x29, 0x4a, 0x09, 0x42, 0x29, 0x4a, 0x29, 0x4a, 0x29, 0x4a, 0x4a, 0x4a, 0x4a, 0x4a,
    0x69, 0x4a, 0x69, 0x4a, 0x49, 0x4a, 0x8a, 0x52, 0xe8, 0x39, 0x6a, 0x52, 0x8b, 0x5a, 0xab, 0x5a,
    0xcc, 0x5a, 0xcc, 0x5a, 0xcb, 0x5a, 0xab, 0x5a, 0xab, 0x5a, 0xab, 0x5a, 0xab, 0x5a, 0x8b, 0x52,
    0xab, 0x5a, 0x6a, 0x52, 0xc7, 0x39, 0x29, 0x42, 0x49, 0x4a, 0x29, 0x42, 0x09, 0x42, 0x09, 0x42,
    0x09, 0x4a, 0xc7, 0x39, 0x21, 0x08, 0x21, 0x00, 0x21, 0x00, 0x21, 0x00, 0x21, 0x00, 0x21, 0x00,
    0x00, 0x00, 0x96, 0xb5, 0x6d, 0x6b, 0x41, 0x08, 0xc3, 0x18, 0xa3, 0x18, 0xa3, 0x18, 0xa3, 0x18,
    0xa3, 0x18, 0xa3, 0x18, 0xa3, 0x18, 0xa2, 0x10, 0x82, 0x20, 0x83, 0x50, 0xc4, 0x98, 0xa4, 0xc0,
    0x84, 0xc0, 0x84, 0xc0, 0x84, 0xc0, 0x84, 0xc0, 0x84, 0xc0, 0x84, 0xc0, 0x83, 0xc0, 0xa4, 0xc8,
    0xc4, 0xa8, 0x62, 0x48, 0x00, 0x00, 0x00, 0x00, 0x00, 0x00, 0x00, 0x00, 0x00, 0x00, 0x00, 0x00,
    0x00, 0x00, 0x00, 0x00, 0x00, 0x00, 0x00, 0x00, 0x00, 0x00, 0x00, 0x00, 0x00, 0x00, 0x00, 0x00,
    0x00, 0x00, 0x00, 0x00, 0x00, 0x00, 0x00, 0x00, 0x00, 0x00, 0x00, 0x00, 0x00, 0x00, 0x00, 0x00,
    0x00, 0x00, 0x00, 0x00, 0x00, 0x00, 0x00, 0x00, 0x00, 0x00, 0x00, 0x00, 0x00, 0x00, 0x00, 0x00,
    0x00, 0x00, 0x00, 0x00, 0x00, 0x00, 0x00, 0x00, 0x00, 0x00, 0x00, 0x00, 0x00, 0x00, 0x00, 0x00,
    0x00, 0x00, 0x00, 0x00, 0x00, 0x00, 0x00, 0x00, 0x00, 0x00, 0x00, 0x00, 0x00, 0x00, 0x00, 0x00,
    0x00, 0x00, 0x00, 0x00, 0x00, 0x00, 0x00, 0x00, 0x00, 0x00, 0x00, 0x00, 0x00, 0x00, 0x00, 0x00,
    0x00, 0x00, 0x00, 0x00, 0x00, 0x00, 0x00, 0x00, 0x00, 0x00, 0x00, 0x00, 0x00, 0x00, 0x00, 0x00,
    0x00, 0x00, 0x00, 0x00, 0x00, 0x00, 0x00, 0x00, 0x00, 0x00, 0x00, 0x00, 0x00, 0x00, 0x00, 0x00,
    0x00, 0x00, 0x00, 0x00, 0x00, 0x00, 0x00, 0x00, 0x00, 0x00, 0x00, 0x00, 0x00, 0x00, 0x00, 0x00,
    0x00, 0x00, 0x00, 0x00, 0x00, 0x00, 0x00, 0x00, 0x00, 0x00, 0x00, 0x00, 0x00, 0x00, 0x00, 0x00,
    0x00, 0x00, 0x00, 0x00, 0x00, 0x00, 0x00, 0x00, 0x82, 0x50, 0x05, 0xb1, 0xa4, 0xc0, 0x83, 0xc0,
    0xa3, 0xc0, 0x84, 0xb8, 0xa4, 0xb8, 0xa4, 0xb8, 0xa4, 0xb8, 0xa4, 0xb8, 0xc4, 0xb8, 0xc5, 0x98,
    0xa3, 0x50, 0x82, 0x20, 0xa3, 0x18, 0xa3, 0x18, 0xa3, 0x18, 0xa3, 0x18, 0xa3, 0x18, 0xa3, 0x18,
    0xa3, 0x18, 0xc3, 0x10, 0xa3, 0x18, 0x00, 0x10, 0xd3, 0xa4, 0x92, 0x94, 0x00, 0x00, 0x21, 0x08,
    0x21, 0x00, 0x21, 0x00, 0x21, 0x00, 0x21, 0x00, 0x00, 0x00, 0xc3, 0x18, 0xe8, 0x41, 0xc7, 0x39,
    0xc7, 0x39, 0xc7, 0x39, 0xc8, 0x39, 0xe8, 0x41, 0xc8, 0x39, 0x25, 0x29, 0x86, 0x31, 0x29, 0x4a,
    0x29, 0x42, 0x09, 0x42, 0x09, 0x4a, 0x29, 0x4a, 0x29, 0x4a, 0x29, 0x4a, 0x4a, 0x4a, 0x4a, 0x4a,
    0x4a, 0x4a, 0x6a, 0x4a, 0x6a, 0x4a, 0x6a, 0x52, 0xa7, 0x39, 0x08, 0x42, 0x49, 0x4a, 0x6a, 0x52,
    0xab, 0x5a, 0xab, 0x5a, 0xcc, 0x5a, 0xab, 0x5a, 0xab, 0x5a, 0xab, 0x5a, 0xab, 0x5a, 0xab, 0x5a,
    0x8b, 0x52, 0x8b, 0x52, 0x8a, 0x52, 0xc7, 0x39, 0x09, 0x42, 0x49, 0x4a, 0x08, 0x42, 0x08, 0x42,
    0x09, 0x42, 0xe8, 0x41, 0x41, 0x08, 0x01, 0x00, 0x21, 0x00, 0x21, 0x00, 0x21, 0x00, 0x21, 0x08,
    0x00, 0x00, 0xaa, 0x52, 0xf8, 0xc5, 0x62, 0x18, 0xa3, 0x18, 0xa3, 0x18, 0xa3, 0x18, 0xa3, 0x18,
    0xa3, 0x18, 0xa3, 0x10, 0xa3, 0x18, 0xa3, 0x18, 0xa3, 0x18, 0x82, 0x10, 0x82, 0x28, 0x83, 0x68,
    0xc4, 0xa8, 0xa4, 0xc0, 0x84, 0xc0, 0x84, 0xc0, 0x84, 0xc0, 0x84, 0xc0, 0x84, 0xc0, 0x83, 0xc0,
    0x83, 0xc0, 0xc4, 0xb8, 0xa3, 0x68, 0x00, 0x08, 0x00, 0x00, 0x00, 0x00, 0x00, 0x00, 0x00, 0x00,
    0x00, 0x00, 0x00, 0x00, 0x00, 0x00, 0x00, 0x00, 0x00, 0x00, 0x00, 0x00, 0x00, 0x00, 0x00, 0x00,
    0x00, 0x00, 0x00, 0x00, 0x00, 0x00, 0x00, 0x00, 0x00, 0x00, 0x00, 0x00, 0x00, 0x00, 0x00, 0x00,
    0x00, 0x00, 0x00, 0x00, 0x00, 0x00, 0x00, 0x00, 0x00, 0x00, 0x00, 0x00, 0x00, 0x00, 0x00, 0x00,
    0x00, 0x00, 0x00, 0x00, 0x00, 0x00, 0x00, 0x00, 0x00, 0x00, 0x00, 0x00, 0x00, 0x00, 0x00, 0x00,
    0x00, 0x00, 0x00, 0x00, 0x00, 0x00, 0x00, 0x00, 0x00, 0x00, 0x00, 0x00, 0x00, 0x00, 0x00, 0x00,
    0x00, 0x00, 0x00, 0x00, 0x00, 0x00, 0x00, 0x00, 0x00, 0x00, 0x00, 0x00, 0x00, 0x00, 0x00, 0x00,
    0x00, 0x00, 0x00, 0x00, 0x00, 0x00, 0x00, 0x00, 0x00, 0x00, 0x00, 0x00, 0x00, 0x00, 0x00, 0x00,
    0x00, 0x00, 0x00, 0x00, 0x00, 0x00, 0x00, 0x00, 0x00, 0x00, 0x00, 0x00, 0x00, 0x00, 0x00, 0x00,
    0x00, 0x00, 0x00, 0x00, 0x00, 0x00, 0x00, 0x00, 0x00, 0x00, 0x00, 0x00, 0x00, 0x00, 0x00, 0x00,
    0x00, 0x00, 0x00, 0x00, 0x00, 0x00, 0x00, 0x00, 0x00, 0x00, 0x00, 0x00, 0x00, 0x00, 0x00, 0x00,
    0x00, 0x00, 0x00, 0x00, 0x00, 0x00, 0x20, 0x20, 0xe4, 0xa0, 0x84, 0xc0, 0xa4, 0xb8, 0xa4, 0xb8,
    0xa4, 0xb8, 0xa4, 0xb8, 0x84, 0xb8, 0x84, 0xb8, 0xa4, 0xb8, 0xe4, 0xa8, 0xc4, 0x68, 0x63, 0x28,
    0xa2, 0x10, 0xc3, 0x18, 0xa3, 0x18, 0xa3, 0x18, 0xa3, 0x18, 0xa3, 0x18, 0xa3, 0x18, 0xa3, 0x18,
    0x83, 0x10, 0x82, 0x28, 0x62, 0x50, 0x26, 0x79, 0x9a, 0xe6, 0xc7, 0x39, 0x00, 0x00, 0x21, 0x08,
    0x21, 0x00, 0x21, 0x00, 0x21, 0x00, 0x21, 0x00, 0x00, 0x00, 0x83, 0x10, 0xc8, 0x41, 0xc7, 0x39,
    0xc7, 0x39, 0xc7, 0x39, 0xe8, 0x41, 0xc7, 0x39, 0x25, 0x21, 0xc7, 0x39, 0x29, 0x42, 0x08, 0x42,
    0x09, 0x42, 0x09, 0x42, 0x09, 0x4a, 0x29, 0x4a, 0x29, 0x4a, 0x29, 0x4a, 0x49, 0x4a, 0x4a, 0x4a,
    0x6a, 0x52, 0x29, 0x4a, 0xa7, 0x31, 0x46, 0x29, 0x25, 0x29, 0x66, 0x31, 0x66, 0x29, 0x66, 0x31,
    0xc8, 0x39, 0x6a, 0x52, 0xcb, 0x5a, 0xab, 0x5a, 0xab, 0x5a, 0xab, 0x5a, 0xab, 0x5a, 0xab, 0x5a,
    0x8b, 0x52, 0x8b, 0x52, 0x8b, 0x52, 0x8a, 0x52, 0xa7, 0x39, 0xe8, 0x39, 0x29, 0x4a, 0x08, 0x42,
    0x08, 0x42, 0x08, 0x42, 0x82, 0x10, 0x00, 0x00, 0x21, 0x00, 0x21, 0x00, 0x21, 0x00, 0x21, 0x00,
    0x00, 0x00, 0x62, 0x08, 0x59, 0xd6, 0x6a, 0xa2, 0x62, 0x58, 0xa3, 0x38, 0x82, 0x18, 0xa3, 0x10,
    0xa3, 0x18, 0xa3, 0x18, 0xa3, 0x18, 0xa3, 0x18, 0xa3, 0x18, 0xa3, 0x18, 0xa3, 0x18, 0x82, 0x10,
    0x83, 0x30, 0xc4, 0x80, 0xc4, 0xb8, 0xa3, 0xc0, 0x83, 0xc0, 0xa4, 0xc0, 0x84, 0xc0, 0x83, 0xc0,
    0xa3, 0xc0, 0xa3, 0xc0, 0xc4, 0xc0, 0xc4, 0x88, 0x21, 0x18, 0x00, 0x00, 0x00, 0x00, 0x00, 0x00,
    0x00, 0x00, 0x00, 0x00, 0x00, 0x00, 0x00, 0x00, 0x00, 0x00, 0x00, 0x00, 0x00, 0x00, 0x00, 0x00,
    0x00, 0x00, 0x00, 0x00, 0x00, 0x00, 0x00, 0x00, 0x00, 0x00, 0x00, 0x00, 0x00, 0x00, 0x00, 0x00,
    0x00, 0x00, 0x00, 0x00, 0x00, 0x00, 0x00, 0x00, 0x00, 0x00, 0x00, 0x00, 0x00, 0x00, 0x00, 0x00,
    0x00, 0x00, 0x00, 0x00, 0x00, 0x00, 0x00, 0x00, 0x00, 0x00, 0x00, 0x00, 0x00, 0x00, 0x00, 0x00,
    0x00, 0x00, 0x00, 0x00, 0x00, 0x00, 0x00, 0x00, 0x00, 0x00, 0x00, 0x00, 0x00, 0x00, 0x00, 0x00,
    0x00, 0x00, 0x00, 0x00, 0x00, 0x00, 0x00, 0x00, 0x00, 0x00, 0x00, 0x00, 0x00, 0x00, 0x00, 0x00,
    0x00, 0x00, 0x00, 0x00, 0x00, 0x00, 0x00, 0x00, 0x00, 0x00, 0x00, 0x00, 0x00, 0x00, 0x00, 0x00,
    0x00, 0x00, 0x00, 0x00, 0x00, 0x00, 0x00, 0x00, 0x00, 0x00, 0x00, 0x00, 0x00, 0x00, 0x00, 0x00,
    0x00, 0x00, 0x00, 0x00, 0x00, 0x00, 0x00, 0x00, 0x00, 0x00, 0x00, 0x00, 0x00, 0x00, 0x00, 0x00,
    0x00, 0x00, 0x00, 0x00, 0x00, 0x00, 0x00, 0x00, 0x00, 0x00, 0x00, 0x00, 0x00, 0x00, 0x00, 0x00,
    0x00, 0x00, 0x40, 0x10, 0xe4, 0x70, 0xc4, 0x98, 0xa4, 0xb8, 0xa4, 0xb8, 0xa4, 0xc0, 0xa4, 0xc0,
    0xa4, 0xb8, 0xa4, 0xb8, 0xa4, 0xb8, 0xa5, 0xb8, 0xc4, 0x90, 0xa2, 0x40, 0x82, 0x18, 0xa3, 0x18,
    0xa3, 0x18, 0xa3, 0x18, 0xa3, 0x18, 0xa3, 0x18, 0xa3, 0x18, 0xa3, 0x18, 0xa2, 0x10, 0x82, 0x30,
    0xa3, 0x60, 0xc4, 0xa0, 0x63, 0xb0, 0x6e, 0xcb, 0xf8, 0xbd, 0x00, 0x00, 0x01, 0x00, 0x01, 0x00,
    0x21, 0x00, 0x21, 0x00, 0x21, 0x00, 0x21, 0x00, 0x00, 0x00, 0x62, 0x08, 0xc7, 0x39, 0xc7, 0x41,
    0xc7, 0x39, 0xe8, 0x41, 0x66, 0x31, 0x04, 0x21, 0xe8, 0x39, 0x08, 0x42, 0xe8, 0x41, 0x08, 0x42,
    0x09, 0x4a, 0x09, 0x4a, 0x09, 0x4a, 0x29, 0x4a, 0x29, 0x4a, 0x49, 0x4a, 0x6a, 0x52, 0x29, 0x4a,
    0x86, 0x31, 0x25, 0x29, 0x86, 0x31, 0x6a, 0x4a, 0x29, 0x42, 0xcb, 0x5a, 0xcb, 0x5a, 0x6a, 0x52,
    0xc8, 0x39, 0xa7, 0x31, 0x29, 0x4a, 0xcc, 0x5a, 0xcc, 0x5a, 0xab, 0x5a, 0xab, 0x5a, 0xab, 0x5a,
    0x8b, 0x52, 0x8b, 0x52, 0x6b, 0x52, 0x8a, 0x52, 0x6a, 0x52, 0x66, 0x29, 0xa7, 0x39, 0x49, 0x4a,
    0xe8, 0x41, 0x09, 0x42, 0xa3, 0x10, 0x00, 0x00, 0x21, 0x00, 0x21, 0x00, 0x21, 0x00, 0x01, 0x00,
    0x21, 0x08, 0x00, 0x00, 0x71, 0x8c, 0x92, 0xe4, 0x43, 0xb0, 0xe4, 0xa8, 0xa4, 0x78, 0xa3, 0x40,
    0xa3, 0x18, 0x83, 0x18, 0xa3, 0x18, 0xa3, 0x18, 0xa3, 0x18, 0xa3, 0x18, 0xa3, 0x18, 0xa3, 0x18,
    0xa3, 0x18, 0x82, 0x18, 0x83, 0x58, 0xc4, 0xa8, 0xa4, 0xc0, 0x83, 0xc0, 0x83, 0xc0, 0x83, 0xc0,
    0xa3, 0xc0, 0xa3, 0xc0, 0x83, 0xc0, 0xc5, 0xc0, 0xc3, 0x80, 0x62, 0x38, 0x00, 0x00, 0x00, 0x00,
    0x00, 0x00, 0x00, 0x00, 0x00, 0x00, 0x00, 0x00, 0x00, 0x00, 0x00, 0x00, 0x00, 0x00, 0x00, 0x00,
    0x00, 0x00, 0x00, 0x00, 0x00, 0x00, 0x00, 0x00, 0x00, 0x00, 0x00, 0x00, 0x00, 0x00, 0x00, 0x00,
    0x00, 0x00, 0x00, 0x00, 0x00, 0x00, 0x00, 0x00, 0x00, 0x00, 0x00, 0x00, 0x00, 0x00, 0x00, 0x00,
    0x00, 0x00, 0x00, 0x00, 0x00, 0x00, 0x00, 0x00, 0x00, 0x00, 0x00, 0x00, 0x00, 0x00, 0x00, 0x00,
    0x00, 0x00, 0x00, 0x00, 0x00, 0x00, 0x00, 0x00, 0x00, 0x00, 0x00, 0x00, 0x00, 0x00, 0x00, 0x00,
    0x00, 0x00, 0x00, 0x00, 0x00, 0x00, 0x00, 0x00, 0x00, 0x00, 0x00, 0x00, 0x00, 0x00, 0x00, 0x00,
    0x00, 0x00, 0x00, 0x00, 0x00, 0x00, 0x00, 0x00, 0x00, 0x00, 0x00, 0x00, 0x00, 0x00, 0x00, 0x00,
    0x00, 0x00, 0x00, 0x00, 0x00, 0x00, 0x00, 0x00, 0x00, 0x00, 0x00, 0x00, 0x00, 0x00, 0x00, 0x00,
    0x00, 0x00, 0x00, 0x00, 0x00, 0x00, 0x00, 0x00, 0x00, 0x00, 0x00, 0x00, 0x00, 0x00, 0x00, 0x00,
    0x00, 0x00, 0x00, 0x00, 0x00, 0x00, 0x00, 0x00, 0x00, 0x00, 0x00, 0x00, 0x00, 0x00, 0x00, 0x00,
    0x61, 0x28, 0xa3, 0x50, 0xa3, 0x78, 0x83, 0xb0, 0xa4, 0xc0, 0xc4, 0xb8, 0xa4, 0xb8, 0x84, 0xb8,
    0x84, 0xb8, 0xa4, 0xb8, 0xe4, 0xa8, 0xa4, 0x68, 0x82, 0x28, 0xa2, 0x10, 0xc3, 0x18, 0xc3, 0x18,
    0xa3, 0x18, 0xa3, 0x18, 0xa3, 0x18, 0xc3, 0x10, 0x83, 0x10, 0x82, 0x28, 0xa2, 0x60, 0xc4, 0xa0,
    0xc5, 0xc0, 0xc4, 0xc0, 0x42, 0xb0, 0x14, 0xdd, 0xcf, 0x73, 0x00, 0x00, 0x41, 0x08, 0x01, 0x00,
    0x21, 0x00, 0x21, 0x00, 0x21, 0x00, 0x21, 0x00, 0x01, 0x00, 0x41, 0x08, 0xa7, 0x39, 0xc8, 0x41,
    0x08, 0x42, 0x46, 0x29, 0x04, 0x21, 0xe8, 0x41, 0xe8, 0x39, 0xc8, 0x41, 0xe8, 0x41, 0x08, 0x42,
    0x09, 0x4a, 0x09, 0x4a, 0x09, 0x4a, 0x29, 0x4a, 0x4a, 0x4a, 0x29, 0x42, 0xa7, 0x31, 0x66, 0x29,
    0xc7, 0x39, 0x29, 0x4a, 0x4a, 0x4a, 0xab, 0x5a, 0x08, 0x42, 0xab, 0x5a, 0xcb, 0x5a, 0xcc, 0x5a,
    0xec, 0x62, 0xab, 0x5a, 0x08, 0x42, 0xe8, 0x41, 0x6a, 0x52, 0xcb, 0x5a, 0xab, 0x5a, 0x8b, 0x52,
    0xab, 0x5a, 0x8b, 0x52, 0x8b, 0x52, 0x8a, 0x52, 0x29, 0x4a, 0x08, 0x42, 0x45, 0x29, 0x87, 0x31,
    0x29, 0x4a, 0x09, 0x42, 0xa3, 0x10, 0x00, 0x00, 0x21, 0x00, 0x21, 0x00, 0x01, 0x00, 0x01, 0x00,
    0x21, 0x08, 0x00, 0x00, 0x08, 0x3a, 0xf8, 0xe5, 0xc4, 0xb0, 0xa3, 0xc0, 0xc4, 0xc0, 0xc4, 0xb0,
    0xc3, 0x78, 0xa2, 0x38, 0xa3, 0x18, 0xa3, 0x10, 0xa3, 0x18, 0xa3, 0x18, 0xa3, 0x18, 0xa3, 0x18,
    0xa3, 0x18, 0xc3, 0x18, 0xa3, 0x10, 0x82, 0x30, 0xa4, 0x88, 0xa4, 0xc0, 0xa3, 0xc0, 0xa3, 0xc0,
    0xa3, 0xc0, 0xa3, 0xc0, 0xa4, 0xc0, 0xa3, 0xb8, 0x83, 0xa0, 0xc5, 0xb8, 0x62, 0x48, 0x00, 0x00,
    0x00, 0x00, 0x00, 0x00, 0x00, 0x00, 0x00, 0x00, 0x00, 0x00, 0x00, 0x00, 0x00, 0x00, 0x00, 0x00,
    0x00, 0x00, 0x00, 0x00, 0x00, 0x00, 0x00, 0x00, 0x00, 0x00, 0x00, 0x00, 0x00, 0x00, 0x00, 0x00,
    0x00, 0x00, 0x00, 0x00, 0x00, 0x00, 0x00, 0x00, 0x00, 0x00, 0x00, 0x00, 0x00, 0x00, 0x00, 0x00,
    0x00, 0x00, 0x00, 0x00, 0x00, 0x00, 0x00, 0x00, 0x00, 0x00, 0x00, 0x00, 0x00, 0x00, 0x00, 0x00,
    0x00, 0x00, 0x00, 0x00, 0x00, 0x00, 0x00, 0x00, 0x00, 0x00, 0x00, 0x00, 0x00, 0x00, 0x00, 0x00,
    0x00, 0x00, 0x00, 0x00, 0x00, 0x00, 0x00, 0x00, 0x00, 0x00, 0x00, 0x00, 0x00, 0x00, 0x00, 0x00,
    0x00, 0x00, 0x00, 0x00, 0x00, 0x00, 0x00, 0x00, 0x00, 0x00, 0x00, 0x00, 0x00, 0x00, 0x00, 0x00,
    0x00, 0x00, 0x00, 0x00, 0x00, 0x00, 0x00, 0x00, 0x00, 0x00, 0x00, 0x00, 0x00, 0x00, 0x00, 0x00,
    0x00, 0x00, 0x00, 0x00, 0x00, 0x00, 0x00, 0x00, 0x00, 0x00, 0x00, 0x00, 0x00, 0x00, 0x00, 0x00,
    0x00, 0x00, 0x00, 0x00, 0x00, 0x00, 0x00, 0x00, 0x00, 0x00, 0x00, 0x00, 0x00, 0x00, 0x41, 0x28,
    0x05, 0xa1, 0xc3, 0xa0, 0x82, 0x90, 0x83, 0xa8, 0x82, 0xa0, 0xc4, 0xb0, 0xa4, 0xb8, 0xa4, 0xb0,
    0xa4, 0xb8, 0xc5, 0x98, 0xa3, 0x48, 0x82, 0x18, 0x83, 0x18, 0xa3, 0x18, 0xa3, 0x18, 0xa3, 0x18,
    0xa3, 0x18, 0xa3, 0x18, 0xa3, 0x10, 0x82, 0x18, 0x82, 0x58, 0xe4, 0x90, 0xc4, 0xc0, 0xa4, 0xc0,
    0xa4, 0xb8, 0xa4, 0xc0, 0xe5, 0xb0, 0x18, 0xe6, 0xc7, 0x31, 0x00, 0x00, 0x21, 0x00, 0x21, 0x00,
    0x21, 0x00, 0x21, 0x00, 0x21, 0x00, 0x21, 0x00, 0x21, 0x00, 0x21, 0x00, 0x66, 0x31, 0xe8, 0x41,
    0x25, 0x29, 0x04, 0x21, 0xe8, 0x41, 0xe8, 0x39, 0xe8, 0x41, 0xe8, 0x41, 0xe8, 0x41, 0xe8, 0x41,
    0x09, 0x4a, 0x09, 0x4a, 0x29, 0x4a, 0x29, 0x4a, 0xc7, 0x39, 0x66, 0x29, 0xc8, 0x39, 0x4a, 0x4a,
    0x4a, 0x4a, 0x29, 0x4a, 0x29, 0x4a, 0xab, 0x52, 0x08, 0x42, 0xab, 0x52, 0xab, 0x5a, 0xab, 0x5a,
    0xab, 0x5a, 0xab, 0x5a, 0xcc, 0x5a, 0x8b, 0x52, 0x29, 0x42, 0x29, 0x4a, 0x8b, 0x52, 0xab, 0x5a,
    0xab, 0x5a, 0x8b, 0x52, 0x8b, 0x52, 0x8b, 0x52, 0x49, 0x4a, 0xe8, 0x41, 0x09, 0x42, 0x25, 0x21,
    0x45, 0x29, 0x49, 0x4a, 0xa3, 0x18, 0x00, 0x00, 0x21, 0x00, 0x01, 0x00, 0x01, 0x00, 0x01, 0x00,
    0x01, 0x08, 0x00, 0x00, 0x62, 0x08, 0xf7, 0xcd, 0x29, 0xba, 0x63, 0xb8, 0xa4, 0xb8, 0xa3, 0xc0,
    0xc3, 0xc0, 0xe4, 0xa8, 0xc3, 0x78, 0x83, 0x38, 0x83, 0x18, 0xa3, 0x18, 0xa3, 0x18, 0xa3, 0x18,
    0xa3, 0x18, 0xa3, 0x18, 0xa3, 0x18, 0xa3, 0x10, 0x82, 0x20, 0xa3, 0x68, 0xc4, 0xb8, 0xa3, 0xc0,
    0xa3, 0xc0, 0xa3, 0xc0, 0xa3, 0xc8, 0xa4, 0xb8, 0x83, 0x98, 0x84, 0xc0, 0xc4, 0xb0, 0x82, 0x48,
    0x00, 0x00, 0x00, 0x00, 0x00, 0x00, 0x00, 0x00, 0x00, 0x00, 0x00, 0x00, 0x00, 0x00, 0x00, 0x00,
    0x00, 0x00, 0x00, 0x00, 0x00, 0x00, 0x00, 0x00, 0x00, 0x00, 0x00, 0x00, 0x00, 0x00, 0x00, 0x00,
    0x00, 0x00, 0x00, 0x00, 0x00, 0x00, 0x00, 0x00, 0x00, 0x00, 0x00, 0x00, 0x00, 0x00, 0x00, 0x00,
    0x00, 0x00, 0x00, 0x00, 0x00, 0x00, 0x00, 0x00, 0x00, 0x00, 0x00, 0x00, 0x00, 0x00, 0x00, 0x00,
    0x00, 0x00, 0x00, 0x00, 0x00, 0x00, 0x00, 0x00, 0x00, 0x00, 0x00, 0x00, 0x00, 0x00, 0x00, 0x00,
    0x00, 0x00, 0x00, 0x00, 0x00, 0x00, 0x00, 0x00, 0x00, 0x00, 0x00, 0x00, 0x00, 0x00, 0x00, 0x00,
    0x00, 0x00, 0x00, 0x00, 0x00, 0x00, 0x00, 0x00, 0x00, 0x00, 0x00, 0x00, 0x00, 0x00, 0x00, 0x00,
    0x00, 0x00, 0x00, 0x00, 0x00, 0x00, 0x00, 0x00, 0x00, 0x00, 0x00, 0x00, 0x00, 0x00, 0x00, 0x00,
    0x00, 0x00, 0x00, 0x00, 0x00, 0x00, 0x00, 0x00, 0x00, 0x00, 0x00, 0x00, 0x00, 0x00, 0x00, 0x00,
    0x00, 0x00, 0x00, 0x00, 0x00, 0x00, 0x00, 0x00, 0x00, 0x00, 0x00, 0x00, 0x61, 0x28, 0xe5, 0x90,
    0xc4, 0xb8, 0xa3, 0xb8, 0xc4, 0xb8, 0xc4, 0xb8, 0xa3, 0xb0, 0x83, 0xa0, 0xc4, 0xb0, 0xe5, 0xb0,
    0xc4, 0x80, 0x82, 0x28, 0x82, 0x10, 0xa3, 0x18, 0xa3, 0x18, 0xa3, 0x18, 0xa3, 0x18, 0xa2, 0x18,
    0xa3, 0x18, 0x82, 0x10, 0x82, 0x40, 0xa4, 0x88, 0xc4, 0xb8, 0xa4, 0xc0, 0xa4, 0xb8, 0xa4, 0xb8,
    0xa4, 0xb8, 0x63, 0xb8, 0x09, 0xba, 0x18, 0xce, 0x61, 0x08, 0x01, 0x00, 0x21, 0x00, 0x21, 0x00,
    0x21, 0x00, 0x21, 0x00, 0x21, 0x00, 0x21, 0x00, 0x21, 0x00, 0x00, 0x00, 0x86, 0x31, 0x66, 0x29,
    0xc3, 0x18, 0xe8, 0x41, 0xe8, 0x39, 0xc8, 0x41, 0xe8, 0x41, 0xe8, 0x41, 0xe8, 0x41, 0x08, 0x42,
    0x09, 0x4a, 0x09, 0x4a, 0xc8, 0x39, 0x86, 0x31, 0xc7, 0x39, 0x29, 0x4a, 0x49, 0x4a, 0x29, 0x4a,
    0x29, 0x4a, 0x29, 0x4a, 0x09, 0x42, 0xab, 0x52, 0xe8, 0x41, 0xab, 0x52, 0xab, 0x5a, 0xab, 0x5a,
    0xab, 0x5a, 0xab, 0x5a, 0xab, 0x5a, 0xac, 0x5a, 0xcc, 0x5a, 0x8a, 0x52, 0x09, 0x42, 0x29, 0x4a,
    0xab, 0x5a, 0xab, 0x5a, 0x8b, 0x52, 0x8b, 0x52, 0x6a, 0x52, 0xe8, 0x41, 0xe8, 0x41, 0x08, 0x42,
    0xa3, 0x10, 0x25, 0x21, 0xc3, 0x18, 0x00, 0x00, 0x21, 0x00, 0x01, 0x00, 0x01, 0x00, 0x01, 0x00,
    0x01, 0x00, 0x21, 0x08, 0x00, 0x00, 0x91, 0x94, 0xce, 0xd3, 0x22, 0xb0, 0xc4, 0xc0, 0xa4, 0xc0,
    0xa4, 0xc0, 0xa4, 0xc0, 0xc4, 0xc0, 0xc4, 0xa8, 0xa4, 0x68, 0x82, 0x20, 0xa2, 0x10, 0xa3, 0x18,
    0xa3, 0x18, 0xa3, 0x18, 0xa3, 0x18, 0xa3, 0x18, 0xa4, 0x18, 0x82, 0x18, 0xa2, 0x48, 0xc4, 0xa0,
    0xc4, 0xb8, 0xa3, 0xb0, 0xa3, 0xc8, 0xa3, 0xa0, 0x83, 0x98, 0xa3, 0xc0, 0xa4, 0xb8, 0xc5, 0xa8,
    0x82, 0x48, 0x00, 0x00, 0x00, 0x00, 0x00, 0x00, 0x00, 0x00, 0x00, 0x00, 0x00, 0x00, 0x00, 0x00,
    0x00, 0x00, 0x00, 0x00, 0x00, 0x00, 0x00, 0x00, 0x00, 0x00, 0x00, 0x00, 0x00, 0x00, 0x00, 0x00,
    0x00, 0x00, 0x00, 0x00, 0x00, 0x00, 0x00, 0x00, 0x00, 0x00, 0x00, 0x00, 0x00, 0x00, 0x00, 0x00,
    0x00, 0x00, 0x00, 0x00, 0x00, 0x00, 0x00, 0x00, 0x00, 0x00, 0x00, 0x00, 0x00, 0x00, 0x00, 0x00,
    0x00, 0x00, 0x00, 0x00, 0x00, 0x00, 0x00, 0x00, 0x00, 0x00, 0x00, 0x00, 0x00, 0x00, 0x00, 0x00,
    0x00, 0x00, 0x00, 0x00, 0x00, 0x00, 0x00, 0x00, 0x00, 0x00, 0x00, 0x00, 0x00, 0x00, 0x00, 0x00,
    0x00, 0x00, 0x00, 0x00, 0x00, 0x00, 0x00, 0x00, 0x00, 0x00, 0x00, 0x00, 0x00, 0x00, 0x00, 0x00,
    0x00, 0x00, 0x00, 0x00, 0x00, 0x00, 0x00, 0x00, 0x00, 0x00, 0x00, 0x00, 0x00, 0x00, 0x00, 0x00,
    0x00, 0x00, 0x00, 0x00, 0x00, 0x00, 0x00, 0x00, 0x00, 0x00, 0x00, 0x00, 0x00, 0x00, 0x00, 0x00,
    0x00, 0x00, 0x00, 0x00, 0x00, 0x00, 0x00, 0x00, 0x00, 0x00, 0x61, 0x30, 0xe5, 0x90, 0x83, 0xa8,
    0xa3, 0xb8, 0xa4, 0xb8, 0xa3, 0xb8, 0xa4, 0xb8, 0xc4, 0xb8, 0xc3, 0xa8, 0xe5, 0xa0, 0xa3, 0x70,
    0x82, 0x20, 0x83, 0x10, 0xa3, 0x18, 0xa3, 0x18, 0xa3, 0x18, 0xa3, 0x18, 0xa3, 0x18, 0xa3, 0x10,
    0x62, 0x20, 0xa3, 0x60, 0xc4, 0xa8, 0xa4, 0xc0, 0x84, 0xc0, 0xa3, 0xc0, 0xa3, 0xc0, 0xa4, 0xc0,
    0xa4, 0xc0, 0x22, 0xb0, 0xaf, 0xd3, 0xf3, 0x9c, 0x00, 0x00, 0x21, 0x08, 0x21, 0x00, 0x21, 0x00,
    0x21, 0x00, 0x21, 0x00, 0x21, 0x00, 0x21, 0x00, 0x01, 0x00, 0x41, 0x08, 0x86, 0x31, 0xa3, 0x18,
    0xa7, 0x39, 0xc8, 0x39, 0xc8, 0x41, 0xc8, 0x41, 0xe8, 0x41, 0xe8, 0x41, 0x08, 0x42, 0x08, 0x42,
    0xc8, 0x41, 0x86, 0x31, 0xa7, 0x39, 0x29, 0x4a, 0x49, 0x4a, 0x29, 0x4a, 0x29, 0x4a, 0x29, 0x4a,
    0x29, 0x4a, 0x29, 0x4a, 0x09, 0x42, 0x8b, 0x52, 0x08, 0x42, 0xab, 0x5a, 0xab, 0x5a, 0xab, 0x5a,
    0xab, 0x5a, 0xab, 0x5a, 0xab, 0x5a, 0xab, 0x5a, 0xab, 0x5a, 0xab, 0x5a, 0xab, 0x5a, 0x2a, 0x4a,
    0xe9, 0x41, 0x4a, 0x4a, 0xab, 0x5a, 0x8b, 0x52, 0x8b, 0x52, 0x29, 0x42, 0xc8, 0x39, 0xe8, 0x41,
    0xc8, 0x39, 0x41, 0x08, 0x21, 0x00, 0x21, 0x00, 0x21, 0x00, 0x01, 0x00, 0x01, 0x00, 0x01, 0x00,
    0x01, 0x00, 0x21, 0x08, 0x00, 0x00, 0xeb, 0x5a, 0xf4, 0xe4, 0x42, 0xb8, 0xc4, 0xc0, 0xa4, 0xc0,
    0xa4, 0xc0, 0xa3, 0xc0, 0xa3, 0xc0, 0xa4, 0xc0, 0xc4, 0xc0, 0xc3, 0x90, 0xa3, 0x48, 0x82, 0x18,
    0xa3, 0x18, 0xa3, 0x18, 0xa3, 0x18, 0xa3, 0x18, 0xa3, 0x18, 0xa3, 0x18, 0x83, 0x10, 0x83, 0x30,
    0xc4, 0x78, 0xc4, 0xb0, 0xc4, 0xc0, 0xa3, 0x98, 0xa4, 0xb8, 0x83, 0xb8, 0xa3, 0xb0, 0xa3, 0xa8,
    0xe4, 0xa8, 0x83, 0x58, 0x00, 0x00, 0x00, 0x00, 0x00, 0x00, 0x00, 0x00, 0x00, 0x00, 0x00, 0x00,
    0x00, 0x00, 0x00, 0x00, 0x00, 0x00, 0x00, 0x00, 0x00, 0x00, 0x00, 0x00, 0x00, 0x00, 0x00, 0x00,
    0x00, 0x00, 0x00, 0x00, 0x00, 0x00, 0x00, 0x00, 0x00, 0x00, 0x00, 0x00, 0x00, 0x00, 0x00, 0x00,
    0x00, 0x00, 0x00, 0x00, 0x00, 0x00, 0x00, 0x00, 0x00, 0x00, 0x00, 0x00, 0x00, 0x00, 0x00, 0x00,
    0x00, 0x00, 0x00, 0x00, 0x00, 0x00, 0x00, 0x00, 0x00, 0x00, 0x00, 0x00, 0x00, 0x00, 0x00, 0x00,
    0x00, 0x00, 0x00, 0x00, 0x00, 0x00, 0x00, 0x00, 0x00, 0x00, 0x00, 0x00, 0x00, 0x00, 0x00, 0x00,
    0x00, 0x00, 0x00, 0x00, 0x00, 0x00, 0x00, 0x00, 0x00, 0x00, 0x00, 0x00, 0x00, 0x00, 0x00, 0x00,
    0x00, 0x00, 0x00, 0x00, 0x00, 0x00, 0x00, 0x00, 0x00, 0x00, 0x00, 0x00, 0x00, 0x00, 0x00, 0x00,
    0x00, 0x00, 0x00, 0x00, 0x00, 0x00, 0x00, 0x00, 0x00, 0x00, 0x00, 0x00, 0x00, 0x00, 0x00, 0x00,
    0x00, 0x00, 0x00, 0x00, 0x00, 0x00, 0x00, 0x00, 0x61, 0x38, 0x04, 0xa9, 0xa3, 0xb0, 0xa3, 0xa8,
    0xa4, 0xb8, 0xa4, 0xb8, 0xa4, 0xb8, 0xa3, 0xb8, 0xc4, 0xc0, 0xc4, 0x98, 0x83, 0x48, 0x82, 0x18,
    0x83, 0x18, 0x83, 0x18, 0x83, 0x18, 0xa3, 0x18, 0xa3, 0x18, 0xa3, 0x18, 0xa2, 0x10, 0x82, 0x38,
    0xa4, 0x88, 0xc4, 0xb8, 0xa3, 0xb8, 0xa4, 0xb8, 0x84, 0xc0, 0xa3, 0xc0, 0xa4, 0xc0, 0xa4, 0xc0,
    0xa4, 0xc0, 0x42, 0xb0, 0x14, 0xdd, 0x2d, 0x63, 0x00, 0x00, 0x21, 0x08, 0x21, 0x00, 0x01, 0x00,
    0x21, 0x00, 0x21, 0x00, 0x21, 0x00, 0x21, 0x00, 0x00, 0x00, 0x04, 0x21, 0xc4, 0x18, 0x25, 0x21,
    0xe8, 0x39, 0xc7, 0x39, 0xc8, 0x41, 0xc8, 0x41, 0xc8, 0x41, 0xe8, 0x41, 0xe8, 0x41, 0x86, 0x31,
    0x86, 0x31, 0xe8, 0x41, 0x29, 0x4a, 0x09, 0x4a, 0x29, 0x4a, 0x29, 0x4a, 0x29, 0x4a, 0x29, 0x4a,
    0x29, 0x42, 0x29, 0x4a, 0x29, 0x4a, 0x8b, 0x52, 0x08, 0x42, 0x8a, 0x52, 0xab, 0x5a, 0xab, 0x5a,
    0xab, 0x5a, 0xab, 0x5a, 0xab, 0x5a, 0xab, 0x5a, 0xab, 0x5a, 0xab, 0x52, 0x8b, 0x5a, 0xab, 0x5a,
    0x8b, 0x52, 0x09, 0x42, 0xe8, 0x39, 0x6a, 0x52, 0x8b, 0x52, 0x4a, 0x4a, 0xe8, 0x41, 0xc8, 0x41,
    0x09, 0x42, 0x66, 0x31, 0x00, 0x00, 0x21, 0x00, 0x21, 0x00, 0x01, 0x00, 0x01, 0x00, 0x01, 0x00,
    0x01, 0x00, 0x21, 0x08, 0x00, 0x00, 0x66, 0x29, 0xb6, 0xdd, 0xe4, 0xb8, 0xa3, 0xc0, 0xa4, 0xc0,
    0xa4, 0xc0, 0xa4, 0xc0, 0xa4, 0xc0, 0xa4, 0xc0, 0xa4, 0xc0, 0xa3, 0xc0, 0xe4, 0xb0, 0xa3, 0x70,
    0x82, 0x28, 0x83, 0x10, 0xa3, 0x18, 0xa3, 0x18, 0xa3, 0x18, 0xa3, 0x18, 0xa3, 0x18, 0xa3, 0x18,
    0xa2, 0x20, 0xc4, 0x70, 0xe5, 0xb0, 0x83, 0x90, 0x83, 0x98, 0xc4, 0xb8, 0xa3, 0xb0, 0xa3, 0xb0,
    0xc3, 0xb8, 0xc4, 0xb8, 0x82, 0x58, 0x00, 0x00, 0x00, 0x00, 0x00, 0x00, 0x00, 0x00, 0x00, 0x00,
    0x00, 0x00, 0x00, 0x00, 0x00, 0x00, 0x00, 0x00, 0x00, 0x00, 0x00, 0x00, 0x00, 0x00, 0x00, 0x00,
    0x00, 0x00, 0x00, 0x00, 0x00, 0x00, 0x00, 0x00, 0x00, 0x00, 0x00, 0x00, 0x00, 0x00, 0x00, 0x00,
    0x00, 0x00, 0x00, 0x00, 0x00, 0x00, 0x00, 0x00, 0x00, 0x00, 0x00, 0x00, 0x00, 0x00, 0x00, 0x00,
    0x00, 0x00, 0x00, 0x00, 0x00, 0x00, 0x00, 0x00, 0x00, 0x00, 0x00, 0x00, 0x00, 0x00, 0x00, 0x00,
    0x00, 0x00, 0x00, 0x00, 0x00, 0x00, 0x00, 0x00, 0x00, 0x00, 0x00, 0x00, 0x00, 0x00, 0x00, 0x00,
    0x00, 0x00, 0x00, 0x00, 0x00, 0x00, 0x00, 0x00, 0x00, 0x00, 0x00, 0x00, 0x00, 0x00, 0x00, 0x00,
    0x00, 0x00, 0x00, 0x00, 0x00, 0x00, 0x00, 0x00, 0x00, 0x00, 0x00, 0x00, 0x00, 0x00, 0x00, 0x00,
    0x00, 0x00, 0x00, 0x00, 0x00, 0x00, 0x00, 0x00, 0x00, 0x00, 0x00, 0x00, 0x00, 0x00, 0x00, 0x00,
    0x00, 0x00, 0x00, 0x00, 0x00, 0x00, 0x61, 0x30, 0x05, 0xa9, 0xa4, 0xb8, 0xa4, 0xb8, 0xa4, 0xb8,
    0xa3, 0xb0, 0xa3, 0xa8, 0xa4, 0xb8, 0xc4, 0xc0, 0xe5, 0xa0, 0x82, 0x38, 0x82, 0x10, 0xa3, 0x18,
    0xa3, 0x18, 0xa3, 0x18, 0xa3, 0x18, 0xa3, 0x18, 0xa3, 0x18, 0x82, 0x18, 0xa2, 0x50, 0xe4, 0xa8,
    0xa4, 0xc0, 0xa4, 0xb8, 0xa3, 0xb8, 0xa4, 0xc0, 0x84, 0xc0, 0x84, 0xc0, 0x84, 0xc0, 0xa4, 0xc0,
    0x84, 0xc0, 0xc4, 0xb0, 0x38, 0xde, 0xc7, 0x31, 0x00, 0x00, 0x21, 0x08, 0x01, 0x00, 0x01, 0x00,
    0x21, 0x00, 0x21, 0x00, 0x21, 0x00, 0x01, 0x00, 0x41, 0x08, 0xc3, 0x18, 0xa3, 0x10, 0xc7, 0x39,
    0xc7, 0x39, 0xc7, 0x39, 0xa7, 0x39, 0xa7, 0x39, 0xe8, 0x41, 0x87, 0x31, 0x46, 0x31, 0xa7, 0x39,
    0x09, 0x42, 0x09, 0x4a, 0x09, 0x4a, 0x09, 0x4a, 0x09, 0x4a, 0x29, 0x4a, 0x29, 0x4a, 0x4a, 0x4a,
    0x6a, 0x52, 0x6a, 0x52, 0x4a, 0x4a, 0x6a, 0x52, 0x08, 0x42, 0x29, 0x4a, 0x6a, 0x52, 0xcb, 0x5a,
    0xab, 0x5a, 0xab, 0x5a, 0xab, 0x5a, 0xab, 0x5a, 0x8b, 0x52, 0x8b, 0x5a, 0xab, 0x5a, 0x8b, 0x52,
    0x8b, 0x5a, 0xab, 0x5a, 0x29, 0x4a, 0xa7, 0x39, 0x09, 0x4a, 0x8b, 0x52, 0xe8, 0x41, 0xe8, 0x39,
    0xe8, 0x39, 0x09, 0x42, 0xe4, 0x20, 0x00, 0x00, 0x21, 0x08, 0x01, 0x00, 0x01, 0x00, 0x01, 0x00,
    0x01, 0x00, 0x21, 0x00, 0x00, 0x00, 0x62, 0x08, 0xd6, 0xcd, 0xc7, 0xc1, 0x42, 0xb8, 0xa4, 0xc0,
    0xa4, 0xc0, 0xa4, 0xc0, 0xa4, 0xc0, 0xa4, 0xc0, 0xa4, 0xc0, 0xa4, 0xc0, 0x84, 0xc0, 0xc4, 0xc0,
    0xe4, 0x90, 0x83, 0x38, 0x62, 0x18, 0xa3, 0x18, 0xa3, 0x18, 0xa3, 0x18, 0xa3, 0x18, 0xa3, 0x18,
    0xa3, 0x18, 0x82, 0x18, 0xc3, 0x68, 0xc4, 0xa8, 0x83, 0x88, 0x83, 0x70, 0xc4, 0xb0, 0xa3, 0xb8,
    0xa3, 0xb0, 0x83, 0xb8, 0xc5, 0xb8, 0x83, 0x60, 0x00, 0x00, 0x00, 0x00, 0x00, 0x00, 0x00, 0x00,
    0x00, 0x00, 0x00, 0x00, 0x00, 0x00, 0x00, 0x00, 0x00, 0x00, 0x00, 0x00, 0x00, 0x00, 0x00, 0x00,
    0x00, 0x00, 0x00, 0x00, 0x00, 0x00, 0x00, 0x00, 0x00, 0x00, 0x00, 0x00, 0x00, 0x00, 0x00, 0x00,
    0x00, 0x00, 0x00, 0x00, 0x00, 0x00, 0x00, 0x00, 0x00, 0x00, 0x00, 0x00, 0x00, 0x00, 0x00, 0x00,
    0x00, 0x00, 0x00, 0x00, 0x00, 0x00, 0x00, 0x00, 0x00, 0x00, 0x00, 0x00, 0x00, 0x00, 0x00, 0x00,
    0x00, 0x00, 0x00, 0x00, 0x00, 0x00, 0x00, 0x00, 0x00, 0x00, 0x00, 0x00, 0x00, 0x00, 0x00, 0x00,
    0x00, 0x00, 0x00, 0x00, 0x00, 0x00, 0x00, 0x00, 0x00, 0x00, 0x00, 0x00, 0x00, 0x00, 0x00, 0x00,
    0x00, 0x00, 0x00, 0x00, 0x00, 0x00, 0x00, 0x00, 0x00, 0x00, 0x00, 0x00, 0x00, 0x00, 0x00, 0x00,
    0x00, 0x00, 0x00, 0x00, 0x00, 0x00, 0x00, 0x00, 0x00, 0x00, 0x00, 0x00, 0x00, 0x00, 0x00, 0x00,
    0x00, 0x00, 0x00, 0x00, 0x20, 0x08, 0xe5, 0x88, 0xa4, 0xc0, 0xa4, 0xb0, 0xa4, 0xb8, 0xa4, 0xb8,
    0x83, 0xb0, 0xc4, 0xa8, 0xc4, 0xb8, 0xc4, 0x90, 0x62, 0x30, 0xa3, 0x18, 0xa3, 0x18, 0x83, 0x18,
    0xa3, 0x18, 0xa3, 0x18, 0xa3, 0x18, 0x83, 0x10, 0x82, 0x20, 0xc3, 0x70, 0xc5, 0xb0, 0xa4, 0xb8,
    0x83, 0xb8, 0x83, 0xb8, 0xa3, 0xc0, 0x83, 0xc0, 0x83, 0xc0, 0x84, 0xc0, 0x84, 0xc0, 0xa4, 0xc0,
    0x63, 0xb8, 0xc8, 0xb9, 0xf8, 0xcd, 0x82, 0x08, 0x00, 0x00, 0x21, 0x00, 0x21, 0x00, 0x21, 0x00,
    0x21, 0x00, 0x21, 0x00, 0x21, 0x00, 0x21, 0x00, 0x21, 0x00, 0x21, 0x00, 0x66, 0x31, 0xe8, 0x39,
    0xa7, 0x39, 0x86, 0x31, 0xc8, 0x39, 0xa8, 0x39, 0x26, 0x29, 0x66, 0x31, 0xe8, 0x41, 0x08, 0x42,
    0x08, 0x42, 0x09, 0x42, 0x09, 0x42, 0x09, 0x4a, 0x09, 0x4a, 0x29, 0x4a, 0x4a, 0x4a, 0x49, 0x4a,
    0xe8, 0x41, 0xa7, 0x39, 0x87, 0x39, 0xa7, 0x39, 0xa7, 0x39, 0xa7, 0x31, 0xa7, 0x39, 0xe8, 0x41,
    0x4a, 0x4a, 0x8b, 0x52, 0xcc, 0x5a, 0xab, 0x5a, 0x8b, 0x5a, 0xab, 0x5a, 0xab, 0x5a, 0xab, 0x5a,
    0x8b, 0x52, 0x8b, 0x52, 0xab, 0x5a, 0x8a, 0x52, 0xa7, 0x39, 0xc7, 0x39, 0x49, 0x4a, 0xe8, 0x39,
    0xe8, 0x41, 0xe8, 0x41, 0xe8, 0x41, 0x82, 0x10, 0x00, 0x00, 0x21, 0x00, 0x01, 0x00, 0x01, 0x00,
    0x01, 0x00, 0x01, 0x00, 0x21, 0x08, 0x00, 0x00, 0xf3, 0xa4, 0x2d, 0xd3, 0x22, 0xb8, 0xa4, 0xc0,
    0xa3, 0xc0, 0xa4, 0xc0, 0xa4, 0xc0, 0xa4, 0xc0, 0xa4, 0xc0, 0xa4, 0xc0, 0xa4, 0xc0, 0xa4, 0xc0,
    0xa4, 0xb8, 0xc4, 0xa0, 0xa3, 0x58, 0x82, 0x18, 0xc3, 0x18, 0xa3, 0x18, 0xa3, 0x18, 0xa3, 0x18,
    0xa3, 0x18, 0xa3, 0x18, 0x82, 0x18, 0x83, 0x68, 0xe5, 0xb0, 0x83, 0x78, 0x82, 0x88, 0xc4, 0xc0,
    0xa4, 0xb8, 0xa4, 0xb8, 0x84, 0xb0, 0xe5, 0xb0, 0x83, 0x50, 0x00, 0x00, 0x00, 0x00, 0x00, 0x00,
    0x00, 0x00, 0x00, 0x00, 0x00, 0x00, 0x00, 0x00, 0x00, 0x00, 0x00, 0x00, 0x00, 0x00, 0x00, 0x00,
    0x00, 0x00, 0x00, 0x00, 0x00, 0x00, 0x00, 0x00, 0x00, 0x00, 0x00, 0x00, 0x00, 0x00, 0x00, 0x00,
    0x00, 0x00, 0x00, 0x00, 0x00, 0x00, 0x00, 0x00, 0x00, 0x00, 0x00, 0x00, 0x00, 0x00, 0x00, 0x00,
    0x00, 0x00, 0x00, 0x00, 0x00, 0x00, 0x00, 0x00, 0x00, 0x00, 0x00, 0x00, 0x00, 0x00, 0x00, 0x00,
    0x00, 0x00, 0x00, 0x00, 0x00, 0x00, 0x00, 0x00, 0x00, 0x00, 0x00, 0x00, 0x00, 0x00, 0x00, 0x00,
    0x00, 0x00, 0x00, 0x00, 0x00, 0x00, 0x00, 0x00, 0x00, 0x00, 0x00, 0x00, 0x00, 0x00, 0x00, 0x00,
    0x00, 0x00, 0x00, 0x00, 0x00, 0x00, 0x00, 0x00, 0x00, 0x00, 0x00, 0x00, 0x00, 0x00, 0x00, 0x00,
    0x00, 0x00, 0x00, 0x00, 0x00, 0x00, 0x00, 0x00, 0x00, 0x00, 0x00, 0x00, 0x00, 0x00, 0x00, 0x00,
    0x00, 0x00, 0x62, 0x38, 0xe4, 0x70, 0x62, 0x58, 0xc4, 0xb0, 0xa4, 0xb8, 0xa4, 0xb8, 0x83, 0xb0,
    0xa4, 0xb0, 0xc4, 0xb8, 0xc4, 0xb0, 0xc4, 0x70, 0xa3, 0x28, 0xa3, 0x18, 0xa3, 0x18, 0xa3, 0x18,
    0xa3, 0x18, 0xa3, 0x18, 0x82, 0x10, 0x82, 0x30, 0xc4, 0x88, 0xc4, 0xb8, 0xa4, 0xb0, 0xa4, 0xb8,
    0xa3, 0xb8, 0x83, 0xb8, 0x84, 0xc0, 0x83, 0xc0, 0x83, 0xc0, 0x84, 0xc0, 0x84, 0xc0, 0xa4, 0xc0,
    0x22, 0xb8, 0xec, 0xca, 0x75, 0xad, 0x00, 0x00, 0x21, 0x08, 0x01, 0x00, 0x21, 0x00, 0x21, 0x00,
    0x21, 0x00, 0x21, 0x00, 0x21, 0x00, 0x21, 0x00, 0x00, 0x00, 0x25, 0x21, 0xc8, 0x39, 0x66, 0x31,
    0x87, 0x31, 0xc8, 0x41, 0x67, 0x31, 0x26, 0x29, 0xa7, 0x39, 0xe8, 0x41, 0xe8, 0x41, 0xe8, 0x41,
    0xe8, 0x41, 0x08, 0x42, 0x09, 0x42, 0x09, 0x4a, 0x29, 0x4a, 0x09, 0x4a, 0xc8, 0x41, 0xa7, 0x39,
    0xc8, 0x41, 0xc8, 0x39, 0xa7, 0x39, 0x66, 0x31, 0x46, 0x29, 0x66, 0x29, 0xa7, 0x31, 0xc8, 0x39,
    0xa7, 0x39, 0xe8, 0x39, 0x29, 0x4a, 0x8b, 0x52, 0xcc, 0x5a, 0xab, 0x5a, 0xab, 0x5a, 0xab, 0x5a,
    0xab, 0x5a, 0x8b, 0x5a, 0x8a, 0x5a, 0x8a, 0x5a, 0xab, 0x5a, 0xe8, 0x39, 0x66, 0x29, 0x29, 0x42,
    0xe8, 0x41, 0xc8, 0x39, 0xe8, 0x41, 0xa7, 0x31, 0x21, 0x08, 0x01, 0x00, 0x01, 0x00, 0x01, 0x00,
    0x01, 0x00, 0x01, 0x00, 0x21, 0x08, 0x00, 0x00, 0xcf, 0x7b, 0x72, 0xdc, 0x22, 0xb0, 0xa4, 0xc0,
    0xa4, 0xc0, 0xa4, 0xc0, 0xa4, 0xc0, 0xa4, 0xc0, 0xa4, 0xc0, 0xa4, 0xc0, 0xa4, 0xc0, 0xa4, 0xc0,
    0xa3, 0xb8, 0xa4, 0xb8, 0xc5, 0xb0, 0xa3, 0x60, 0x82, 0x18, 0xa3, 0x18, 0xa3, 0x18, 0xa3, 0x18,
    0xa3, 0x18, 0xa3, 0x18, 0xa3, 0x18, 0x82, 0x18, 0xa3, 0x58, 0x05, 0xa9, 0x82, 0x78, 0xc4, 0xa0,
    0xa3, 0xa0, 0xa3, 0x98, 0xa3, 0xa8, 0xa4, 0xb0, 0xe4, 0xb0, 0x82, 0x48, 0x00, 0x00, 0x00, 0x00,
    0x00, 0x00, 0x00, 0x00, 0x00, 0x00, 0x00, 0x00, 0x00, 0x00, 0x00, 0x00, 0x00, 0x00, 0x00, 0x00,
    0x00, 0x00, 0x00, 0x00, 0x00, 0x00, 0x00, 0x00, 0x00, 0x00, 0x00, 0x00, 0x00, 0x00, 0x00, 0x00,
    0x00, 0x00, 0x00, 0x00, 0x00, 0x00, 0x00, 0x00, 0x00, 0x00, 0x00, 0x00, 0x00, 0x00, 0x00, 0x00,
    0x00, 0x00, 0x00, 0x00, 0x00, 0x00, 0x00, 0x00, 0x00, 0x00, 0x00, 0x00, 0x00, 0x00, 0x00, 0x00,
    0x00, 0x00, 0x00, 0x00, 0x00, 0x00, 0x00, 0x00, 0x00, 0x00, 0x00, 0x00, 0x00, 0x00, 0x00, 0x00,
    0x00, 0x00, 0x00, 0x00, 0x00, 0x00, 0x00, 0x00, 0x00, 0x00, 0x00, 0x00, 0x00, 0x00, 0x00, 0x00,
    0x00, 0x00, 0x00, 0x00, 0x00, 0x00, 0x00, 0x00, 0x00, 0x00, 0x00, 0x00, 0x00, 0x00, 0x00, 0x00,
    0x00, 0x00, 0x00, 0x00, 0x00, 0x00, 0x00, 0x00, 0x00, 0x00, 0x00, 0x00, 0x00, 0x00, 0x00, 0x00,
    0x41, 0x20, 0xe4, 0xa0, 0xe4, 0xb8, 0x82, 0x68, 0x82, 0x70, 0xa4, 0xb8, 0xa4, 0xb0, 0x83, 0xb0,
    0xa4, 0xb8, 0xc5, 0x98, 0x82, 0x48, 0x83, 0x28, 0xa3, 0x28, 0xa3, 0x18, 0xa3, 0x18, 0xa3, 0x18,
    0xc3, 0x10, 0x82, 0x10, 0x82, 0x48, 0xc4, 0x98, 0xc3, 0xb0, 0xa3, 0xb8, 0xa3, 0xb8, 0xa4, 0xb8,
    0xa4, 0xc0, 0xa4, 0xc0, 0xa4, 0xc0, 0xa3, 0xc0, 0x83, 0xc0, 0x84, 0xc0, 0x84, 0xc0, 0xa4, 0xc0,
    0x22, 0xb0, 0x51, 0xd4, 0xf3, 0x94, 0x00, 0x00, 0x21, 0x08, 0x01, 0x00, 0x21, 0x00, 0x21, 0x00,
    0x21, 0x00, 0x21, 0x00, 0x21, 0x00, 0x00, 0x00, 0xe4, 0x18, 0xc7, 0x39, 0x46, 0x29, 0xa7, 0x31,
    0xa7, 0x39, 0xe4, 0x20, 0xe4, 0x20, 0xe8, 0x41, 0xc8, 0x41, 0xa7, 0x39, 0xc8, 0x41, 0xe8, 0x41,
    0xe8, 0x41, 0x08, 0x42, 0x29, 0x42, 0x09, 0x4a, 0xa7, 0x39, 0xa7, 0x39, 0xc8, 0x41, 0x87, 0x39,
    0xe4, 0x20, 0x42, 0x08, 0x01, 0x00, 0x00, 0x00, 0x00, 0x00, 0x00, 0x00, 0x01, 0x00, 0x42, 0x08,
    0xa3, 0x18, 0x25, 0x29, 0x87, 0x31, 0xc7, 0x39, 0x08, 0x42, 0x8b, 0x52, 0xec, 0x62, 0xcc, 0x5a,
    0xab, 0x5a, 0xab, 0x5a, 0x8b, 0x52, 0x8b, 0x52, 0x8b, 0x52, 0x8a, 0x52, 0x45, 0x29, 0x45, 0x29,
    0x09, 0x42, 0xe8, 0x41, 0xc7, 0x39, 0x08, 0x42, 0x05, 0x21, 0x00, 0x00, 0x21, 0x00, 0x01, 0x00,
    0x01, 0x00, 0x01, 0x00, 0x21, 0x08, 0x00, 0x00, 0x6a, 0x4a, 0x35, 0xe5, 0x62, 0xb0, 0xa3, 0xc0,
    0xa4, 0xc0, 0xa4, 0xc0, 0xa4, 0xc0, 0xa4, 0xc0, 0xa4, 0xc0, 0xa4, 0xc0, 0xa4, 0xc0, 0xa4, 0xc0,
    0xa4, 0xc0, 0xa4, 0xc0, 0xa4, 0xb8, 0xe4, 0xb8, 0xc3, 0x78, 0x82, 0x20, 0xa3, 0x10, 0xa3, 0x18,
    0xa3, 0x18, 0xa3, 0x18, 0xa3, 0x18, 0xa3, 0x18, 0x82, 0x18, 0xa3, 0x58, 0xc5, 0x90, 0x83, 0x70,
    0xa3, 0x90, 0xa3, 0xa0, 0xc4, 0xb8, 0xa4, 0xb8, 0xa3, 0xb8, 0xe4, 0xa8, 0x61, 0x40, 0x00, 0x00,
    0x00, 0x00, 0x00, 0x00, 0x00, 0x00, 0x00, 0x00, 0x00, 0x00, 0x00, 0x00, 0x00, 0x00, 0x00, 0x00,
    0x00, 0x00, 0x00, 0x00, 0x00, 0x00, 0x00, 0x00, 0x00, 0x00, 0x00, 0x00, 0x00, 0x00, 0x00, 0x00,
    0x00, 0x00, 0x00, 0x00, 0x00, 0x00, 0x00, 0x00, 0x00, 0x00, 0x00, 0x00, 0x00, 0x00, 0x00, 0x00,
    0x00, 0x00, 0x00, 0x00, 0x00, 0x00, 0x00, 0x00, 0x00, 0x00, 0x00, 0x00, 0x00, 0x00, 0x00, 0x00,
    0x00, 0x00, 0x00, 0x00, 0x00, 0x00, 0x00, 0x00, 0x00, 0x00, 0x00, 0x00, 0x00, 0x00, 0x00, 0x00,
    0x00, 0x00, 0x00, 0x00, 0x00, 0x00, 0x00, 0x00, 0x00, 0x00, 0x00, 0x00, 0x00, 0x00, 0x00, 0x00,
    0x00, 0x00, 0x00, 0x00, 0x00, 0x00, 0x00, 0x00, 0x00, 0x00, 0x00, 0x00, 0x00, 0x00, 0x00, 0x00,
    0x00, 0x00, 0x00, 0x00, 0x00, 0x00, 0x00, 0x00, 0x00, 0x00, 0x00, 0x00, 0x00, 0x00, 0x20, 0x10,
    0xe4, 0x90, 0xa4, 0xc0, 0xa3, 0xb8, 0xc4, 0xc0, 0xa3, 0x88, 0xa4, 0xa8, 0x83, 0xb8, 0xa4, 0xb0,
    0xc5, 0x90, 0x82, 0x38, 0xa2, 0x10, 0xa3, 0x18, 0xa3, 0x18, 0xa3, 0x18, 0xa3, 0x18, 0xa3, 0x18,
    0x82, 0x18, 0x83, 0x58, 0xc5, 0xa8, 0xa4, 0xb8, 0xa3, 0xb0, 0xa4, 0xb8, 0xa3, 0xb0, 0xa3, 0xb8,
    0xa4, 0xc0, 0xa4, 0xc0, 0xa4, 0xc0, 0x84, 0xc0, 0x84, 0xc0, 0x84, 0xc0, 0x84, 0xc0, 0xa4, 0xc0,
    0x62, 0xa8, 0x18, 0xee, 0x30, 0x7c, 0x00, 0x00, 0x41, 0x08, 0x21, 0x00, 0x21, 0x00, 0x21, 0x00,
    0x21, 0x00, 0x21, 0x00, 0x00, 0x00, 0xa3, 0x10, 0xc7, 0x39, 0x45, 0x29, 0xa7, 0x39, 0x66, 0x31,
    0x05, 0x21, 0x66, 0x29, 0x66, 0x31, 0xc8, 0x41, 0xa7, 0x39, 0x87, 0x31, 0xe8, 0x41, 0xe8, 0x41,
    0xe8, 0x41, 0x08, 0x42, 0xa7, 0x39, 0x66, 0x39, 0xc8, 0x41, 0xa7, 0x39, 0xc4, 0x20, 0x21, 0x08,
    0x00, 0x00, 0x21, 0x00, 0x21, 0x00, 0x21, 0x00, 0x21, 0x00, 0x21, 0x00, 0x21, 0x00, 0x21, 0x00,
    0x01, 0x00, 0x01, 0x00, 0x42, 0x08, 0xe4, 0x20, 0x87, 0x31, 0xa7, 0x39, 0x08, 0x42, 0xab, 0x52,
    0xec, 0x62, 0xab, 0x5a, 0x8b, 0x5a, 0x8b, 0x5a, 0x8b, 0x52, 0x4a, 0x4a, 0xe8, 0x41, 0x09, 0x42,
    0x45, 0x29, 0x09, 0x42, 0x08, 0x42, 0xc8, 0x39, 0xe8, 0x41, 0x82, 0x10, 0x00, 0x00, 0x21, 0x00,
    0x01, 0x00, 0x01, 0x00, 0x21, 0x08, 0x00, 0x00, 0x45, 0x21, 0x17, 0xde, 0x25, 0xb9, 0x83, 0xc0,
    0xa4, 0xc0, 0xa4, 0xc0, 0xa4, 0xc0, 0xa4, 0xc0, 0xa4, 0xc0, 0xa4, 0xc0, 0xa4, 0xc0, 0xa4, 0xc0,
    0xa4, 0xc0, 0xa4, 0xc0, 0xa4, 0xb8, 0xa3, 0xb8, 0xa4, 0xc0, 0xc4, 0x88, 0x82, 0x30, 0xa2, 0x10,
    0xa3, 0x18, 0xa3, 0x18, 0xa3, 0x18, 0xa3, 0x18, 0xa3, 0x18, 0x82, 0x18, 0xc4, 0x50, 0xc3, 0x50,
    0xc4, 0x88, 0xa4, 0xc8, 0xa4, 0xc0, 0xa4, 0xb8, 0xa4, 0xb8, 0xa4, 0xb8, 0xc4, 0xa0, 0x41, 0x30,
    0x00, 0x00, 0x00, 0x00, 0x00, 0x00, 0x00, 0x00, 0x00, 0x00, 0x00, 0x00, 0x00, 0x00, 0x00, 0x00,
    0x00, 0x00, 0x00, 0x00, 0x00, 0x00, 0x00, 0x00, 0x00, 0x00, 0x00, 0x00, 0x00, 0x00, 0x00, 0x00,
    0x00, 0x00, 0x00, 0x00, 0x00, 0x00, 0x00, 0x00, 0x00, 0x00, 0x00, 0x00, 0x00, 0x00, 0x00, 0x00,
    0x00, 0x00, 0x00, 0x00, 0x00, 0x00, 0x00, 0x00, 0x00, 0x00, 0x00, 0x00, 0x00, 0x00, 0x00, 0x00,
    0x00, 0x00, 0x00, 0x00, 0x00, 0x00, 0x00, 0x00, 0x00, 0x00, 0x00, 0x00, 0x00, 0x00, 0x00, 0x00,
    0x00, 0x00, 0x00, 0x00, 0x00, 0x00, 0x00, 0x00, 0x00, 0x00, 0x00, 0x00, 0x00, 0x00, 0x00, 0x00,
    0x00, 0x00, 0x00, 0x00, 0x00, 0x00, 0x00, 0x00, 0x00, 0x00, 0x00, 0x00, 0x00, 0x00, 0x00, 0x00,
    0x00, 0x00, 0x00, 0x00, 0x00, 0x00, 0x00, 0x00, 0x00, 0x00, 0x00, 0x00, 0x00, 0x00, 0xc3, 0x70,
    0xc4, 0xc0, 0xa3, 0xb8, 0xa4, 0xc0, 0xa4, 0xc0, 0xc4, 0xb8, 0xa3, 0xb0, 0xc4, 0xb8, 0xc5, 0x90,
    0x62, 0x30, 0x83, 0x18, 0xa3, 0x18, 0xa3, 0x18, 0xa3, 0x18, 0xa3, 0x18, 0xa2, 0x10, 0x82, 0x18,
    0xa3, 0x68, 0xc5, 0xb8, 0xa4, 0xb0, 0xa4, 0xb0, 0xa4, 0xb0, 0xa3, 0xb0, 0xa3, 0xa8, 0xa4, 0xb8,
    0xa4, 0xc0, 0xa4, 0xc0, 0xa4, 0xc0, 0x84, 0xc0, 0x84, 0xc0, 0x84, 0xc0, 0xa4, 0xc0, 0x63, 0xc0,
    0xc8, 0xb9, 0xfc, 0xee, 0x86, 0x31, 0x00, 0x00, 0x21, 0x08, 0x21, 0x00, 0x21, 0x00, 0x01, 0x00,
    0x21, 0x00, 0x01, 0x00, 0x41, 0x08, 0x86, 0x31, 0x66, 0x31, 0xa7, 0x39, 0x25, 0x29, 0x25, 0x29,
    0xe8, 0x41, 0xa7, 0x39, 0x66, 0x31, 0xe8, 0x41, 0x66, 0x31, 0xa7, 0x39, 0xe8, 0x41, 0xe8, 0x41,
    0xe8, 0x41, 0x86, 0x31, 0xa7, 0x39, 0xc8, 0x41, 0x25, 0x29, 0x21, 0x00, 0x00, 0x00, 0x21, 0x00,
    0x21, 0x00, 0x21, 0x00, 0x21, 0x00, 0x21, 0x00, 0x21, 0x00, 0x21, 0x00, 0x21, 0x00, 0x21, 0x00,
    0x21, 0x00, 0x21, 0x00, 0x01, 0x00, 0x01, 0x00, 0x41, 0x08, 0xe4, 0x20, 0xa7, 0x39, 0xc7, 0x39,
    0x08, 0x42, 0xcb, 0x5a, 0xcc, 0x62, 0x8b, 0x52, 0x6a, 0x52, 0x6b, 0x52, 0x09, 0x42, 0x8a, 0x52,
    0x4a, 0x4a, 0x25, 0x21, 0x08, 0x42, 0x09, 0x4a, 0xc8, 0x41, 0x86, 0x31, 0x01, 0x00, 0x01, 0x00,
    0x01, 0x00, 0x01, 0x00, 0x01, 0x00, 0x21, 0x00, 0x21, 0x00, 0xb5, 0xbd, 0x4c, 0xc3, 0x22, 0xb8,
    0xa4, 0xc8, 0xa3, 0xc0, 0xa4, 0xc0, 0xa4, 0xc0, 0xa4, 0xc0, 0xa4, 0xc0, 0xa4, 0xc0, 0xa4, 0xc0,
    0xa4, 0xc0, 0x84, 0xc0, 0x83, 0xb8, 0xa4, 0xb8, 0xa4, 0xb8, 0xa4, 0xb8, 0xe5, 0x98, 0xa3, 0x40,
    0xa2, 0x10, 0xa3, 0x18, 0xa3, 0x18, 0xa3, 0x18, 0xa3, 0x18, 0xa3, 0x18, 0xa3, 0x18, 0x83, 0x18,
    0x83, 0x40, 0xa4, 0xb0, 0x83, 0xb8, 0x83, 0xb0, 0xa4, 0xb8, 0x83, 0xb0, 0x84, 0xb8, 0xc4, 0x98,
    0x20, 0x18, 0x00, 0x00, 0x00, 0x00, 0x00, 0x00, 0x00, 0x00, 0x00, 0x00, 0x00, 0x00, 0x00, 0x00,
    0x00, 0x00, 0x00, 0x00, 0x00, 0x00, 0x00, 0x00, 0x00, 0x00, 0x00, 0x00, 0x00, 0x00, 0x00, 0x00,
    0x00, 0x00, 0x00, 0x00, 0x00, 0x00, 0x00, 0x00, 0x00, 0x00, 0x00, 0x00, 0x00, 0x00, 0x00, 0x00,
    0x00, 0x00, 0x00, 0x00, 0x00, 0x00, 0x00, 0x00, 0x00, 0x00, 0x00, 0x00, 0x00, 0x00, 0x00, 0x00,
    0x00, 0x00, 0x00, 0x00, 0x00, 0x00, 0x00, 0x00, 0x00, 0x00, 0x00, 0x00, 0x00, 0x00, 0x00, 0x00,
    0x00, 0x00, 0x00, 0x00, 0x00, 0x00, 0x00, 0x00, 0x00, 0x00, 0x00, 0x00, 0x00, 0x00, 0x00, 0x00,
    0x00, 0x00, 0x00, 0x00, 0x00, 0x00, 0x00, 0x00, 0x00, 0x00, 0x00, 0x00, 0x00, 0x00, 0x00, 0x00,
    0x00, 0x00, 0x00, 0x00, 0x00, 0x00, 0x00, 0x00, 0x00, 0x00, 0x00, 0x00, 0x62, 0x38, 0x05, 0xb9,
    0xa3, 0xc0, 0xa4, 0xc0, 0xa4, 0xc0, 0xa4, 0xc0, 0x84, 0xc0, 0xa4, 0xc0, 0xc5, 0x98, 0x82, 0x30,
    0xa2, 0x18, 0xa3, 0x18, 0xa3, 0x18, 0xa3, 0x18, 0xa4, 0x18, 0xa3, 0x10, 0x81, 0x20, 0xa4, 0x78,
    0xc4, 0xb8, 0xa4, 0xb8, 0xa4, 0xb0, 0xa4, 0xb8, 0xc4, 0xb0, 0xa3, 0xa8, 0xc4, 0xb8, 0xa4, 0xb8,
    0xa4, 0xc0, 0xa4, 0xc0, 0xa4, 0xc0, 0x84, 0xc0, 0x84, 0xc0, 0xa3, 0xc0, 0xa4, 0xc0, 0x42, 0xb0,
    0xd2, 0xdc, 0x92, 0x8c, 0x00, 0x00, 0x21, 0x08, 0x21, 0x00, 0x21, 0x00, 0x01, 0x00, 0x01, 0x00,
    0x21, 0x00, 0x01, 0x00, 0x25, 0x21, 0xa7, 0x39, 0x86, 0x31, 0x04, 0x21, 0x66, 0x31, 0xa7, 0x39,
    0xe8, 0x41, 0x66, 0x31, 0x87, 0x31, 0xa7, 0x39, 0x25, 0x29, 0xe8, 0x41, 0xe8, 0x41, 0x87, 0x39,
    0x66, 0x31, 0xc8, 0x41, 0x66, 0x31, 0x62, 0x10, 0x00, 0x00, 0x21, 0x00, 0x21, 0x00, 0x21, 0x00,
    0x21, 0x00, 0x21, 0x00, 0x21, 0x00, 0x21, 0x00, 0x21, 0x00, 0x21, 0x00, 0x21, 0x00, 0x21, 0x00,
    0x21, 0x00, 0x21, 0x00, 0x21, 0x00, 0x21, 0x00, 0x01, 0x00, 0x00, 0x00, 0x62, 0x10, 0x45, 0x29,
    0xa7, 0x39, 0xa7, 0x39, 0x6a, 0x52, 0xcc, 0x62, 0x6b, 0x52, 0x6b, 0x52, 0x29, 0x4a, 0x29, 0x4a,
    0xcb, 0x5a, 0x4a, 0x4a, 0x04, 0x21, 0x08, 0x42, 0x08, 0x42, 0xe8, 0x41, 0xe4, 0x18, 0x00, 0x00,
    0x21, 0x00, 0x21, 0x00, 0x21, 0x00, 0x21, 0x08, 0x00, 0x00, 0x8a, 0x4a, 0x96, 0xdd, 0x63, 0xb0,
    0xa3, 0xc8, 0xa3, 0xc0, 0xa4, 0xc0, 0xa4, 0xc0, 0xa4, 0xc0, 0x84, 0xc0, 0x84, 0xc0, 0xa4, 0xc0,
    0xa4, 0xc0, 0xa4, 0xc0, 0xa4, 0xc0, 0xa4, 0xb8, 0xa4, 0xc0, 0xa4, 0xb8, 0xa4, 0xb8, 0xc4, 0xa8,
    0xa3, 0x48, 0x82, 0x18, 0xa3, 0x18, 0xa3, 0x18, 0xa3, 0x18, 0xa3, 0x18, 0xa3, 0x18, 0xa3, 0x10,
    0x62, 0x18, 0x84, 0x80, 0xa4, 0xb8, 0x83, 0xb0, 0xa3, 0xb0, 0xa4, 0xb8, 0x83, 0xb0, 0xa4, 0xb8,
    0xa4, 0x80, 0x00, 0x10, 0x00, 0x00, 0x00, 0x00, 0x00, 0x00, 0x00, 0x00, 0x00, 0x00, 0x00, 0x00,
    0x00, 0x00, 0x00, 0x00, 0x00, 0x00, 0x00, 0x00, 0x00, 0x00, 0x00, 0x00, 0x00, 0x00, 0x00, 0x00,
    0x00, 0x00, 0x00, 0x00, 0x00, 0x00, 0x00, 0x00, 0x00, 0x00, 0x00, 0x00, 0x00, 0x00, 0x00, 0x00,
    0x00, 0x00, 0x00, 0x00, 0x00, 0x00, 0x00, 0x00, 0x00, 0x00, 0x00, 0x00, 0x00, 0x00, 0x00, 0x00,
    0x00, 0x00, 0x00, 0x00, 0x00, 0x00, 0x00, 0x00, 0x00, 0x00, 0x00, 0x00, 0x00, 0x00, 0x00, 0x00,
    0x00, 0x00, 0x00, 0x00, 0x00, 0x00, 0x00, 0x00, 0x00, 0x00, 0x00, 0x00, 0x00, 0x00, 0x00, 0x00,
    0x00, 0x00, 0x00, 0x00, 0x00, 0x00, 0x00, 0x00, 0x00, 0x00, 0x00, 0x00, 0x00, 0x00, 0x00, 0x00,
    0x00, 0x00, 0x00, 0x00, 0x00, 0x00, 0x00, 0x00, 0x00, 0x00, 0x61, 0x30, 0xa3, 0x68, 0xc4, 0xb0,
    0xa4, 0xc0, 0xa4, 0xc0, 0xa4, 0xc0, 0xa4, 0xc0, 0xa4, 0xc0, 0xc5, 0xa8, 0xa2, 0x38, 0xa2, 0x10,
    0xc3, 0x28, 0xa3, 0x18, 0xa3, 0x18, 0xa3, 0x18, 0xa3, 0x18, 0x82, 0x28, 0xa4, 0x80, 0xc5, 0xb8,
    0xa4, 0xb0, 0xa3, 0xb0, 0xa3, 0xb8, 0xc4, 0xb0, 0x83, 0x80, 0xa3, 0x90, 0xa4, 0xc0, 0x83, 0xb8,
    0xa4, 0xb8, 0xa4, 0xc0, 0xa4, 0xc0, 0xa4, 0xc0, 0xa3, 0xc0, 0xa3, 0xc0, 0x83, 0xc0, 0x65, 0xb1,
    0x7a, 0xde, 0x45, 0x29, 0x00, 0x00, 0x21, 0x08, 0x21, 0x00, 0x21, 0x00, 0x01, 0x00, 0x21, 0x00,
    0x00, 0x00, 0xa3, 0x10, 0xc7, 0x39, 0x66, 0x29, 0x04, 0x21, 0x87, 0x39, 0xc7, 0x39, 0xa7, 0x39,
    0x08, 0x42, 0x66, 0x31, 0x87, 0x39, 0x45, 0x29, 0xa7, 0x39, 0xc7, 0x39, 0x46, 0x31, 0x87, 0x39,
    0xc7, 0x39, 0xc4, 0x20, 0x00, 0x00, 0x01, 0x00, 0x21, 0x00, 0x21, 0x00, 0x21, 0x00, 0x21, 0x00,
    0x21, 0x00, 0x21, 0x00, 0x21, 0x00, 0x21, 0x00, 0x21, 0x00, 0x21, 0x00, 0x21, 0x00, 0x21, 0x00,
    0x21, 0x00, 0x21, 0x00, 0x21, 0x00, 0x21, 0x00, 0x21, 0x00, 0x21, 0x00, 0x01, 0x00, 0x00, 0x00,
    0xa3, 0x18, 0xa7, 0x39, 0x86, 0x31, 0xe8, 0x41, 0xab, 0x5a, 0xab, 0x5a, 0x4a, 0x4a, 0x29, 0x4a,
    0xab, 0x52, 0xab, 0x5a, 0x4a, 0x4a, 0x04, 0x21, 0x09, 0x4a, 0xe8, 0x41, 0xc7, 0x39, 0x41, 0x08,
    0x01, 0x00, 0x21, 0x00, 0x21, 0x00, 0x21, 0x00, 0x21, 0x00, 0x21, 0x00, 0x96, 0xbd, 0x4a, 0xc2,
    0x62, 0xb8, 0xa4, 0xc0, 0xa4, 0xc0, 0xa4, 0xc0, 0xa4, 0xc0, 0xa4, 0xc0, 0xa4, 0xc0, 0xa4, 0xc0,
    0xa4, 0xc0, 0xa4, 0xc0, 0xa4, 0xc0, 0xa4, 0xc0, 0xa4, 0xc0, 0xa4, 0xc0, 0x84, 0xc0, 0xa4, 0xb8,
    0xc5, 0xa8, 0x83, 0x50, 0x82, 0x18, 0xa3, 0x18, 0xa3, 0x10, 0xa3, 0x18, 0xa3, 0x18, 0xa3, 0x18,
    0xa3, 0x18, 0x83, 0x48, 0xc4, 0xa8, 0xa3, 0xb0, 0x83, 0xa0, 0xc4, 0xb0, 0xa4, 0xb8, 0xa3, 0xb8,
    0xa4, 0xb8, 0xa3, 0x68, 0x00, 0x00, 0x00, 0x00, 0x00, 0x00, 0x00, 0x00, 0x00, 0x00, 0x00, 0x00,
    0x00, 0x00, 0x00, 0x00, 0x00, 0x00, 0x00, 0x00, 0x00, 0x00, 0x00, 0x00, 0x00, 0x00, 0x00, 0x00,
    0x00, 0x00, 0x00, 0x00, 0x00, 0x00, 0x00, 0x00, 0x00, 0x00, 0x00, 0x00, 0x00, 0x00, 0x00, 0x00,
    0x00, 0x00, 0x00, 0x00, 0x00, 0x00, 0x00, 0x00, 0x00, 0x00, 0x00, 0x00, 0x00, 0x00, 0x00, 0x00,
    0x00, 0x00, 0x00, 0x00, 0x00, 0x00, 0x00, 0x00, 0x00, 0x00, 0x00, 0x00, 0x00, 0x00, 0x00, 0x00,
    0x00, 0x00, 0x00, 0x00, 0x00, 0x00, 0x00, 0x00, 0x00, 0x00, 0x00, 0x00, 0x00, 0x00, 0x00, 0x00,
    0x00, 0x00, 0x00, 0x00, 0x00, 0x00, 0x00, 0x00, 0x00, 0x00, 0x00, 0x00, 0x00, 0x00, 0x00, 0x00,
    0x00, 0x00, 0x00, 0x00, 0x00, 0x00, 0x00, 0x00, 0x21, 0x20, 0x05, 0xa9, 0x82, 0x78, 0xa4, 0xa8,
    0xa4, 0xc0, 0xa4, 0xc0, 0xa4, 0xc0, 0xa4, 0xc0, 0xe5, 0xa8, 0xc2, 0x40, 0x82, 0x10, 0xa3, 0x18,
    0xc3, 0x20, 0xa3, 0x18, 0xa3, 0x18, 0xa3, 0x10, 0x82, 0x28, 0xc4, 0x88, 0xa4, 0xb8, 0x83, 0xb0,
    0x83, 0xb0, 0xa3, 0xb0, 0xa3, 0xa8, 0xa3, 0x90, 0xa4, 0x98, 0x83, 0xa0, 0xa3, 0xb8, 0x83, 0xb8,
    0xa4, 0xb8, 0xa4, 0xc0, 0xa4, 0xc0, 0xa3, 0xc0, 0xa3, 0xc0, 0xa4, 0xc0, 0x22, 0xb0, 0xaf, 0xcb,
    0x35, 0xa5, 0x00, 0x00, 0x21, 0x08, 0x01, 0x00, 0x21, 0x00, 0x21, 0x00, 0x21, 0x00, 0x01, 0x00,
    0x41, 0x08, 0x86, 0x31, 0x45, 0x29, 0x05, 0x21, 0xa7, 0x39, 0xc7, 0x39, 0xa7, 0x39, 0xa7, 0x39,
    0x09, 0x4a, 0x66, 0x31, 0x87, 0x39, 0xa7, 0x39, 0x87, 0x39, 0x46, 0x31, 0xa7, 0x39, 0x46, 0x31,
    0x42, 0x08, 0x00, 0x00, 0x21, 0x00, 0x21, 0x00, 0x21, 0x00, 0x21, 0x00, 0x21, 0x00, 0x21, 0x00,
    0x21, 0x00, 0x21, 0x00, 0x21, 0x00, 0x21, 0x00, 0x21, 0x00, 0x21, 0x00, 0x21, 0x00, 0x21, 0x00,
    0x21, 0x00, 0x21, 0x00, 0x21, 0x00, 0x21, 0x00, 0x21, 0x00, 0x21, 0x00, 0x21, 0x00, 0x21, 0x00,
    0x00, 0x00, 0x21, 0x08, 0x45, 0x29, 0x87, 0x31, 0x87, 0x31, 0x8b, 0x52, 0x8b, 0x52, 0x29, 0x4a,
    0xab, 0x5a, 0x8a, 0x52, 0x8b, 0x5a, 0x29, 0x4a, 0x04, 0x21, 0x29, 0x4a, 0x08, 0x42, 0x46, 0x29,
    0x00, 0x00, 0x21, 0x00, 0x21, 0x00, 0x21, 0x00, 0x41, 0x08, 0x00, 0x00, 0x6d, 0x6b, 0xb2, 0xdc,
    0x41, 0xb0, 0xc4, 0xc0, 0xa4, 0xc0, 0xa4, 0xc0, 0xa3, 0xc0, 0xa4, 0xc0, 0xa4, 0xc0, 0xa4, 0xb8,
    0xa4, 0xc0, 0xa4, 0xc0, 0xa4, 0xc0, 0xa4, 0xc0, 0xa4, 0xc0, 0xa4, 0xc0, 0xa4, 0xc0, 0xa4, 0xb8,
    0xa4, 0xb8, 0xc4, 0xb0, 0xa3, 0x50, 0x82, 0x10, 0xa3, 0x18, 0xa3, 0x10, 0xa3, 0x18, 0xa3, 0x18,
    0xc4, 0x20, 0xa3, 0x20, 0x82, 0x50, 0xc4, 0xa8, 0xa3, 0xa0, 0xc3, 0xa8, 0x83, 0xb0, 0xa4, 0xb0,
    0xa3, 0xb0, 0xc4, 0xb0, 0x62, 0x58, 0x00, 0x00, 0x00, 0x00, 0x00, 0x00, 0x00, 0x00, 0x00, 0x00,
    0x00, 0x00, 0x00, 0x00, 0x00, 0x00, 0x00, 0x00, 0x00, 0x00, 0x00, 0x00, 0x00, 0x00, 0x00, 0x00,
    0x00, 0x00, 0x00, 0x00, 0x00, 0x00, 0x00, 0x00, 0x00, 0x00, 0x00, 0x00, 0x00, 0x00, 0x00, 0x00,
    0x00, 0x00, 0x00, 0x00, 0x00, 0x00, 0x00, 0x00, 0x00, 0x00, 0x00, 0x00, 0x00, 0x00, 0x00, 0x00,
    0x00, 0x00, 0x00, 0x00, 0x00, 0x00, 0x00, 0x00, 0x00, 0x00, 0x00, 0x00, 0x00, 0x00, 0x00, 0x00,
    0x00, 0x00, 0x00, 0x00, 0x00, 0x00, 0x00, 0x00, 0x00, 0x00, 0x00, 0x00, 0x00, 0x00, 0x00, 0x00,
    0x00, 0x00, 0x00, 0x00, 0x00, 0x00, 0x00, 0x00, 0x00, 0x00, 0x00, 0x00, 0x00, 0x00, 0x00, 0x00,
    0x00, 0x00, 0x00, 0x00, 0x00, 0x00, 0x00, 0x08, 0xa4, 0x80, 0xe5, 0xc0, 0x83, 0x80, 0xa3, 0xa0,
    0xc4, 0xc0, 0xa4, 0xc0, 0xa4, 0xb8, 0xe5, 0xb0, 0xa3, 0x58, 0x82, 0x18, 0xa3, 0x18, 0xa3, 0x18,
    0xa3, 0x18, 0xa3, 0x18, 0xa3, 0x18, 0x82, 0x28, 0xc4, 0x88, 0xc4, 0xb8, 0xa4, 0xb0, 0x84, 0xb0,
    0x84, 0xa8, 0xa3, 0x90, 0x62, 0x78, 0xa4, 0xa0, 0xa4, 0xc0, 0xa4, 0xb8, 0xa3, 0xb8, 0xa3, 0xb8,
    0xa4, 0xc0, 0x84, 0xc0, 0x84, 0xc0, 0x84, 0xc0, 0x84, 0xc0, 0xa4, 0xc0, 0x83, 0xa8, 0xb7, 0xdd,
    0x8a, 0x4a, 0x00, 0x00, 0x21, 0x08, 0x01, 0x00, 0x01, 0x00, 0x21, 0x00, 0x21, 0x00, 0x00, 0x00,
    0x45, 0x29, 0x66, 0x29, 0x25, 0x21, 0xa7, 0x39, 0xa7, 0x39, 0xa7, 0x39, 0xa7, 0x39, 0xc7, 0x39,
    0x08, 0x42, 0x87, 0x31, 0xa7, 0x39, 0x66, 0x31, 0xa7, 0x39, 0xa7, 0x39, 0xc3, 0x18, 0x01, 0x00,
    0x00, 0x00, 0x21, 0x00, 0x21, 0x00, 0x21, 0x00, 0x21, 0x00, 0x21, 0x00, 0x21, 0x00, 0x21, 0x00,
    0x21, 0x00, 0x21, 0x00, 0x21, 0x00, 0x21, 0x00, 0x21, 0x00, 0x21, 0x00, 0x21, 0x00, 0x21, 0x00,
    0x21, 0x00, 0x21, 0x00, 0x21, 0x00, 0x21, 0x00, 0x21, 0x00, 0x21, 0x00, 0x21, 0x00, 0x21, 0x00,
    0x21, 0x00, 0x01, 0x00, 0x00, 0x00, 0xe4, 0x20, 0xa7, 0x39, 0x66, 0x31, 0x29, 0x4a, 0x8a, 0x52,
    0x8b, 0x52, 0x8b, 0x52, 0x8a, 0x52, 0xab, 0x5a, 0xa7, 0x39, 0x46, 0x31, 0x29, 0x4a, 0xe8, 0x41,
    0xa3, 0x18, 0x00, 0x00, 0x21, 0x00, 0x21, 0x00, 0x21, 0x00, 0x00, 0x00, 0xe4, 0x18, 0xd7, 0xd5,
    0x65, 0xb9, 0x83, 0xc0, 0xa4, 0xc0, 0x84, 0xc0, 0xa4, 0xc0, 0xa4, 0xc0, 0xa4, 0xc0, 0xa4, 0xc0,
    0xa4, 0xc0, 0xa4, 0xc0, 0xa4, 0xc0, 0xa4, 0xc0, 0xa4, 0xc0, 0xa4, 0xb8, 0xa4, 0xb8, 0xa4, 0xb8,
    0xa4, 0xb8, 0xa4, 0xc0, 0xa4, 0xb0, 0xa3, 0x48, 0x82, 0x10, 0xa3, 0x18, 0xa3, 0x18, 0xa3, 0x18,
    0xa3, 0x18, 0xc4, 0x20, 0x82, 0x10, 0xa3, 0x58, 0xc5, 0xb0, 0xa3, 0xb0, 0xa3, 0xb0, 0xa4, 0xb0,
    0xa4, 0xb8, 0xa3, 0xb8, 0xe4, 0xa8, 0x41, 0x30, 0x00, 0x00, 0x00, 0x00, 0x00, 0x00, 0x00, 0x00,
    0x00, 0x00, 0x00, 0x00, 0x00, 0x00, 0x00, 0x00, 0x00, 0x00, 0x00, 0x00, 0x00, 0x00, 0x00, 0x00,
    0x00, 0x00, 0x00, 0x00, 0x00, 0x00, 0x00, 0x00, 0x00, 0x00, 0x00, 0x00, 0x00, 0x00, 0x00, 0x00,
    0x00, 0x00, 0x00, 0x00, 0x00, 0x00, 0x00, 0x00, 0x00, 0x00, 0x00, 0x00, 0x00, 0x00, 0x00, 0x00,
    0x00, 0x00, 0x00, 0x00, 0x00, 0x00, 0x00, 0x00, 0x00, 0x00, 0x00, 0x00, 0x00, 0x00, 0x00, 0x00,
    0x00, 0x00, 0x00, 0x00, 0x00, 0x00, 0x00, 0x00, 0x00, 0x00, 0x00, 0x00, 0x00, 0x00, 0x00, 0x00,
    0x00, 0x00, 0x00, 0x00, 0x00, 0x00, 0x00, 0x00, 0x00, 0x00, 0x00, 0x00, 0x00, 0x00, 0x00, 0x00,
    0x00, 0x00, 0x00, 0x00, 0x00, 0x00, 0x83, 0x58, 0xc5, 0xc0, 0xc4, 0xc0, 0x83, 0x90, 0xa3, 0x98,
    0xc4, 0xc8, 0xa4, 0xc0, 0xc5, 0xb8, 0xa3, 0x60, 0x82, 0x18, 0xa3, 0x18, 0xa3, 0x18, 0xa3, 0x18,
    0xa3, 0x18, 0xc3, 0x10, 0x82, 0x20, 0xa3, 0x80, 0xc4, 0xb8, 0xa4, 0xb8, 0xa4, 0xb8, 0xa4, 0xc0,
    0x82, 0x80, 0x62, 0x70, 0xc4, 0xa0, 0xc4, 0xb8, 0xa4, 0xb8, 0xa4, 0xb8, 0xa3, 0xb8, 0xa3, 0xb8,
    0xa4, 0xc0, 0x84, 0xc0, 0xa3, 0xc0, 0x84, 0xc0, 0xa4, 0xc0, 0x63, 0xb8, 0x08, 0xba, 0x38, 0xce,
    0x82, 0x10, 0x00, 0x00, 0x21, 0x00, 0x01, 0x00, 0x01, 0x00, 0x21, 0x00, 0x00, 0x00, 0xc3, 0x18,
    0x86, 0x31, 0xe4, 0x20, 0xa7, 0x39, 0xa7, 0x39, 0xa7, 0x39, 0xa7, 0x39, 0xa7, 0x39, 0xc8, 0x41,
    0x09, 0x4a, 0xa7, 0x39, 0x66, 0x31, 0xa7, 0x39, 0x66, 0x31, 0x42, 0x08, 0x00, 0x00, 0x21, 0x00,
    0x21, 0x00, 0x21, 0x00, 0x21, 0x00, 0x21, 0x00, 0x21, 0x00, 0x21, 0x00, 0x21, 0x00, 0x21, 0x00,
    0x21, 0x00, 0x21, 0x00, 0x21, 0x00, 0x21, 0x00, 0x21, 0x00, 0x21, 0x00, 0x21, 0x00, 0x21, 0x00,
    0x21, 0x00, 0x21, 0x00, 0x21, 0x00, 0x21, 0x00, 0x21, 0x00, 0x21, 0x00, 0x21, 0x00, 0x21, 0x00,
    0x21, 0x00, 0x21, 0x00, 0x21, 0x00, 0x00, 0x00, 0x62, 0x10, 0x87, 0x31, 0x87, 0x31, 0x08, 0x42,
    0x8b, 0x5a, 0x8b, 0x5a, 0x8b, 0x52, 0x6a, 0x52, 0x8a, 0x52, 0x25, 0x29, 0xc8, 0x41, 0xe8, 0x41,
    0xc7, 0x39, 0x21, 0x00, 0x21, 0x00, 0x21, 0x00, 0x21, 0x00, 0x21, 0x00, 0x00, 0x00, 0xb2, 0x94,
    0xcf, 0xcb, 0x42, 0xb0, 0xa4, 0xc0, 0xa4, 0xc0, 0xa4, 0xc0, 0xa4, 0xc0, 0xa4, 0xc0, 0xa4, 0xc0,
    0xa4, 0xc0, 0xa4, 0xc0, 0xa4, 0xc0, 0xa4, 0xc0, 0xa4, 0xc0, 0x83, 0xb8, 0xa4, 0xb8, 0xa4, 0xb8,
    0xa3, 0xb8, 0x83, 0xb0, 0x84, 0xb8, 0xc4, 0xa8, 0xa3, 0x48, 0x82, 0x10, 0xa3, 0x18, 0xa3, 0x18,
    0xc3, 0x18, 0xe4, 0x20, 0xa3, 0x18, 0xa2, 0x18, 0xa4, 0x70, 0xa4, 0xb0, 0x83, 0xa8, 0x84, 0xb0,
    0xa4, 0xb8, 0x83, 0xb8, 0xa3, 0xc0, 0xc4, 0x90, 0x00, 0x10, 0x00, 0x00, 0x00, 0x00, 0x00, 0x00,
    0x00, 0x00, 0x00, 0x00, 0x00, 0x00, 0x00, 0x00, 0x00, 0x00, 0x00, 0x00, 0x00, 0x00, 0x00, 0x00,
    0x00, 0x00, 0x00, 0x00, 0x00, 0x00, 0x00, 0x00, 0x00, 0x00, 0x00, 0x00, 0x00, 0x00, 0x00, 0x00,
    0x00, 0x00, 0x00, 0x00, 0x00, 0x00, 0x00, 0x00, 0x00, 0x00, 0x00, 0x00, 0x00, 0x00, 0x00, 0x00,
    0x00, 0x00, 0x00, 0x00, 0x00, 0x00, 0x00, 0x00, 0x00, 0x00, 0x00, 0x00, 0x00, 0x00, 0x00, 0x00,
    0x00, 0x00, 0x00, 0x00, 0x00, 0x00, 0x00, 0x00, 0x00, 0x00, 0x00, 0x00, 0x00, 0x00, 0x00, 0x00,
    0x00, 0x00, 0x00, 0x00, 0x00, 0x00, 0x00, 0x00, 0x00, 0x00, 0x00, 0x00, 0x00, 0x00, 0x00, 0x00,
    0x00, 0x00, 0x00, 0x00, 0x41, 0x30, 0x05, 0xb1, 0xa4, 0xb8, 0xc4, 0xc0, 0xa3, 0x98, 0x83, 0x88,
    0xc4, 0xc8, 0xe5, 0xb8, 0xc4, 0x70, 0x62, 0x20, 0xa3, 0x18, 0xa3, 0x18, 0xa3, 0x18, 0xa3, 0x18,
    0xa3, 0x18, 0x82, 0x20, 0xc3, 0x78, 0xc4, 0xb8, 0xa3, 0xb8, 0xa4, 0xb8, 0xa5, 0xb8, 0xa3, 0x98,
    0x61, 0x78, 0xc4, 0xa8, 0x84, 0xb0, 0xa4, 0xb8, 0xa4, 0xb8, 0xa3, 0xb8, 0xa3, 0xb8, 0x83, 0xb8,
    0xa4, 0xc0, 0xa4, 0xc0, 0xa3, 0xc0, 0xa4, 0xc0, 0xa4, 0xc0, 0x22, 0xb0, 0x30, 0xd4, 0xb3, 0x94,
    0x00, 0x00, 0x21, 0x08, 0x01, 0x00, 0x01, 0x00, 0x21, 0x00, 0x00, 0x00, 0x62, 0x08, 0xa7, 0x31,
    0xe4, 0x20, 0x86, 0x31, 0xa7, 0x39, 0xa7, 0x39, 0xa7, 0x39, 0xa7, 0x39, 0xc7, 0x39, 0x08, 0x42,
    0xa7, 0x39, 0x86, 0x31, 0xa7, 0x39, 0x04, 0x21, 0x21, 0x00, 0x21, 0x00, 0x21, 0x00, 0x21, 0x00,
    0x21, 0x00, 0x21, 0x00, 0x01, 0x00, 0x21, 0x00, 0x21, 0x00, 0x21, 0x00, 0x21, 0x00, 0x21, 0x00,
    0x21, 0x00, 0x21, 0x00, 0x21, 0x00, 0x21, 0x00, 0x21, 0x00, 0x21, 0x00, 0x21, 0x00, 0x21, 0x00,
    0x21, 0x00, 0x21, 0x00, 0x21, 0x00, 0x21, 0x00, 0x21, 0x00, 0x21, 0x00, 0x21, 0x00, 0x21, 0x00,
    0x21, 0x00, 0x21, 0x00, 0x21, 0x00, 0x21, 0x00, 0x01, 0x00, 0x21, 0x08, 0x66, 0x29, 0xa7, 0x39,
    0xc8, 0x41, 0x8b, 0x5a, 0x8a, 0x52, 0x8a, 0x52, 0x8b, 0x5a, 0x09, 0x42, 0x25, 0x29, 0x08, 0x42,
    0x08, 0x42, 0x24, 0x21, 0x00, 0x00, 0x21, 0x00, 0x21, 0x00, 0x21, 0x00, 0x00, 0x00, 0x08, 0x3a,
    0xd6, 0xe5, 0xa4, 0xb0, 0x84, 0xc0, 0xa4, 0xc0, 0xa4, 0xc0, 0xa4, 0xc0, 0xa4, 0xc0, 0xa4, 0xc0,
    0xa4, 0xc0, 0xa4, 0xc0, 0xa4, 0xc0, 0xa4, 0xc0, 0xa4, 0xb8, 0xa4, 0xb8, 0xa4, 0xc0, 0xa4, 0xb8,
    0xa3, 0xb0, 0xa3, 0xb8, 0xa4, 0xb8, 0xa4, 0xb8, 0xe4, 0xa0, 0xa2, 0x38, 0x83, 0x10, 0xa3, 0x18,
    0xa3, 0x18, 0xc4, 0x20, 0xa3, 0x10, 0xa3, 0x18, 0x82, 0x20, 0xc4, 0x78, 0xa4, 0xb0, 0x84, 0xb8,
    0x84, 0xb8, 0xa4, 0xb8, 0xa4, 0xb8, 0xc4, 0xb8, 0xa3, 0x68, 0x00, 0x00, 0x00, 0x00, 0x00, 0x00,
    0x00, 0x00, 0x00, 0x00, 0x00, 0x00, 0x00, 0x00, 0x00, 0x00, 0x00, 0x00, 0x00, 0x00, 0x00, 0x00,
    0x00, 0x00, 0x00, 0x00, 0x00, 0x00, 0x00, 0x00, 0x00, 0x00, 0x00, 0x00, 0x00, 0x00, 0x00, 0x00,
    0x00, 0x00, 0x00, 0x00, 0x00, 0x00, 0x00, 0x00, 0x00, 0x00, 0x00, 0x00, 0x00, 0x00, 0x00, 0x00,
    0x00, 0x00, 0x00, 0x00, 0x00, 0x00, 0x00, 0x00, 0x00, 0x00, 0x00, 0x00, 0x00, 0x00, 0x00, 0x00,
    0x00, 0x00, 0x00, 0x00, 0x00, 0x00, 0x00, 0x00, 0x00, 0x00, 0x00, 0x00, 0x00, 0x00, 0x00, 0x00,
    0x00, 0x00, 0x00, 0x00, 0x00, 0x00, 0x00, 0x00, 0x00, 0x00, 0x00, 0x00, 0x00, 0x00, 0x00, 0x00,
    0x00, 0x00, 0x00, 0x08, 0xc4, 0x88, 0xc4, 0xc0, 0xc4, 0xb8, 0x83, 0xa8, 0xc4, 0xa0, 0xa2, 0x78,
    0xe4, 0xc0, 0xc4, 0x88, 0x82, 0x20, 0xa3, 0x18, 0xa3, 0x18, 0xa3, 0x18, 0xa3, 0x18, 0xa3, 0x18,
    0x82, 0x18, 0xa3, 0x70, 0xc4, 0xb8, 0x83, 0xb8, 0xa3, 0xb8, 0xa4, 0xc0, 0xa4, 0xa0, 0x42, 0x70,
    0xc5, 0xb0, 0xa3, 0xa0, 0xa3, 0xa0, 0xa4, 0xc0, 0xa3, 0xb8, 0xa4, 0xb8, 0xa3, 0xb8, 0xa3, 0xb8,
    0xa3, 0xc0, 0xa4, 0xc0, 0xa4, 0xc0, 0xa4, 0xc0, 0x84, 0xc0, 0xa3, 0xb0, 0xf7, 0xe5, 0x49, 0x4a,
    0x00, 0x00, 0x21, 0x08, 0x21, 0x00, 0x21, 0x00, 0x21, 0x00, 0x21, 0x00, 0x66, 0x29, 0x04, 0x21,
    0x86, 0x31, 0xa7, 0x39, 0xa7, 0x39, 0xa7, 0x39, 0xa7, 0x39, 0xc7, 0x39, 0xc8, 0x41, 0x66, 0x31,
    0x66, 0x31, 0x87, 0x39, 0x82, 0x10, 0x00, 0x00, 0x21, 0x00, 0x21, 0x00, 0x21, 0x00, 0x21, 0x00,
    0x21, 0x00, 0x21, 0x00, 0x21, 0x00, 0x21, 0x00, 0x21, 0x00, 0x21, 0x00, 0x21, 0x00, 0x21, 0x00,
    0x21, 0x00, 0x21, 0x00, 0x21, 0x00, 0x21, 0x00, 0x21, 0x00, 0x21, 0x00, 0x21, 0x00, 0x21, 0x00,
    0x21, 0x00, 0x21, 0x00, 0x21, 0x00, 0x21, 0x00, 0x21, 0x00, 0x21, 0x00, 0x21, 0x00, 0x21, 0x00,
    0x21, 0x00, 0x21, 0x00, 0x21, 0x00, 0x21, 0x00, 0x21, 0x00, 0x01, 0x00, 0x00, 0x00, 0x25, 0x21,
    0xa7, 0x39, 0xc7, 0x39, 0x6a, 0x52, 0x8a, 0x52, 0x6a, 0x52, 0xab, 0x52, 0x45, 0x29, 0xc7, 0x39,
    0xc7, 0x39, 0xe8, 0x39, 0x62, 0x10, 0x00, 0x00, 0x21, 0x00, 0x21, 0x00, 0x21, 0x00, 0x20, 0x00,
    0x95, 0xbd, 0x6a, 0xca, 0x42, 0xb8, 0xa4, 0xc0, 0xa4, 0xc0, 0xa4, 0xc0, 0xa4, 0xc0, 0xa4, 0xc0,
    0xa4, 0xc0, 0xa4, 0xc0, 0x84, 0xc0, 0xa4, 0xb8, 0xa4, 0xb8, 0xa3, 0xb8, 0xa3, 0xb8, 0xa4, 0xb8,
    0xa4, 0xb8, 0x83, 0xb0, 0xa3, 0xb0, 0x83, 0xa8, 0x83, 0xb0, 0xe4, 0x98, 0x83, 0x38, 0xa2, 0x18,
    0xa3, 0x18, 0xa3, 0x18, 0xa3, 0x10, 0xa3, 0x18, 0xa3, 0x10, 0x82, 0x38, 0xc4, 0xa8, 0x84, 0xb8,
    0xa3, 0xb8, 0xa4, 0xb8, 0xa4, 0xb8, 0x84, 0xc0, 0xc5, 0xb0, 0x62, 0x38, 0x00, 0x00, 0x00, 0x00,
    0x00, 0x00, 0x00, 0x00, 0x00, 0x00, 0x00, 0x00, 0x00, 0x00, 0x00, 0x00, 0x00, 0x00, 0x00, 0x00,
    0x00, 0x00, 0x00, 0x00, 0x00, 0x00, 0x00, 0x00, 0x00, 0x00, 0x00, 0x00, 0x00, 0x00, 0x00, 0x00,
    0x00, 0x00, 0x00, 0x00, 0x00, 0x00, 0x00, 0x00, 0x00, 0x00, 0x00, 0x00, 0x00, 0x00, 0x00, 0x00,
    0x00, 0x00, 0x00, 0x00, 0x00, 0x00, 0x00, 0x00, 0x00, 0x00, 0x00, 0x00, 0x00, 0x00, 0x00, 0x00,
    0x00, 0x00, 0x00, 0x00, 0x00, 0x00, 0x00, 0x00, 0x00, 0x00, 0x00, 0x00, 0x00, 0x00, 0x00, 0x00,
    0x00, 0x00, 0x00, 0x00, 0x00, 0x00, 0x00, 0x00, 0x00, 0x00, 0x00, 0x00, 0x00, 0x00, 0x00, 0x00,
    0x00, 0x00, 0x82, 0x48, 0xc5, 0xc0, 0x84, 0xc0, 0xa4, 0xc0, 0xa3, 0xb0, 0xa3, 0x90, 0x82, 0x58,
    0x05, 0x91, 0x83, 0x38, 0xa3, 0x10, 0xa3, 0x18, 0xa3, 0x18, 0xa3, 0x18, 0xa3, 0x18, 0x83, 0x10,
    0xa2, 0x58, 0xc4, 0xb8, 0xc3, 0xb8, 0xa3, 0xb0, 0x84, 0xc0, 0xc4, 0xb0, 0x82, 0x88, 0xa4, 0xa8,
    0xc4, 0xb0, 0x82, 0x90, 0xc4, 0xb0, 0xa4, 0xb8, 0xa3, 0xb8, 0x83, 0xb8, 0x83, 0xb8, 0x83, 0xb8,
    0xa3, 0xc0, 0xa4, 0xc0, 0xa4, 0xc0, 0xa4, 0xc0, 0x43, 0xb8, 0x29, 0xba, 0x38, 0xce, 0x62, 0x10,
    0x00, 0x00, 0x21, 0x00, 0x21, 0x00, 0x21, 0x00, 0x00, 0x00, 0xe4, 0x20, 0x45, 0x29, 0x66, 0x31,
    0xc7, 0x39, 0x87, 0x31, 0xa7, 0x39, 0xa7, 0x39, 0xc8, 0x39, 0xa7, 0x39, 0x66, 0x31, 0x87, 0x39,
    0x25, 0x29, 0x21, 0x08, 0x00, 0x00, 0x21, 0x00, 0x21, 0x00, 0x21, 0x00, 0x21, 0x00, 0x21, 0x00,
    0x21, 0x00, 0x21, 0x00, 0x21, 0x00, 0x21, 0x00, 0x21, 0x00, 0x21, 0x00, 0x21, 0x00, 0x21, 0x00,
    0x21, 0x00, 0x21, 0x00, 0x21, 0x00, 0x21, 0x00, 0x21, 0x00, 0x21, 0x00, 0x21, 0x00, 0x21, 0x00,
    0x21, 0x00, 0x21, 0x00, 0x21, 0x00, 0x21, 0x00, 0x21, 0x00, 0x21, 0x00, 0x21, 0x00, 0x21, 0x00,
    0x21, 0x00, 0x21, 0x00, 0x21, 0x00, 0x21, 0x00, 0x21, 0x00, 0x21, 0x00, 0x21, 0x00, 0x00, 0x00,
    0xe4, 0x18, 0xc7, 0x39, 0xc7, 0x39, 0x6a, 0x52, 0x6a, 0x52, 0x8b, 0x52, 0x08, 0x42, 0x46, 0x29,
    0x08, 0x42, 0xa7, 0x39, 0x66, 0x31, 0x00, 0x00, 0x21, 0x00, 0x21, 0x00, 0x41, 0x08, 0x00, 0x00,
    0x4d, 0x63, 0xb2, 0xdc, 0x42, 0xb0, 0xa4, 0xc0, 0xa4, 0xc0, 0xa4, 0xc0, 0xa4, 0xc0, 0xa4, 0xc0,
    0x84, 0xb8, 0xa4, 0xc0, 0x83, 0xb8, 0xa3, 0xb8, 0xa4, 0xb8, 0xa3, 0xb8, 0xa4, 0xc0, 0xa4, 0xb8,
    0xa4, 0xc0, 0xa4, 0xb8, 0xa3, 0xb0, 0xa3, 0xb0, 0x83, 0xb0, 0x83, 0xa8, 0xa4, 0x88, 0xa2, 0x30,
    0xa2, 0x18, 0xa3, 0x18, 0xa3, 0x18, 0xa3, 0x18, 0xa3, 0x18, 0x82, 0x18, 0x83, 0x58, 0xa4, 0xb8,
    0xa3, 0xc0, 0xa4, 0xc0, 0xa4, 0xc0, 0xa4, 0xc0, 0xa4, 0xc0, 0xc4, 0x98, 0x20, 0x10, 0x00, 0x00,
    0x00, 0x00, 0x00, 0x00, 0x00, 0x00, 0x00, 0x00, 0x00, 0x00, 0x00, 0x00, 0x00, 0x00, 0x00, 0x00,
    0x00, 0x00, 0x00, 0x00, 0x00, 0x00, 0x00, 0x00, 0x00, 0x00, 0x00, 0x00, 0x00, 0x00, 0x00, 0x00,
    0x00, 0x00, 0x00, 0x00, 0x00, 0x00, 0x00, 0x00, 0x00, 0x00, 0x00, 0x00, 0x00, 0x00, 0x00, 0x00,
    0x00, 0x00, 0x00, 0x00, 0x00, 0x00, 0x00, 0x00, 0x00, 0x00, 0x00, 0x00, 0x00, 0x00, 0x00, 0x00,
    0x00, 0x00, 0x00, 0x00, 0x00, 0x00, 0x00, 0x00, 0x00, 0x00, 0x00, 0x00, 0x00, 0x00, 0x00, 0x00,
    0x00, 0x00, 0x00, 0x00, 0x00, 0x00, 0x00, 0x00, 0x00, 0x00, 0x00, 0x00, 0x00, 0x00, 0x00, 0x00,
    0x20, 0x18, 0xe4, 0xa0, 0xc4, 0xc0, 0xa4, 0xc0, 0xa4, 0xc0, 0xc3, 0xc0, 0xe4, 0xb8, 0xa3, 0x70,
    0xc4, 0x70, 0x83, 0x28, 0xa3, 0x18, 0xa3, 0x18, 0xa3, 0x18, 0xa3, 0x18, 0xa3, 0x10, 0xa3, 0x40,
    0xe4, 0xa8, 0xc4, 0xb8, 0xa3, 0x98, 0x83, 0xa0, 0xa4, 0xb0, 0x82, 0x80, 0xa3, 0xa0, 0xa4, 0xb8,
    0xa3, 0xa0, 0xa3, 0x98, 0xa4, 0xc0, 0xa4, 0xb8, 0x83, 0xb8, 0x83, 0xb8, 0x83, 0xb8, 0x83, 0xb8,
    0xa4, 0xb8, 0xa4, 0xc0, 0xa3, 0xc0, 0xa4, 0xc0, 0x22, 0xb0, 0x71, 0xd4, 0xb2, 0x94, 0x00, 0x00,
    0x41, 0x08, 0x21, 0x00, 0x21, 0x08, 0x00, 0x00, 0x82, 0x10, 0x45, 0x29, 0x66, 0x31, 0xa7, 0x39,
    0xc7, 0x39, 0xa7, 0x31, 0x87, 0x31, 0xc7, 0x39, 0xa7, 0x39, 0x86, 0x39, 0x87, 0x39, 0xc4, 0x20,
    0x01, 0x08, 0x01, 0x00, 0x21, 0x00, 0x21, 0x08, 0x01, 0x00, 0x01, 0x00, 0x21, 0x00, 0x21, 0x00,
    0x21, 0x00, 0x21, 0x00, 0x21, 0x00, 0x21, 0x00, 0x21, 0x00, 0x21, 0x00, 0x21, 0x00, 0x21, 0x00,
    0x21, 0x00, 0x21, 0x00, 0x21, 0x00, 0x21, 0x00, 0x21, 0x00, 0x21, 0x00, 0x21, 0x00, 0x21, 0x00,
    0x21, 0x00, 0x21, 0x00, 0x21, 0x00, 0x21, 0x00, 0x21, 0x00, 0x21, 0x00, 0x21, 0x00, 0x21, 0x00,
    0x21, 0x00, 0x21, 0x00, 0x21, 0x00, 0x21, 0x00, 0x01, 0x00, 0x21, 0x00, 0x21, 0x00, 0x21, 0x08,
    0x00, 0x00, 0xa3, 0x18, 0xc7, 0x39, 0xa7, 0x39, 0x4a, 0x4a, 0x8a, 0x52, 0x6a, 0x52, 0x45, 0x29,
    0x29, 0x4a, 0xc7, 0x39, 0xe8, 0x41, 0xc3, 0x18, 0x00, 0x00, 0x21, 0x00, 0x21, 0x00, 0x00, 0x00,
    0xc4, 0x18, 0xd7, 0xd5, 0x45, 0xb9, 0x83, 0xc0, 0xa4, 0xc0, 0xa4, 0xc0, 0xa4, 0xc0, 0xa4, 0xc0,
    0xa4, 0xc0, 0xa4, 0xb8, 0xa4, 0xb8, 0xa4, 0xb8, 0xa4, 0xb8, 0xa4, 0xb8, 0xa4, 0xc0, 0xa4, 0xc0,
    0xa4, 0xb8, 0xc4, 0xb8, 0xa4, 0xb8, 0xa4, 0xb8, 0xa3, 0xb0, 0x83, 0xa8, 0xa4, 0xa8, 0xc4, 0x88,
    0x62, 0x30, 0xa3, 0x10, 0xa3, 0x18, 0xa3, 0x18, 0xa3, 0x10, 0xa3, 0x10, 0x82, 0x18, 0xc4, 0x78,
    0xa5, 0xc0, 0xa4, 0xc0, 0xa4, 0xc0, 0xa4, 0xc0, 0xa4, 0xb8, 0xc4, 0xc0, 0xa3, 0x68, 0x00, 0x00,
    0x00, 0x00, 0x00, 0x00, 0x00, 0x00, 0x00, 0x00, 0x00, 0x00, 0x00, 0x00, 0x00, 0x00, 0x00, 0x00,
    0x00, 0x00, 0x00, 0x00, 0x00, 0x00, 0x00, 0x00, 0x00, 0x00, 0x00, 0x00, 0x00, 0x00, 0x00, 0x00,
    0x00, 0x00, 0x00, 0x00, 0x00, 0x00, 0x00, 0x00, 0x00, 0x00, 0x00, 0x00, 0x00, 0x00, 0x00, 0x00,
    0x00, 0x00, 0x00, 0x00, 0x00, 0x00, 0x00, 0x00, 0x00, 0x00, 0x00, 0x00, 0x00, 0x00, 0x00, 0x00,
    0x00, 0x00, 0x00, 0x00, 0x00, 0x00, 0x00, 0x00, 0x00, 0x00, 0x00, 0x00, 0x00, 0x00, 0x00, 0x00,
    0x00, 0x00, 0x00, 0x00, 0x00, 0x00, 0x00, 0x00, 0x00, 0x00, 0x00, 0x00, 0x00, 0x00, 0x00, 0x00,
    0xc3, 0x70, 0xc4, 0xc0, 0xa3, 0xb8, 0xa4, 0xc0, 0xa4, 0xc0, 0xa3, 0xc0, 0xc4, 0xc0, 0xc4, 0x70,
    0xc4, 0x50, 0xa3, 0x20, 0xa3, 0x18, 0xa3, 0x18, 0xa3, 0x18, 0xa3, 0x18, 0x82, 0x18, 0xc3, 0x60,
    0xa3, 0x90, 0x83, 0x90, 0xa3, 0x90, 0xa4, 0xa8, 0x82, 0x88, 0xa3, 0xa0, 0xc4, 0xb8, 0xa4, 0xb8,
    0x82, 0x90, 0xa3, 0xa8, 0xa4, 0xc0, 0xa4, 0xb8, 0x84, 0xb8, 0x84, 0xb8, 0x83, 0xb8, 0x83, 0xb8,
    0xa3, 0xb8, 0xa4, 0xb8, 0xa3, 0xb8, 0x84, 0xc0, 0xc4, 0xa8, 0x38, 0xe6, 0x08, 0x42, 0x00, 0x00,
    0x21, 0x00, 0x21, 0x00, 0x21, 0x00, 0x41, 0x08, 0x25, 0x21, 0x46, 0x29, 0xa7, 0x39, 0x87, 0x31,
    0xc8, 0x39, 0xa7, 0x39, 0xc8, 0x39, 0x87, 0x31, 0x87, 0x39, 0x87, 0x39, 0x82, 0x18, 0x01, 0x00,
    0x01, 0x00, 0x20, 0x08, 0x21, 0x08, 0x20, 0x08, 0x21, 0x08, 0x21, 0x00, 0x21, 0x00, 0x21, 0x00,
    0x21, 0x00, 0x21, 0x00, 0x21, 0x00, 0x21, 0x00, 0x21, 0x00, 0x21, 0x00, 0x21, 0x00, 0x21, 0x00,
    0x21, 0x00, 0x21, 0x00, 0x21, 0x00, 0x21, 0x00, 0x21, 0x00, 0x21, 0x00, 0x21, 0x00, 0x21, 0x00,
    0x21, 0x00, 0x21, 0x00, 0x21, 0x00, 0x21, 0x00, 0x21, 0x00, 0x21, 0x00, 0x21, 0x00, 0x21, 0x00,
    0x21, 0x00, 0x21, 0x00, 0x21, 0x00, 0x20, 0x00, 0x00, 0x08, 0x21, 0x08, 0x21, 0x08, 0x00, 0x08,
    0x01, 0x08, 0x00, 0x08, 0xa3, 0x18, 0xc7, 0x39, 0x86, 0x31, 0x4a, 0x4a, 0xab, 0x5a, 0xa7, 0x39,
    0xc7, 0x39, 0x49, 0x4a, 0xa7, 0x31, 0xa7, 0x31, 0x21, 0x00, 0x21, 0x00, 0x21, 0x00, 0x21, 0x08,
    0x00, 0x00, 0xb2, 0x94, 0x8e, 0xd3, 0x22, 0xb0, 0xa4, 0xc0, 0xa4, 0xc0, 0xa4, 0xc0, 0xa4, 0xc0,
    0xa4, 0xc0, 0xa4, 0xc0, 0xa3, 0xb8, 0xa3, 0xb8, 0xa4, 0xb8, 0xa4, 0xb8, 0xa4, 0xc0, 0xa4, 0xc0,
    0xa4, 0xc0, 0xa4, 0xb8, 0xa3, 0xb8, 0x83, 0xb8, 0xa3, 0xb0, 0xa3, 0xb0, 0x83, 0xa8, 0xa3, 0xb8,
    0xc4, 0x80, 0x62, 0x20, 0x83, 0x18, 0xa3, 0x18, 0xa3, 0x18, 0xa3, 0x18, 0xa3, 0x10, 0x82, 0x28,
    0xc5, 0xa0, 0xa4, 0xc0, 0xa3, 0xc0, 0x84, 0xc0, 0xa4, 0xc0, 0xa3, 0xc0, 0xe4, 0xb0, 0x61, 0x30,
    0x00, 0x00, 0x00, 0x00, 0x00, 0x00, 0x00, 0x00, 0x00, 0x00, 0x00, 0x00, 0x00, 0x00, 0x00, 0x00,
    0x00, 0x00, 0x00, 0x00, 0x00, 0x00, 0x00, 0x00, 0x00, 0x00, 0x00, 0x00, 0x00, 0x00, 0x00, 0x00,
    0x00, 0x00, 0x00, 0x00, 0x00, 0x00, 0x00, 0x00, 0x00, 0x00, 0x00, 0x00, 0x00, 0x00, 0x00, 0x00,
    0x00, 0x00, 0x00, 0x00, 0x00, 0x00, 0x00, 0x00, 0x00, 0x00, 0x00, 0x00, 0x00, 0x00, 0x00, 0x00,
    0x00, 0x00, 0x00, 0x00, 0x00, 0x00, 0x00, 0x00, 0x00, 0x00, 0x00, 0x00, 0x00, 0x00, 0x00, 0x00,
    0x00, 0x00, 0x00, 0x00, 0x00, 0x00, 0x00, 0x00, 0x00, 0x00, 0x00, 0x00, 0x00, 0x00, 0x61, 0x30,
    0xe4, 0xb0, 0xa3, 0xc0, 0xa4, 0xc0, 0xa4, 0xc0, 0xa4, 0xc0, 0x84, 0xc0, 0xa5, 0xa8, 0x83, 0x38,
    0xa3, 0x28, 0xa3, 0x18, 0xa3, 0x18, 0xa3, 0x18, 0xa3, 0x18, 0x82, 0x18, 0x82, 0x30, 0x82, 0x50,
    0xe4, 0xa0, 0xa4, 0xb0, 0xa4, 0xb8, 0x83, 0xa0, 0xa3, 0x98, 0xc4, 0xb8, 0xc4, 0xb8, 0xa3, 0xa0,
    0xa3, 0xa0, 0xa3, 0xa8, 0xa4, 0xb8, 0xa4, 0xc0, 0x83, 0xb8, 0x83, 0xb8, 0x83, 0xb8, 0xa4, 0xb8,
    0xa4, 0xb8, 0xa4, 0xb8, 0xa4, 0xc0, 0x42, 0xb8, 0xcb, 0xc2, 0xf7, 0xbd, 0x21, 0x00, 0x00, 0x00,
    0x21, 0x00, 0x21, 0x00, 0x21, 0x00, 0xe4, 0x20, 0x46, 0x29, 0xa7, 0x39, 0xa7, 0x39, 0xa7, 0x31,
    0xe8, 0x41, 0xe8, 0x41, 0x66, 0x31, 0x87, 0x31, 0x66, 0x31, 0x41, 0x10, 0x42, 0x58, 0x83, 0x88,
    0x41, 0x40, 0x20, 0x18, 0x20, 0x08, 0x21, 0x08, 0x21, 0x08, 0x21, 0x08, 0x21, 0x00, 0x21, 0x00,
    0x21, 0x00, 0x21, 0x00, 0x21, 0x00, 0x21, 0x00, 0x21, 0x00, 0x21, 0x00, 0x21, 0x00, 0x21, 0x00,
    0x21, 0x00, 0x21, 0x00, 0x21, 0x00, 0x21, 0x00, 0x21, 0x00, 0x21, 0x00, 0x21, 0x00, 0x21, 0x00,
    0x21, 0x00, 0x21, 0x00, 0x21, 0x00, 0x21, 0x00, 0x21, 0x00, 0x21, 0x00, 0x21, 0x00, 0x21, 0x00,
    0x21, 0x00, 0x21, 0x00, 0x21, 0x08, 0x21, 0x08, 0x21, 0x10, 0x01, 0x10, 0x21, 0x10, 0x41, 0x38,
    0x82, 0x78, 0x62, 0x50, 0x00, 0x08, 0xa3, 0x18, 0xa7, 0x39, 0x86, 0x31, 0x8a, 0x52, 0x4a, 0x4a,
    0x86, 0x31, 0x4a, 0x4a, 0xc7, 0x39, 0xa7, 0x39, 0x05, 0x21, 0x00, 0x00, 0x21, 0x08, 0x21, 0x08,
    0x00, 0x00, 0x29, 0x42, 0x76, 0xdd, 0x83, 0xb0, 0xa4, 0xc0, 0xa4, 0xc0, 0xa4, 0xc0, 0xa4, 0xc0,
    0xa4, 0xc0, 0xa4, 0xc0, 0xa3, 0xb8, 0xa3, 0xb8, 0xa4, 0xc0, 0xa3, 0xb8, 0xa4, 0xc0, 0xa4, 0xc0,
    0xa4, 0xc0, 0xa4, 0xb8, 0xa3, 0xb8, 0xa4, 0xb8, 0xa4, 0xb8, 0x83, 0xb0, 0x83, 0xa8, 0xa3, 0xb0,
    0xc5, 0xb8, 0xa4, 0x70, 0x82, 0x18, 0xa3, 0x18, 0xa3, 0x18, 0xa3, 0x18, 0xa3, 0x18, 0xa3, 0x10,
    0x83, 0x50, 0xc4, 0xb8, 0x83, 0xc0, 0x84, 0xc0, 0x84, 0xc0, 0x84, 0xb8, 0xa4, 0xc0, 0xa4, 0x80,
    0x00, 0x00, 0x00, 0x00, 0x00, 0x00, 0x00, 0x00, 0x00, 0x00, 0x00, 0x00, 0x00, 0x00, 0x00, 0x00,
    0x00, 0x00, 0x00, 0x00, 0x00, 0x00, 0x00, 0x00, 0x00, 0x00, 0x00, 0x00, 0x00, 0x00, 0x00, 0x00,
    0x00, 0x00, 0x00, 0x00, 0x00, 0x00, 0x00, 0x00, 0x00, 0x00, 0x00, 0x00, 0x00, 0x00, 0x00, 0x00,
    0x00, 0x00, 0x00, 0x00, 0x00, 0x00, 0x00, 0x00, 0x00, 0x00, 0x00, 0x00, 0x00, 0x00, 0x00, 0x00,
    0x00, 0x00, 0x00, 0x00, 0x00, 0x00, 0x00, 0x00, 0x00, 0x00, 0x00, 0x00, 0x00, 0x00, 0x00, 0x00,
    0x00, 0x00, 0x00, 0x00, 0x00, 0x00, 0x00, 0x00, 0x00, 0x00, 0x00, 0x00, 0x00, 0x08, 0xa4, 0x88,
    0xa3, 0xc0, 0xa3, 0xc0, 0xa4, 0xc0, 0xa4, 0xc0, 0xa4, 0xc0, 0xc4, 0xc0, 0x83, 0x70, 0x82, 0x18,
    0xa3, 0x18, 0xa3, 0x18, 0xa3, 0x18, 0xa3, 0x18, 0x82, 0x10, 0xa3, 0x48, 0x05, 0xa1, 0x83, 0x78,
    0xa4, 0xa0, 0xa4, 0xc0, 0xa4, 0xb8, 0xa3, 0xa0, 0xa4, 0xa0, 0xc5, 0xb0, 0x83, 0x90, 0x82, 0x88,
    0x83, 0x98, 0x82, 0xa0, 0xa4, 0xb8, 0xa4, 0xb8, 0xa3, 0xb8, 0x83, 0xb8, 0xa4, 0xb8, 0xa4, 0xb8,
    0xa4, 0xc0, 0xa4, 0xc0, 0xa4, 0xc0, 0x42, 0xb0, 0x14, 0xe5, 0xaf, 0x73, 0x00, 0x00, 0x21, 0x08,
    0x21, 0x00, 0x00, 0x00, 0xa3, 0x10, 0x05, 0x21, 0x66, 0x31, 0xc7, 0x39, 0xa7, 0x39, 0xa7, 0x39,
    0x09, 0x42, 0x67, 0x31, 0x66, 0x31, 0x25, 0x29, 0x41, 0x08, 0x01, 0x10, 0x41, 0x80, 0x62, 0xf8,
    0x62, 0xd8, 0x82, 0x98, 0x61, 0x48, 0x21, 0x18, 0x21, 0x10, 0x21, 0x10, 0x21, 0x10, 0x21, 0x08,
    0x21, 0x08, 0x21, 0x08, 0x21, 0x00, 0x01, 0x00, 0x01, 0x00, 0x01, 0x00, 0x21, 0x00, 0x21, 0x00,
    0x21, 0x00, 0x21, 0x00, 0x21, 0x00, 0x21, 0x00, 0x21, 0x00, 0x21, 0x00, 0x21, 0x00, 0x21, 0x00,
    0x21, 0x00, 0x21, 0x00, 0x21, 0x00, 0x21, 0x00, 0x21, 0x00, 0x21, 0x00, 0x21, 0x00, 0x20, 0x00,
    0x20, 0x08, 0x21, 0x10, 0x21, 0x10, 0x20, 0x10, 0x20, 0x20, 0x41, 0x48, 0x62, 0x98, 0x62, 0xd8,
    0xa2, 0xf0, 0x41, 0x70, 0x21, 0x10, 0x00, 0x00, 0xa3, 0x10, 0xa7, 0x39, 0x86, 0x31, 0x8a, 0x52,
    0x08, 0x42, 0x09, 0x42, 0x29, 0x4a, 0x46, 0x29, 0xe8, 0x41, 0x61, 0x08, 0x00, 0x00, 0x21, 0x00,
    0x20, 0x00, 0x41, 0x08, 0x76, 0xbd, 0x09, 0xc2, 0x62, 0xb8, 0xa4, 0xc0, 0xa4, 0xc0, 0xa4, 0xc0,
    0xa4, 0xc0, 0xa3, 0xb8, 0xa3, 0xb8, 0xa4, 0xb8, 0xa3, 0xc0, 0xa3, 0xb8, 0xa4, 0xc0, 0xa4, 0xc0,
    0xa4, 0xc0, 0xa4, 0xb8, 0xa4, 0xb8, 0xa3, 0xb8, 0x83, 0xb8, 0x83, 0xb0, 0x83, 0xb0, 0xa4, 0xb8,
    0x83, 0xb8, 0xc4, 0xb0, 0xa2, 0x50, 0x82, 0x10, 0xa3, 0x18, 0xa3, 0x18, 0xa3, 0x18, 0xa3, 0x18,
    0x82, 0x18, 0xc4, 0x80, 0xa4, 0xc0, 0x84, 0xc0, 0x84, 0xc0, 0x84, 0xc0, 0x83, 0xc0, 0xc5, 0xc0,
    0x62, 0x48, 0x00, 0x00, 0x00, 0x00, 0x00, 0x00, 0x00, 0x00, 0x00, 0x00, 0x00, 0x00, 0x00, 0x00,
    0x00, 0x00, 0x00, 0x00, 0x00, 0x00, 0x00, 0x00, 0x00, 0x00, 0x00, 0x00, 0x00, 0x00, 0x00, 0x00,
    0x00, 0x00, 0x00, 0x00, 0x00, 0x00, 0x00, 0x00, 0x00, 0x00, 0x00, 0x00, 0x00, 0x00, 0x00, 0x00,
    0x00, 0x00, 0x00, 0x00, 0x00, 0x00, 0x00, 0x00, 0x00, 0x00, 0x00, 0x00, 0x00, 0x00, 0x00, 0x00,
    0x00, 0x00, 0x00, 0x00, 0x00, 0x00, 0x00, 0x00, 0x00, 0x00, 0x00, 0x00, 0x00, 0x00, 0x00, 0x00,
    0x00, 0x00, 0x00, 0x00, 0x00, 0x00, 0x00, 0x00, 0x00, 0x00, 0x00, 0x00, 0x62, 0x40, 0xc5, 0xb8,
    0x83, 0xb8, 0xa4, 0xc0, 0xa4, 0xc0, 0xa4, 0xc0, 0xc4, 0xc0, 0xe4, 0x90, 0xa2, 0x40, 0xa3, 0x20,
    0xa3, 0x18, 0xa3, 0x18, 0xa3, 0x18, 0xa2, 0x10, 0x82, 0x38, 0xc5, 0xa0, 0xa4, 0xc0, 0xa3, 0x90,
    0xa3, 0x90, 0xa4, 0xb8, 0xa4, 0xb8, 0xa5, 0xb8, 0x83, 0x70, 0x62, 0x68, 0x83, 0x90, 0xa4, 0xa8,
    0xa3, 0xa8, 0xa4, 0xb0, 0xa4, 0xb8, 0xa4, 0xb8, 0xa4, 0xb8, 0xa4, 0xc0, 0xa4, 0xc0, 0xa4, 0xc0,
    0x84, 0xc0, 0xa4, 0xc0, 0x83, 0xc0, 0x46, 0xb1, 0x59, 0xde, 0x25, 0x21, 0x00, 0x00, 0x21, 0x00,
    0x01, 0x00, 0x42, 0x08, 0x45, 0x29, 0x25, 0x21, 0xa7, 0x39, 0xa7, 0x39, 0xa7, 0x39, 0xe8, 0x41,
    0x66, 0x31, 0x66, 0x31, 0xe4, 0x20, 0x00, 0x00, 0x21, 0x08, 0x21, 0x10, 0x41, 0x78, 0x21, 0xf8,
    0x00, 0xf8, 0x20, 0xf8, 0x81, 0xd8, 0x63, 0xa0, 0x61, 0x50, 0x41, 0x18, 0x21, 0x10, 0x21, 0x10,
    0x41, 0x10, 0x21, 0x08, 0x20, 0x08, 0x21, 0x00, 0x21, 0x00, 0x21, 0x00, 0x21, 0x00, 0x21, 0x00,
    0x21, 0x00, 0x21, 0x00, 0x21, 0x00, 0x21, 0x00, 0x21, 0x00, 0x21, 0x00, 0x21, 0x00, 0x21, 0x00,
    0x21, 0x00, 0x21, 0x00, 0x21, 0x00, 0x21, 0x00, 0x21, 0x00, 0x21, 0x00, 0x21, 0x08, 0x40, 0x08,
    0x21, 0x10, 0x01, 0x10, 0x00, 0x20, 0x41, 0x50, 0x62, 0xa0, 0x62, 0xe8, 0x41, 0xf8, 0x20, 0xf8,
    0x61, 0xf0, 0x41, 0x60, 0x21, 0x10, 0x41, 0x08, 0x00, 0x00, 0xa3, 0x18, 0xa7, 0x39, 0xa7, 0x31,
    0x6a, 0x52, 0x29, 0x42, 0x29, 0x4a, 0x86, 0x31, 0xc7, 0x39, 0x45, 0x29, 0x00, 0x00, 0x21, 0x00,
    0x21, 0x08, 0x00, 0x00, 0xaf, 0x7b, 0x10, 0xdc, 0x42, 0xb0, 0xa4, 0xc0, 0xa4, 0xc0, 0xa4, 0xc0,
    0xa4, 0xc0, 0xa4, 0xb8, 0xa4, 0xb8, 0xa4, 0xb8, 0xa4, 0xb8, 0xa3, 0xb8, 0xa3, 0xb8, 0xa4, 0xc0,
    0xa4, 0xb8, 0xa4, 0xb8, 0xa3, 0xb8, 0x83, 0xb0, 0xa3, 0xb8, 0x83, 0xb0, 0xa3, 0xb8, 0xa4, 0xb8,
    0xa3, 0xb8, 0xa3, 0xb8, 0xa4, 0xa0, 0x82, 0x30, 0x83, 0x10, 0xa3, 0x18, 0xa3, 0x18, 0xa3, 0x18,
    0xa3, 0x10, 0x83, 0x30, 0xa4, 0xa8, 0x84, 0xc0, 0x84, 0xc0, 0x84, 0xc0, 0x84, 0xc0, 0x83, 0xc0,
    0xc4, 0xa0, 0x20, 0x10, 0x00, 0x00, 0x00, 0x00, 0x00, 0x00, 0x00, 0x00, 0x00, 0x00, 0x00, 0x00,
    0x00, 0x00, 0x00, 0x00, 0x00, 0x00, 0x00, 0x00, 0x00, 0x00, 0x00, 0x00, 0x00, 0x00, 0x00, 0x00,
    0x00, 0x00, 0x00, 0x00, 0x00, 0x00, 0x00, 0x00, 0x00, 0x00, 0x00, 0x00, 0x00, 0x00, 0x00, 0x00,
    0x00, 0x00, 0x00, 0x00, 0x00, 0x00, 0x00, 0x00, 0x00, 0x00, 0x00, 0x00, 0x00, 0x00, 0x00, 0x00,
    0x00, 0x00, 0x00, 0x00, 0x00, 0x00, 0x00, 0x00, 0x00, 0x00, 0x00, 0x00, 0x00, 0x00, 0x00, 0x00,
    0x00, 0x00, 0x00, 0x00, 0x00, 0x00, 0x00, 0x00, 0x00, 0x00, 0x00, 0x08, 0xe4, 0x88, 0xa2, 0xa8,
    0xa3, 0xb0, 0xa4, 0xc0, 0xa4, 0xc0, 0xa4, 0xc0, 0xe5, 0xb0, 0x83, 0x40, 0x82, 0x18, 0xa3, 0x18,
    0x83, 0x18, 0xa3, 0x18, 0xa3, 0x10, 0x82, 0x28, 0xc4, 0x90, 0xa4, 0xc0, 0xa4, 0xc0, 0xa3, 0x98,
    0x83, 0x90, 0xa4, 0xb8, 0x84, 0xb8, 0xa5, 0xb8, 0x82, 0x70, 0xc3, 0x98, 0xc4, 0xc0, 0xa4, 0xb8,
    0xa4, 0xb8, 0xa3, 0xb8, 0xa4, 0xb8, 0xa4, 0xc0, 0xa4, 0xc0, 0xa4, 0xc0, 0x84, 0xc0, 0x84, 0xc0,
    0x84, 0xc0, 0xa4, 0xc0, 0x22, 0xb8, 0x4d, 0xcb, 0x54, 0xad, 0x00, 0x00, 0x21, 0x08, 0x21, 0x00,
    0x21, 0x00, 0x25, 0x29, 0x05, 0x21, 0x86, 0x31, 0xa7, 0x39, 0xc8, 0x39, 0xc8, 0x39, 0x66, 0x31,
    0x86, 0x31, 0xc4, 0x18, 0x00, 0x00, 0x20, 0x00, 0x21, 0x08, 0x21, 0x10, 0x41, 0x68, 0x41, 0xf0,
    0x00, 0xf8, 0x20, 0xf0, 0x20, 0xf0, 0x21, 0xf8, 0x42, 0xe8, 0x81, 0xa0, 0x61, 0x58, 0x21, 0x28,
    0x21, 0x10, 0x41, 0x10, 0x21, 0x10, 0x21, 0x08, 0x21, 0x08, 0x21, 0x08, 0x21, 0x00, 0x21, 0x00,
    0x21, 0x00, 0x21, 0x00, 0x21, 0x00, 0x21, 0x00, 0x21, 0x00, 0x21, 0x00, 0x21, 0x00, 0x21, 0x00,
    0x21, 0x00, 0x21, 0x00, 0x21, 0x00, 0x21, 0x08, 0x41, 0x08, 0x41, 0x08, 0x41, 0x08, 0x20, 0x08,
    0x21, 0x20, 0x41, 0x58, 0x61, 0xa8, 0x42, 0xe8, 0x21, 0xf8, 0x20, 0xf8, 0x20, 0xf8, 0x20, 0xf8,
    0x61, 0xe8, 0x41, 0x50, 0x41, 0x10, 0x21, 0x08, 0x21, 0x00, 0x00, 0x00, 0xc3, 0x18, 0xa7, 0x39,
    0xa7, 0x39, 0x4a, 0x4a, 0xe8, 0x41, 0xa7, 0x31, 0xc7, 0x39, 0xe8, 0x41, 0x82, 0x10, 0x00, 0x00,
    0x21, 0x08, 0x00, 0x00, 0x86, 0x29, 0x95, 0xdd, 0xc4, 0xb8, 0x84, 0xc0, 0xa4, 0xc0, 0xa4, 0xc0,
    0xa4, 0xc0, 0xa4, 0xb8, 0xa3, 0xb8, 0xa3, 0xb8, 0xa4, 0xb8, 0xa3, 0xb8, 0xa3, 0xb8, 0xa4, 0xc0,
    0xa4, 0xb8, 0xa4, 0xb8, 0xa3, 0xb8, 0xa3, 0xb8, 0xa3, 0xb8, 0x83, 0xb0, 0xa3, 0xb8, 0xa4, 0xb8,
    0xa4, 0xb8, 0x83, 0xb0, 0xa4, 0xc0, 0xa4, 0x80, 0x82, 0x18, 0xa3, 0x18, 0xa3, 0x18, 0xa3, 0x18,
    0xa3, 0x18, 0x83, 0x10, 0xa3, 0x60, 0xa4, 0xc0, 0x84, 0xc0, 0x84, 0xc0, 0x84, 0xc0, 0x83, 0xc0,
    0xc4, 0xc0, 0xa3, 0x60, 0x00, 0x00, 0x00, 0x00, 0x00, 0x00, 0x00, 0x00, 0x00, 0x00, 0x00, 0x00,
    0x00, 0x00, 0x00, 0x00, 0x00, 0x00, 0x00, 0x00, 0x00, 0x00, 0x00, 0x00, 0x00, 0x00, 0x00, 0x00,
    0x00, 0x00, 0x00, 0x00, 0x00, 0x00, 0x00, 0x00, 0x00, 0x00, 0x00, 0x00, 0x00, 0x00, 0x00, 0x00,
    0x00, 0x00, 0x00, 0x00, 0x00, 0x00, 0x00, 0x00, 0x00, 0x00, 0x00, 0x00, 0x00, 0x00, 0x00, 0x00,
    0x00, 0x00, 0x00, 0x00, 0x00, 0x00, 0x00, 0x00, 0x00, 0x00, 0x00, 0x00, 0x00, 0x00, 0x00, 0x00,
    0x00, 0x00, 0x00, 0x00, 0x00, 0x00, 0x00, 0x00, 0x00, 0x00, 0x82, 0x48, 0xc4, 0xb8, 0xa3, 0xa8,
    0xc4, 0xb8, 0xa4, 0xc0, 0xa3, 0xc0, 0xc4, 0xc0, 0xc3, 0x80, 0x62, 0x18, 0xa3, 0x18, 0xa3, 0x18,
    0xa3, 0x18, 0xa3, 0x18, 0x82, 0x18, 0xc3, 0x78, 0xc4, 0xc0, 0xa4, 0xb8, 0xa4, 0xc0, 0xa3, 0xa8,
    0x83, 0x90, 0xa4, 0xc0, 0xa4, 0xc0, 0xa3, 0x90, 0x82, 0x80, 0xc4, 0xb8, 0x84, 0xb8, 0xa3, 0xb8,
    0xa4, 0xb8, 0xa4, 0xb8, 0xa4, 0xc0, 0xa3, 0xc0, 0xa3, 0xc0, 0xa3, 0xc0, 0xa4, 0xc0, 0xa4, 0xc0,
    0xa4, 0xc0, 0xa4, 0xc0, 0x43, 0xb0, 0x56, 0xe5, 0x0c, 0x5b, 0x00, 0x00, 0x41, 0x08, 0x00, 0x00,
    0xc3, 0x18, 0x25, 0x29, 0x66, 0x31, 0xa7, 0x39, 0xa7, 0x39, 0xc8, 0x41, 0x66, 0x31, 0x87, 0x31,
    0xa3, 0x10, 0x00, 0x00, 0x21, 0x00, 0x20, 0x00, 0x21, 0x08, 0x21, 0x10, 0x21, 0x50, 0x41, 0xe0,
    0x00, 0xf8, 0x20, 0xf0, 0x20, 0xf0, 0x20, 0xf0, 0x00, 0xf8, 0x20, 0xf8, 0x41, 0xf0, 0x62, 0xb8,
    0x81, 0x60, 0x41, 0x28, 0x21, 0x10, 0x21, 0x10, 0x41, 0x10, 0x21, 0x08, 0x21, 0x08, 0x01, 0x00,
    0x21, 0x00, 0x21, 0x00, 0x21, 0x00, 0x21, 0x00, 0x21, 0x00, 0x21, 0x00, 0x21, 0x00, 0x21, 0x00,
    0x21, 0x00, 0x20, 0x08, 0x21, 0x08, 0x41, 0x08, 0x41, 0x08, 0x20, 0x10, 0x21, 0x28, 0x61, 0x68,
    0x82, 0xb0, 0x61, 0xe8, 0x20, 0xf8, 0x20, 0xf8, 0x20, 0xf8, 0x20, 0xf8, 0x20, 0xf8, 0x20, 0xf8,
    0x61, 0xd8, 0x41, 0x38, 0x41, 0x10, 0x21, 0x08, 0x21, 0x00, 0x21, 0x00, 0x00, 0x00, 0x04, 0x21,
    0x87, 0x31, 0xe8, 0x39, 0x09, 0x42, 0xa7, 0x39, 0x29, 0x4a, 0xe8, 0x39, 0x45, 0x29, 0x00, 0x00,
    0x21, 0x00, 0x21, 0x08, 0x21, 0x00, 0x54, 0xb5, 0x29, 0xc2, 0x42, 0xb8, 0xa4, 0xc0, 0xa4, 0xb8,
    0xa4, 0xb8, 0xa4, 0xb8, 0x83, 0xb8, 0xa4, 0xb8, 0xa3, 0xb8, 0xa3, 0xb8, 0xa3, 0xb8, 0xa4, 0xb8,
    0xa4, 0xb8, 0xa4, 0xb8, 0xa4, 0xb8, 0xa4, 0xb8, 0xa4, 0xb8, 0x83, 0xb0, 0xa3, 0xb0, 0xa4, 0xb8,
    0xa3, 0xb8, 0x83, 0xb0, 0xa4, 0xb8, 0xc4, 0xb0, 0x83, 0x50, 0x82, 0x10, 0xa3, 0x18, 0xa3, 0x18,
    0xa3, 0x18, 0xa3, 0x18, 0x82, 0x20, 0xc3, 0x90, 0xa4, 0xc0, 0x83, 0xc0, 0xa3, 0xc0, 0xa3, 0xc0,
    0x83, 0xc0, 0xc5, 0xa0, 0x21, 0x20, 0x00, 0x00, 0x00, 0x00, 0x00, 0x00, 0x00, 0x00, 0x00, 0x00,
    0x00, 0x00, 0x00, 0x00, 0x00, 0x00, 0x00, 0x00, 0x00, 0x00, 0x00, 0x00, 0x00, 0x00, 0x00, 0x00,
    0x00, 0x00, 0x00, 0x00, 0x00, 0x00, 0x00, 0x00, 0x00, 0x00, 0x00, 0x00, 0x00, 0x00, 0x00, 0x00,
    0x00, 0x00, 0x00, 0x00, 0x00, 0x00, 0x00, 0x00, 0x00, 0x00, 0x00, 0x00, 0x00, 0x00, 0x00, 0x00,
    0x00, 0x00, 0x00, 0x00, 0x00, 0x00, 0x00, 0x00, 0x00, 0x00, 0x00, 0x00, 0x00, 0x00, 0x00, 0x00,
    0x00, 0x00, 0x00, 0x00, 0x00, 0x00, 0x00, 0x00, 0x20, 0x10, 0xe4, 0x98, 0xa4, 0xc0, 0xc4, 0xb8,
    0xa4, 0xb8, 0xa4, 0xb8, 0xa4, 0xc0, 0xe4, 0xa0, 0x82, 0x38, 0x83, 0x10, 0xa3, 0x18, 0xa3, 0x18,
    0xa3, 0x18, 0xa2, 0x10, 0xa3, 0x48, 0xc5, 0xb8, 0xa3, 0xc0, 0xa4, 0xc0, 0xa4, 0xc0, 0xa4, 0xb0,
    0xa3, 0x90, 0xc5, 0xc0, 0xc3, 0xa0, 0x81, 0x70, 0x83, 0x90, 0xa4, 0xb8, 0xa4, 0xb8, 0xa4, 0xb8,
    0xa4, 0xb8, 0x84, 0xc0, 0xa4, 0xc0, 0xa3, 0xc0, 0x83, 0xc0, 0xa3, 0xc0, 0xa4, 0xc0, 0xa4, 0xc0,
    0xa4, 0xc0, 0x83, 0xc0, 0x26, 0xb9, 0x39, 0xde, 0x04, 0x21, 0x00, 0x00, 0x21, 0x00, 0x41, 0x08,
    0xe4, 0x20, 0x25, 0x29, 0xc7, 0x39, 0xa7, 0x39, 0xa7, 0x31, 0x86, 0x31, 0x87, 0x31, 0x83, 0x10,
    0x00, 0x00, 0x21, 0x00, 0x21, 0x00, 0x20, 0x00, 0x21, 0x08, 0x21, 0x10, 0x20, 0x40, 0x61, 0xd0,
    0x00, 0xf8, 0x20, 0xf8, 0x20, 0xf8, 0x20, 0xf8, 0x20, 0xf8, 0x00, 0xf8, 0x00, 0xf8, 0x20, 0xf8,
    0x61, 0xe8, 0x82, 0xb8, 0x62, 0x70, 0x21, 0x30, 0x21, 0x08, 0x21, 0x08, 0x41, 0x08, 0x21, 0x08,
    0x21, 0x08, 0x21, 0x00, 0x21, 0x00, 0x21, 0x00, 0x21, 0x00, 0x21, 0x00, 0x21, 0x00, 0x21, 0x00,
    0x21, 0x08, 0x21, 0x08, 0x21, 0x08, 0x20, 0x10, 0x41, 0x30, 0x62, 0x70, 0x61, 0xc0, 0x61, 0xf0,
    0x20, 0xf8, 0x00, 0xf8, 0x20, 0xf8, 0x20, 0xf8, 0x20, 0xf8, 0x20, 0xf8, 0x20, 0xf8, 0x41, 0xf8,
    0x62, 0xb0, 0x41, 0x28, 0x41, 0x10, 0x21, 0x08, 0x21, 0x00, 0x21, 0x00, 0x21, 0x00, 0x00, 0x00,
    0x46, 0x29, 0x87, 0x31, 0x08, 0x42, 0x49, 0x4a, 0x29, 0x4a, 0x08, 0x42, 0xa7, 0x31, 0x82, 0x10,
    0x00, 0x00, 0x41, 0x08, 0x00, 0x00, 0xaf, 0x73, 0xcf, 0xdb, 0x22, 0xb8, 0xa4, 0xc0, 0xa4, 0xb8,
    0xa4, 0xb8, 0xa4, 0xb8, 0xa4, 0xb8, 0xa3, 0xb8, 0xa3, 0xb8, 0xa4, 0xb8, 0xa3, 0xb8, 0xa3, 0xb0,
    0xa3, 0xb8, 0xa4, 0xb8, 0xa4, 0xb8, 0xa4, 0xb8, 0xa4, 0xb8, 0xa4, 0xb8, 0xa4, 0xb8, 0xa3, 0xb8,
    0xa3, 0xb8, 0xa4, 0xb8, 0xa4, 0xb8, 0xc4, 0xb8, 0xc4, 0x98, 0xa2, 0x28, 0xa3, 0x18, 0xa3, 0x18,
    0xa3, 0x18, 0xa3, 0x18, 0x83, 0x10, 0x83, 0x50, 0xc4, 0xb8, 0x83, 0xc0, 0xa4, 0xc0, 0xa3, 0xc0,
    0x83, 0xc0, 0xa4, 0xc0, 0x83, 0x68, 0x00, 0x00, 0x00, 0x00, 0x00, 0x00, 0x00, 0x00, 0x00, 0x00,
    0x00, 0x00, 0x00, 0x00, 0x00, 0x00, 0x00, 0x00, 0x00, 0x00, 0x00, 0x00, 0x00, 0x00, 0x00, 0x00,
    0x00, 0x00, 0x00, 0x00, 0x00, 0x00, 0x00, 0x00, 0x00, 0x00, 0x00, 0x00, 0x00, 0x00, 0x00, 0x00,
    0x00, 0x00, 0x00, 0x00, 0x00, 0x00, 0x00, 0x00, 0x00, 0x00, 0x00, 0x00, 0x00, 0x00, 0x00, 0x00,
    0x00, 0x00, 0x00, 0x00, 0x00, 0x00, 0x00, 0x00, 0x00, 0x00, 0x00, 0x00, 0x00, 0x00, 0x00, 0x00,
    0x00, 0x00, 0x00, 0x00, 0x00, 0x00, 0x00, 0x00, 0x83, 0x48, 0xe4, 0xb8, 0xa3, 0xb8, 0xa4, 0xb8,
    0xa4, 0xb8, 0xa4, 0xc0, 0xc4, 0xb8, 0xa3, 0x60, 0x83, 0x20, 0xa3, 0x18, 0xa3, 0x18, 0xc3, 0x18,
    0xa3, 0x20, 0x82, 0x18, 0x83, 0x50, 0xc4, 0xb0, 0xa4, 0xc0, 0xa4, 0xc0, 0xa4, 0xc8, 0xa3, 0xa0,
    0x83, 0x88, 0xa4, 0x98, 0x62, 0x80, 0xc4, 0xa8, 0xa5, 0xb8, 0x84, 0xb8, 0xa4, 0xb8, 0xa4, 0xb8,
    0xa4, 0xb8, 0x83, 0xc0, 0xa3, 0xc0, 0x83, 0xc0, 0x83, 0xc0, 0xa3, 0xc0, 0xa4, 0xc0, 0xa4, 0xc0,
    0xa4, 0xc0, 0x42, 0xb8, 0xeb, 0xc2, 0x75, 0xb5, 0x00, 0x00, 0x21, 0x08, 0x21, 0x08, 0x83, 0x10,
    0xe4, 0x20, 0xa7, 0x39, 0xa7, 0x39, 0xa7, 0x39, 0x87, 0x31, 0x87, 0x31, 0x82, 0x10, 0x00, 0x00,
    0x21, 0x00, 0x21, 0x00, 0x21, 0x00, 0x21, 0x00, 0x21, 0x08, 0x21, 0x10, 0x00, 0x28, 0x61, 0xa8,
    0x21, 0xf8, 0x20, 0xf0, 0x00, 0xf8, 0x00, 0xf8, 0x00, 0xf8, 0x00, 0xf8, 0x00, 0xf8, 0x00, 0xf8,
    0x00, 0xf8, 0x20, 0xf8, 0x42, 0xf0, 0x82, 0xc8, 0x82, 0x80, 0x21, 0x38, 0x01, 0x10, 0x21, 0x00,
    0x21, 0x08, 0x21, 0x00, 0x21, 0x00, 0x21, 0x00, 0x21, 0x00, 0x21, 0x00, 0x21, 0x00, 0x21, 0x00,
    0x00, 0x00, 0x00, 0x10, 0x21, 0x40, 0x62, 0x88, 0x82, 0xc8, 0x62, 0xf0, 0x00, 0xf8, 0x00, 0xf8,
    0x20, 0xf8, 0x20, 0xf8, 0x20, 0xf8, 0x20, 0xf8, 0x20, 0xf8, 0x20, 0xf8, 0x20, 0xf8, 0x41, 0xf8,
    0x42, 0x80, 0x42, 0x18, 0x21, 0x10, 0x00, 0x08, 0x01, 0x00, 0x21, 0x00, 0x21, 0x00, 0x01, 0x00,
    0x21, 0x08, 0x87, 0x31, 0x87, 0x31, 0x29, 0x42, 0x29, 0x42, 0x09, 0x42, 0x08, 0x42, 0xe4, 0x18,
    0x00, 0x00, 0x41, 0x08, 0x00, 0x00, 0xe7, 0x39, 0xf3, 0xdc, 0x63, 0xb0, 0xa4, 0xc0, 0xa4, 0xb8,
    0xa4, 0xb8, 0xa3, 0xb8, 0xa3, 0xb8, 0xa3, 0xb8, 0x83, 0xb0, 0xa3, 0xb8, 0xa3, 0xb0, 0xa3, 0xb0,
    0xa3, 0xb0, 0xa4, 0xb8, 0xa4, 0xb8, 0xa3, 0xb8, 0xa3, 0xb8, 0xa4, 0xb8, 0xa3, 0xb8, 0xa3, 0xb0,
    0x83, 0xb0, 0xa3, 0xb0, 0xa4, 0xb8, 0xa3, 0xa8, 0xc4, 0xa8, 0xa3, 0x60, 0x82, 0x18, 0xa3, 0x18,
    0xa3, 0x18, 0xa3, 0x18, 0xa3, 0x18, 0x82, 0x18, 0xa3, 0x80, 0xa4, 0xc8, 0x84, 0xc0, 0x84, 0xc0,
    0x84, 0xc0, 0x83, 0xc0, 0xc4, 0xa8, 0x21, 0x20, 0x00, 0x00, 0x00, 0x00, 0x00, 0x00, 0x00, 0x00,
    0x00, 0x00, 0x00, 0x00, 0x00, 0x00, 0x00, 0x00, 0x00, 0x00, 0x00, 0x00, 0x00, 0x00, 0x00, 0x00,
    0x00, 0x00, 0x00, 0x00, 0x00, 0x00, 0x00, 0x00, 0x00, 0x00, 0x00, 0x00, 0x00, 0x00, 0x00, 0x00,
    0x00, 0x00, 0x00, 0x00, 0x00, 0x00, 0x00, 0x00, 0x00, 0x00, 0x00, 0x00, 0x00, 0x00, 0x00, 0x00,
    0x00, 0x00, 0x00, 0x00, 0x00, 0x00, 0x00, 0x00, 0x00, 0x00, 0x00, 0x00, 0x00, 0x00, 0x00, 0x00,
    0x00, 0x00, 0x00, 0x00, 0x00, 0x00, 0x00, 0x08, 0x62, 0x40, 0xa3, 0xa0, 0xa4, 0xc0, 0xa4, 0xb8,
    0xa3, 0xb8, 0xc4, 0xb8, 0x84, 0x88, 0x63, 0x28, 0xa3, 0x18, 0xa3, 0x18, 0xa3, 0x18, 0xa3, 0x18,
    0x83, 0x18, 0x83, 0x48, 0xc4, 0x98, 0xa3, 0xa0, 0xa4, 0xc0, 0xa4, 0xc0, 0xc4, 0xc0, 0x83, 0x90,
    0x83, 0x70, 0x82, 0x88, 0xc4, 0xb0, 0xa4, 0xb8, 0xa4, 0xb8, 0xa4, 0xb8, 0xa4, 0xb8, 0x83, 0xb8,
    0xa4, 0xb8, 0xa3, 0xc0, 0xa3, 0xc0, 0x83, 0xc0, 0x83, 0xc0, 0xa4, 0xc0, 0xa4, 0xc0, 0xa4, 0xc0,
    0xc4, 0xc0, 0x22, 0xb0, 0x93, 0xd4, 0xf0, 0x7b, 0x00, 0x00, 0x41, 0x08, 0x21, 0x08, 0x82, 0x10,
    0x87, 0x31, 0xc7, 0x39, 0xa7, 0x39, 0x87, 0x39, 0x86, 0x31, 0x62, 0x10, 0x00, 0x00, 0x21, 0x00,
    0x21, 0x00, 0x21, 0x00, 0x21, 0x00, 0x21, 0x00, 0x21, 0x00, 0x21, 0x10, 0x00, 0x18, 0x21, 0x68,
    0x62, 0xe8, 0x20, 0xf8, 0x20, 0xf8, 0x20, 0xf8, 0x20, 0xf8, 0x20, 0xf8, 0x20, 0xf8, 0x00, 0xf8,
    0x00, 0xf8, 0x20, 0xf8, 0x00, 0xf8, 0x20, 0xf8, 0x41, 0xf8, 0x62, 0xd8, 0xa2, 0xa0, 0x82, 0x40,
    0x21, 0x08, 0x21, 0x00, 0x21, 0x00, 0x21, 0x00, 0x21, 0x00, 0x21, 0x00, 0x21, 0x00, 0x01, 0x00,
    0x62, 0x40, 0x82, 0xa8, 0x62, 0xd8, 0x22, 0xf8, 0x20, 0xf8, 0x20, 0xf8, 0x20, 0xf8, 0x20, 0xf8,
    0x20, 0xf8, 0x20, 0xf8, 0x20, 0xf8, 0x20, 0xf8, 0x20, 0xf8, 0x20, 0xf8, 0x40, 0xf8, 0x82, 0xd0,
    0x21, 0x40, 0x41, 0x10, 0x21, 0x08, 0x21, 0x00, 0x21, 0x00, 0x21, 0x00, 0x21, 0x00, 0x21, 0x00,
    0x00, 0x00, 0x62, 0x10, 0x87, 0x31, 0x66, 0x31, 0x29, 0x4a, 0x09, 0x42, 0x29, 0x42, 0xc7, 0x39,
    0x41, 0x08, 0x21, 0x00, 0x00, 0x00, 0x82, 0x10, 0x54, 0xc5, 0x46, 0xb9, 0x83, 0xb8, 0xc4, 0xb8,
    0xa4, 0xb8, 0x83, 0xb8, 0xa3, 0xb8, 0xa3, 0xb8, 0xa3, 0xb0, 0xa3, 0xb0, 0xa3, 0xb0, 0xa3, 0xb0,
    0xa3, 0xb0, 0x83, 0xb0, 0xa4, 0xb8, 0xa3, 0xb0, 0x83, 0xb0, 0xa4, 0xb8, 0xa4, 0xb8, 0xa3, 0xb0,
    0xa4, 0xb0, 0x83, 0xb0, 0xa4, 0xb8, 0x83, 0xa8, 0x83, 0xa8, 0xc4, 0xa0, 0x82, 0x38, 0xa3, 0x18,
    0xa3, 0x18, 0xa3, 0x18, 0xa3, 0x18, 0xa2, 0x10, 0x83, 0x38, 0xa4, 0xb8, 0x84, 0xc8, 0x84, 0xc0,
    0x84, 0xc0, 0x83, 0xc0, 0xc4, 0xc0, 0xa3, 0x68, 0x00, 0x00, 0x00, 0x00, 0x00, 0x00, 0x00, 0x00,
    0x00, 0x00, 0x00, 0x00, 0x00, 0x00, 0x00, 0x00, 0x00, 0x00, 0x00, 0x00, 0x00, 0x00, 0x00, 0x00,
    0x00, 0x00, 0x00, 0x00, 0x00, 0x00, 0x00, 0x00, 0x00, 0x00, 0x00, 0x00, 0x00, 0x00, 0x00, 0x00,
    0x00, 0x00, 0x00, 0x00, 0x00, 0x00, 0x00, 0x00, 0x00, 0x00, 0x00, 0x00, 0x00, 0x00, 0x00, 0x00,
    0x00, 0x00, 0x00, 0x00, 0x00, 0x00, 0x00, 0x00, 0x00, 0x00, 0x00, 0x00, 0x00, 0x00, 0x00, 0x00,
    0x00, 0x00, 0x00, 0x00, 0x00, 0x00, 0x42, 0x28, 0xa4, 0x60, 0xc4, 0xb0, 0xa4, 0xc0, 0xa4, 0xb8,
    0xa3, 0xb8, 0xe4, 0xb8, 0xa4, 0x60, 0x82, 0x10, 0xa3, 0x18, 0xa3, 0x18, 0xa3, 0x18, 0xa3, 0x18,
    0x82, 0x20, 0xa4, 0x90, 0xa4, 0xc0, 0xa4, 0xb8, 0xa3, 0xb8, 0xa3, 0xb8, 0xa4, 0xc0, 0xa3, 0x98,
    0x62, 0x68, 0xc4, 0xa0, 0xc4, 0xb8, 0xa4, 0xb8, 0xa4, 0xb8, 0xa4, 0xb8, 0xa4, 0xb8, 0xa4, 0xb8,
    0xa4, 0xc0, 0xa4, 0xc0, 0x83, 0xc0, 0x83, 0xc0, 0x84, 0xc0, 0xa4, 0xc0, 0xa4, 0xc0, 0xa4, 0xc0,
    0xa4, 0xc0, 0xa4, 0xb0, 0xb7, 0xe5, 0x08, 0x42, 0x00, 0x00, 0x41, 0x08, 0x21, 0x00, 0x25, 0x29,
    0xc8, 0x39, 0xc7, 0x39, 0xa7, 0x31, 0x87, 0x39, 0x62, 0x10, 0x00, 0x00, 0x21, 0x00, 0x21, 0x00,
    0x21, 0x00, 0x21, 0x00, 0x21, 0x00, 0x01, 0x00, 0x01, 0x00, 0x01, 0x08, 0x01, 0x10, 0x21, 0x28,
    0x42, 0xa0, 0x41, 0xf8, 0x20, 0xf8, 0x00, 0xf8, 0x00, 0xf8, 0x20, 0xf8, 0x20, 0xf8, 0x00, 0xf8,
    0x00, 0xf8, 0x20, 0xf8, 0x20, 0xf0, 0x20, 0xf0, 0x20, 0xf8, 0x61, 0xf8, 0xc4, 0xd0, 0x62, 0x40,
    0x21, 0x00, 0x21, 0x00, 0x21, 0x00, 0x21, 0x00, 0x21, 0x00, 0x21, 0x00, 0x21, 0x00, 0x01, 0x00,
    0x62, 0x48, 0xa3, 0xd0, 0x20, 0xf8, 0x20, 0xf8, 0x20, 0xf8, 0x20, 0xf8, 0x20, 0xf8, 0x20, 0xf8,
    0x20, 0xf8, 0x20, 0xf8, 0x20, 0xf8, 0x00, 0xf8, 0x20, 0xf8, 0x20, 0xf8, 0x61, 0xe8, 0x61, 0x80,
    0x41, 0x18, 0x41, 0x10, 0x21, 0x08, 0x01, 0x00, 0x21, 0x00, 0x21, 0x00, 0x21, 0x00, 0x21, 0x00,
    0x21, 0x00, 0x00, 0x00, 0xc3, 0x18, 0xa7, 0x31, 0x87, 0x31, 0x29, 0x4a, 0x08, 0x42, 0x29, 0x4a,
    0x25, 0x21, 0x00, 0x00, 0x21, 0x08, 0x00, 0x00, 0xb2, 0x9c, 0xcb, 0xc2, 0x42, 0xb0, 0xa4, 0xb8,
    0x83, 0xb8, 0x83, 0xb0, 0xa3, 0xb0, 0xa3, 0xb8, 0xa3, 0xb0, 0xa3, 0xb0, 0x83, 0xb0, 0x83, 0xb0,
    0xa3, 0xb0, 0x83, 0xb0, 0xa3, 0xb0, 0xa3, 0xb0, 0xa3, 0xb0, 0xa3, 0xb8, 0xa3, 0xb8, 0xa3, 0xb0,
    0xa4, 0xb0, 0xa3, 0xb0, 0x84, 0xb0, 0xa4, 0xb0, 0xa4, 0xb0, 0xc4, 0xb0, 0xc3, 0x80, 0x82, 0x18,
    0xa3, 0x18, 0x83, 0x18, 0xa3, 0x18, 0xa3, 0x18, 0x63, 0x18, 0xa3, 0x78, 0xa4, 0xc8, 0x83, 0xc0,
    0xa3, 0xc0, 0x83, 0xc0, 0xa3, 0xc0, 0xe4, 0xa0, 0x21, 0x18, 0x00, 0x00, 0x00, 0x00, 0x00, 0x00,
    0x00, 0x00, 0x00, 0x00, 0x00, 0x00, 0x00, 0x00, 0x00, 0x00, 0x00, 0x00, 0x00, 0x00, 0x00, 0x00,
    0x00, 0x00, 0x00, 0x00, 0x00, 0x00, 0x00, 0x00, 0x00, 0x00, 0x00, 0x00, 0x00, 0x00, 0x00, 0x00,
    0x00, 0x00, 0x00, 0x00, 0x00, 0x00, 0x00, 0x00, 0x00, 0x00, 0x00, 0x00, 0x00, 0x00, 0x00, 0x00,
    0x00, 0x00, 0x00, 0x00, 0x00, 0x00, 0x00, 0x00, 0x00, 0x00, 0x00, 0x00, 0x00, 0x00, 0x00, 0x00,
    0x00, 0x00, 0x00, 0x00, 0x00, 0x08, 0xa3, 0x60, 0x62, 0x60, 0xc4, 0xb0, 0xa4, 0xc0, 0xa4, 0xb8,
    0xa4, 0xb8, 0xc4, 0xa0, 0x62, 0x30, 0xa3, 0x18, 0xa3, 0x18, 0xa3, 0x18, 0xa3, 0x18, 0x82, 0x10,
    0xa3, 0x58, 0xa4, 0xb0, 0x84, 0xb8, 0xa4, 0xb8, 0xa3, 0xb8, 0x83, 0xb8, 0x83, 0xb8, 0xc4, 0xb8,
    0xc3, 0x80, 0xe4, 0xa0, 0xa3, 0xc0, 0xa3, 0xb8, 0xa4, 0xb8, 0xa4, 0xb8, 0xa4, 0xb8, 0xa4, 0xc0,
    0xa4, 0xc0, 0x84, 0xc0, 0x84, 0xc0, 0x84, 0xc0, 0xa4, 0xc0, 0xa4, 0xc0, 0xa4, 0xc0, 0xa4, 0xc0,
    0x63, 0xb8, 0xa7, 0xb9, 0xf7, 0xd5, 0x82, 0x10, 0x20, 0x00, 0x21, 0x00, 0xa3, 0x10, 0xc7, 0x39,
    0xa8, 0x39, 0x87, 0x31, 0x87, 0x31, 0xa3, 0x18, 0x00, 0x00, 0x21, 0x00, 0x21, 0x00, 0x21, 0x00,
    0x21, 0x00, 0x21, 0x00, 0x21, 0x00, 0x21, 0x00, 0x01, 0x00, 0x01, 0x00, 0x21, 0x08, 0x41, 0x10,
    0x20, 0x40, 0x42, 0xa8, 0x41, 0xe8, 0x20, 0xf8, 0x20, 0xf8, 0x20, 0xf8, 0x20, 0xf8, 0x20, 0xf8,
    0x20, 0xf8, 0x20, 0xf8, 0x20, 0xf8, 0x41, 0xf8, 0x62, 0xf0, 0xa3, 0xa8, 0x20, 0x30, 0x00, 0x00,
    0x21, 0x08, 0x21, 0x00, 0x21, 0x00, 0x21, 0x00, 0x21, 0x00, 0x21, 0x00, 0x01, 0x00, 0x01, 0x08,
    0x00, 0x00, 0x20, 0x38, 0x82, 0xb8, 0x61, 0xf8, 0x41, 0xf8, 0x40, 0xf8, 0x20, 0xf8, 0x20, 0xf8,
    0x20, 0xf8, 0x20, 0xf8, 0x20, 0xf8, 0x20, 0xf8, 0x40, 0xf8, 0x62, 0xe8, 0x61, 0x88, 0x20, 0x30,
    0x41, 0x18, 0x21, 0x08, 0x21, 0x00, 0x01, 0x00, 0x01, 0x00, 0x21, 0x00, 0x21, 0x00, 0x21, 0x00,
    0x21, 0x00, 0x21, 0x00, 0x00, 0x00, 0x45, 0x29, 0x86, 0x31, 0xc7, 0x39, 0x29, 0x4a, 0x09, 0x42,
    0x09, 0x42, 0x62, 0x10, 0x21, 0x00, 0x00, 0x00, 0x6e, 0x6b, 0x30, 0xd4, 0x41, 0xa8, 0xa4, 0xb8,
    0xa3, 0xb8, 0xa3, 0xb8, 0xa3, 0xb0, 0xa3, 0xb0, 0xa3, 0xb0, 0xa4, 0xb8, 0xa3, 0xb0, 0x83, 0xb0,
    0xa3, 0xb0, 0xa4, 0xb0, 0xa3, 0xb0, 0x83, 0xb0, 0xa3, 0xb0, 0xa4, 0xb8, 0xc4, 0xa0, 0xa4, 0xb0,
    0xa4, 0xb0, 0xa3, 0xb0, 0x83, 0xb0, 0xa3, 0xb0, 0x83, 0xb0, 0x83, 0xa8, 0xe4, 0xa8, 0x83, 0x50,
    0x82, 0x10, 0xa3, 0x18, 0xa3, 0x18, 0xa3, 0x18, 0xa3, 0x10, 0x83, 0x38, 0xc4, 0xb0, 0xa3, 0xc0,
    0xa4, 0xc0, 0x84, 0xc0, 0x84, 0xb8, 0xc4, 0xc0, 0x82, 0x50, 0x00, 0x00, 0x00, 0x00, 0x00, 0x00,
    0x00, 0x00, 0x00, 0x00, 0x00, 0x00, 0x00, 0x00, 0x00, 0x00, 0x00, 0x00, 0x00, 0x00, 0x00, 0x00,
    0x00, 0x00, 0x00, 0x00, 0x00, 0x00, 0x00, 0x00, 0x00, 0x00, 0x00, 0x00, 0x00, 0x00, 0x00, 0x00,
    0x00, 0x00, 0x00, 0x00, 0x00, 0x00, 0x00, 0x00, 0x00, 0x00, 0x00, 0x00, 0x00, 0x00, 0x00, 0x00,
    0x00, 0x00, 0x00, 0x00, 0x00, 0x00, 0x00, 0x00, 0x00, 0x00, 0x00, 0x00, 0x00, 0x00, 0x00, 0x00,
    0x00, 0x00, 0x00, 0x00, 0x00, 0x08, 0xe5, 0x98, 0x62, 0x70, 0x82, 0x80, 0xc4, 0xc8, 0xa3, 0xb8,
    0xc4, 0xb8, 0x83, 0x60, 0x83, 0x10, 0xa3, 0x18, 0xa3, 0x18, 0xa3, 0x18, 0xa3, 0x18, 0x82, 0x28,
    0xc4, 0x98, 0xa4, 0xb8, 0xa4, 0xb8, 0xa4, 0xb8, 0xa4, 0xb8, 0xa3, 0xb8, 0x83, 0xb8, 0xc4, 0xb0,
    0x83, 0x50, 0xa3, 0x60, 0xc5, 0xb8, 0xa3, 0xb8, 0xa4, 0xb8, 0xa4, 0xb8, 0xa4, 0xb8, 0xa4, 0xc0,
    0xa4, 0xc0, 0xa4, 0xc0, 0x84, 0xc0, 0xa4, 0xc0, 0xa4, 0xc0, 0xa4, 0xc0, 0x84, 0xc0, 0xa4, 0xc0,
    0x22, 0xb8, 0x2e, 0xcb, 0x55, 0xa5, 0x00, 0x00, 0x41, 0x08, 0x41, 0x08, 0x86, 0x31, 0xc8, 0x39,
    0x87, 0x31, 0x87, 0x39, 0xc4, 0x18, 0x00, 0x00, 0x21, 0x00, 0x21, 0x00, 0x21, 0x00, 0x21, 0x00,
    0x21, 0x00, 0x21, 0x00, 0x21, 0x00, 0x21, 0x00, 0x21, 0x00, 0x21, 0x00, 0x21, 0x00, 0x21, 0x08,
    0x21, 0x18, 0x21, 0x28, 0x41, 0x68, 0x61, 0xb0, 0x61, 0xc8, 0x41, 0xd0, 0x61, 0xc8, 0x61, 0xc8,
    0x61, 0xc0, 0x61, 0xb8, 0x61, 0xa8, 0x61, 0x98, 0x41, 0x68, 0x01, 0x18, 0x21, 0x00, 0x21, 0x08,
    0x01, 0x00, 0x21, 0x00, 0x21, 0x00, 0x21, 0x00, 0x21, 0x00, 0x21, 0x00, 0x21, 0x00, 0x01, 0x00,
    0x21, 0x08, 0x21, 0x00, 0x21, 0x28, 0x61, 0x78, 0x61, 0xa0, 0x61, 0xb0, 0x61, 0xb8, 0x61, 0xc8,
    0x62, 0xd0, 0x61, 0xd0, 0x61, 0xd8, 0x41, 0xd0, 0x61, 0xa8, 0x40, 0x68, 0x20, 0x30, 0x21, 0x18,
    0x21, 0x10, 0x21, 0x08, 0x00, 0x00, 0x20, 0x00, 0x21, 0x00, 0x21, 0x00, 0x21, 0x00, 0x21, 0x00,
    0x21, 0x00, 0x21, 0x00, 0x01, 0x00, 0x21, 0x08, 0x87, 0x31, 0x46, 0x29, 0x08, 0x42, 0x09, 0x42,
    0x29, 0x4a, 0x86, 0x31, 0x21, 0x00, 0x00, 0x00, 0x49, 0x42, 0x14, 0xdd, 0x83, 0xb0, 0xc4, 0xb8,
    0xa4, 0xb8, 0xa4, 0xb8, 0xa4, 0xb8, 0xa4, 0xb8, 0xa3, 0xb8, 0xa3, 0xb8, 0xa3, 0xb0, 0xa3, 0xb0,
    0xa3, 0xb0, 0xa3, 0xa8, 0xa3, 0xb0, 0xa3, 0xb0, 0xa3, 0xb0, 0xc4, 0xa0, 0x82, 0x58, 0xc4, 0xa0,
    0x84, 0xb0, 0x83, 0xb0, 0x83, 0xa8, 0xa4, 0xb0, 0xa4, 0xb0, 0x83, 0xa8, 0x83, 0xa8, 0xc4, 0x88,
    0x82, 0x18, 0xa3, 0x18, 0xa3, 0x18, 0xa3, 0x18, 0xa3, 0x18, 0x82, 0x18, 0xa3, 0x78, 0xc4, 0xc0,
    0x84, 0xc0, 0xa4, 0xc0, 0xa4, 0xb8, 0xa4, 0xc0, 0xc4, 0x98, 0x00, 0x08, 0x00, 0x00, 0x00, 0x00,
    0x00, 0x00, 0x00, 0x00, 0x00, 0x00, 0x00, 0x00, 0x00, 0x00, 0x00, 0x00, 0x00, 0x00, 0x00, 0x00,
    0x00, 0x00, 0x00, 0x00, 0x00, 0x00, 0x00, 0x00, 0x00, 0x00, 0x00, 0x00, 0x00, 0x00, 0x00, 0x00,
    0x00, 0x00, 0x00, 0x00, 0x00, 0x00, 0x00, 0x00, 0x00, 0x00, 0x00, 0x00, 0x00, 0x00, 0x00, 0x00,
    0x00, 0x00, 0x00, 0x00, 0x00, 0x00, 0x00, 0x00, 0x00, 0x00, 0x00, 0x00, 0x00, 0x00, 0x00, 0x00,
    0x00, 0x00, 0x00, 0x00, 0x21, 0x18, 0xa4, 0x88, 0xe4, 0xa0, 0x61, 0x60, 0xc4, 0xb0, 0xc4, 0xc0,
    0xc4, 0x90, 0x82, 0x28, 0xa3, 0x18, 0xa3, 0x18, 0xa3, 0x18, 0xa3, 0x18, 0x83, 0x10, 0xa3, 0x60,
    0xc4, 0xb8, 0x83, 0xb0, 0xa3, 0xb8, 0xa3, 0xb8, 0x83, 0xb8, 0xa3, 0xb8, 0xa4, 0xc0, 0xc4, 0x90,
    0x63, 0x28, 0x62, 0x20, 0xa3, 0x78, 0xc5, 0xb8, 0xa4, 0xb8, 0xa3, 0xb8, 0xa4, 0xc0, 0xa4, 0xc0,
    0xa4, 0xc0, 0xa4, 0xc0, 0x84, 0xc0, 0x84, 0xc0, 0x84, 0xc0, 0xa4, 0xc0, 0x84, 0xc0, 0xa4, 0xc0,
    0x22, 0xb0, 0x14, 0xdd, 0xcf, 0x73, 0x00, 0x00, 0x41, 0x08, 0x04, 0x21, 0xc7, 0x39, 0x87, 0x31,
    0x87, 0x39, 0x05, 0x29, 0x00, 0x00, 0x21, 0x00, 0x21, 0x00, 0x21, 0x00, 0x21, 0x00, 0x21, 0x00,
    0x21, 0x00, 0x21, 0x00, 0x21, 0x00, 0x21, 0x00, 0x21, 0x00, 0x21, 0x00, 0x21, 0x00, 0x21, 0x08,
    0x21, 0x10, 0x41, 0x10, 0x41, 0x18, 0x40, 0x28, 0x41, 0x38, 0x41, 0x40, 0x61, 0x38, 0x41, 0x30,
    0x41, 0x30, 0x21, 0x28, 0x41, 0x20, 0x21, 0x18, 0x01, 0x08, 0x21, 0x00, 0x21, 0x08, 0x01, 0x00,
    0x01, 0x00, 0x21, 0x00, 0x21, 0x00, 0x41, 0x08, 0x21, 0x00, 0x21, 0x00, 0x21, 0x00, 0x21, 0x00,
    0x21, 0x00, 0x21, 0x00, 0x21, 0x00, 0x20, 0x08, 0x21, 0x18, 0x41, 0x28, 0x21, 0x28, 0x21, 0x38,
    0x21, 0x40, 0x41, 0x40, 0x41, 0x40, 0x40, 0x38, 0x21, 0x28, 0x40, 0x18, 0x21, 0x18, 0x21, 0x08,
    0x21, 0x08, 0x21, 0x00, 0x00, 0x00, 0x20, 0x00, 0x20, 0x00, 0x21, 0x00, 0x21, 0x00, 0x21, 0x00,
    0x21, 0x00, 0x21, 0x00, 0x21, 0x00, 0x00, 0x00, 0x82, 0x10, 0x87, 0x31, 0x66, 0x31, 0x29, 0x4a,
    0x08, 0x42, 0x29, 0x4a, 0xe4, 0x18, 0x00, 0x00, 0x04, 0x19, 0xd7, 0xd5, 0x05, 0xb1, 0x83, 0xb8,
    0xa4, 0xb8, 0xa4, 0xb8, 0xa4, 0xb8, 0xa4, 0xb8, 0xa4, 0xb8, 0xa3, 0xb8, 0xa3, 0xb8, 0xa4, 0xb8,
    0xa3, 0xb0, 0x83, 0xa8, 0xa3, 0xb0, 0xa3, 0xb0, 0xc4, 0xb0, 0xa3, 0x60, 0x61, 0x18, 0xa3, 0x70,
    0xa4, 0xb0, 0x83, 0xa8, 0x84, 0xb0, 0xa4, 0xb0, 0xa4, 0xb0, 0xa4, 0xb0, 0xa3, 0xb0, 0xc4, 0xa8,
    0xa3, 0x50, 0x83, 0x10, 0xa3, 0x18, 0xa3, 0x18, 0xa3, 0x18, 0x83, 0x10, 0x63, 0x40, 0xe4, 0xa8,
    0xa3, 0xb8, 0xc4, 0xb8, 0x83, 0xb0, 0xa3, 0xb8, 0xc5, 0xc0, 0x42, 0x48, 0x00, 0x00, 0x00, 0x00,
    0x00, 0x00, 0x00, 0x00, 0x00, 0x00, 0x00, 0x00, 0x00, 0x00, 0x00, 0x00, 0x00, 0x00, 0x00, 0x00,
    0x00, 0x00, 0x00, 0x00, 0x00, 0x00, 0x00, 0x00, 0x00, 0x00, 0x00, 0x00, 0x00, 0x00, 0x00, 0x00,
    0x00, 0x00, 0x00, 0x00, 0x00, 0x00, 0x00, 0x00, 0x00, 0x00, 0x00, 0x00, 0x00, 0x00, 0x00, 0x00,
    0x00, 0x00, 0x00, 0x00, 0x00, 0x00, 0x00, 0x00, 0x00, 0x00, 0x00, 0x00, 0x00, 0x00, 0x00, 0x00,
    0x00, 0x00, 0xa2, 0x40, 0xe4, 0x60, 0xa3, 0x80, 0xe4, 0xc8, 0xa4, 0x90, 0x82, 0x80, 0xe5, 0xb0,
    0xa3, 0x50, 0x82, 0x10, 0xa3, 0x18, 0xa3, 0x18, 0xa3, 0x18, 0xa3, 0x10, 0x62, 0x28, 0xc4, 0x98,
    0xa4, 0xb8, 0x83, 0xb0, 0xa4, 0xb8, 0xa4, 0xb8, 0xa4, 0xb8, 0x84, 0xb8, 0xa4, 0xb8, 0xa3, 0x60,
    0x83, 0x18, 0x83, 0x20, 0x61, 0x28, 0xc3, 0x80, 0xc4, 0xb8, 0x83, 0xb0, 0xa4, 0xb8, 0xa4, 0xc0,
    0xa4, 0xc0, 0xa4, 0xc0, 0xa4, 0xc0, 0xa4, 0xc0, 0xa4, 0xc0, 0x84, 0xc0, 0xa4, 0xc0, 0x84, 0xc0,
    0xe4, 0xb0, 0x59, 0xe6, 0xe8, 0x39, 0x00, 0x00, 0xc4, 0x18, 0xa7, 0x31, 0x87, 0x31, 0x87, 0x31,
    0x46, 0x31, 0x21, 0x08, 0x01, 0x00, 0x21, 0x00, 0x21, 0x00, 0x21, 0x00, 0x21, 0x00, 0x21, 0x00,
    0x21, 0x00, 0x21, 0x00, 0x21, 0x00, 0x21, 0x00, 0x21, 0x00, 0x21, 0x00, 0x21, 0x00, 0x21, 0x00,
    0x21, 0x00, 0x21, 0x08, 0x21, 0x10, 0x41, 0x10, 0x41, 0x10, 0x41, 0x18, 0x41, 0x10, 0x41, 0x10,
    0x41, 0x10, 0x21, 0x10, 0x21, 0x08, 0x21, 0x08, 0x21, 0x08, 0x21, 0x00, 0x01, 0x00, 0x01, 0x00,
    0x21, 0x00, 0x21, 0x00, 0x21, 0x00, 0x62, 0x08, 0x21, 0x00, 0x21, 0x00, 0x21, 0x00, 0x21, 0x00,
    0x21, 0x00, 0x21, 0x00, 0x21, 0x00, 0x21, 0x08, 0x21, 0x08, 0x41, 0x08, 0x41, 0x10, 0x21, 0x10,
    0x21, 0x18, 0x41, 0x18, 0x41, 0x18, 0x41, 0x10, 0x21, 0x10, 0x21, 0x08, 0x21, 0x08, 0x21, 0x00,
    0x21, 0x00, 0x01, 0x00, 0x21, 0x00, 0x21, 0x00, 0x21, 0x00, 0x21, 0x00, 0x21, 0x00, 0x21, 0x00,
    0x21, 0x00, 0x21, 0x00, 0x21, 0x00, 0x21, 0x00, 0x00, 0x00, 0xe4, 0x20, 0x86, 0x31, 0x87, 0x39,
    0x29, 0x4a, 0x08, 0x42, 0xc7, 0x39, 0x41, 0x08, 0x00, 0x00, 0x74, 0xad, 0x6e, 0xcb, 0x42, 0xb0,
    0xc4, 0xc0, 0xa3, 0xb8, 0xa3, 0xb8, 0xa3, 0xb8, 0xa3, 0xb8, 0xa4, 0xb8, 0xa4, 0xb8, 0xa4, 0xb8,
    0xa3, 0xb0, 0x83, 0xa8, 0x83, 0xa8, 0xc3, 0xb0, 0xa4, 0x78, 0x62, 0x28, 0x82, 0x18, 0x62, 0x38,
    0xc4, 0xa0, 0xa4, 0xb0, 0x83, 0xb0, 0x83, 0xb0, 0x83, 0xb0, 0x83, 0xb0, 0x83, 0xb0, 0xa4, 0xb0,
    0xa4, 0x80, 0x81, 0x20, 0xa3, 0x10, 0xa3, 0x18, 0xa3, 0x18, 0x83, 0x18, 0x62, 0x18, 0xa4, 0x70,
    0xe4, 0xb8, 0xc3, 0x98, 0xc3, 0xa0, 0xa4, 0xc8, 0xa4, 0xc0, 0xc4, 0x88, 0x00, 0x08, 0x00, 0x00,
    0x00, 0x00, 0x00, 0x00, 0x00, 0x00, 0x00, 0x00, 0x00, 0x00, 0x00, 0x00, 0x00, 0x00, 0x00, 0x00,
    0x00, 0x00, 0x00, 0x00, 0x00, 0x00, 0x00, 0x00, 0x00, 0x00, 0x00, 0x00, 0x00, 0x00, 0x00, 0x00,
    0x00, 0x00, 0x00, 0x00, 0x00, 0x00, 0x00, 0x00, 0x00, 0x00, 0x00, 0x00, 0x00, 0x00, 0x00, 0x00,
    0x00, 0x00, 0x00, 0x00, 0x00, 0x00, 0x00, 0x00, 0x00, 0x00, 0x00, 0x00, 0x00, 0x00, 0x00, 0x00,
    0x00, 0x00, 0xe4, 0x80, 0xe4, 0x80, 0x83, 0x78, 0xc4, 0xc8, 0xc4, 0xc0, 0xa3, 0x78, 0x83, 0x50,
    0x83, 0x28, 0xa3, 0x18, 0xa3, 0x18, 0xa3, 0x18, 0xa3, 0x18, 0x82, 0x10, 0xa3, 0x60, 0xa4, 0xb8,
    0x84, 0xb8, 0xa4, 0xc0, 0xa4, 0xb8, 0xa4, 0xb8, 0xa4, 0xb8, 0xa4, 0xc0, 0xc4, 0xa0, 0x61, 0x30,
    0x83, 0x18, 0x83, 0x20, 0x83, 0x18, 0x62, 0x28, 0xc3, 0x88, 0xa3, 0xb0, 0x83, 0xb0, 0xa4, 0xb8,
    0xa3, 0xb8, 0xa3, 0xb8, 0xa4, 0xc0, 0xa4, 0xc0, 0xa4, 0xc0, 0x84, 0xc0, 0xa4, 0xc0, 0x42, 0xb8,
    0xec, 0xc2, 0x58, 0xce, 0x41, 0x08, 0x41, 0x08, 0x87, 0x31, 0x87, 0x31, 0x46, 0x31, 0x66, 0x31,
    0x62, 0x08, 0x00, 0x00, 0x21, 0x00, 0x21, 0x00, 0x21, 0x00, 0x21, 0x00, 0x21, 0x00, 0x21, 0x00,
    0x21, 0x00, 0x21, 0x00, 0x21, 0x00, 0x21, 0x00, 0x21, 0x00, 0x21, 0x00, 0x21, 0x00, 0x21, 0x00,
    0x21, 0x00, 0x21, 0x00, 0x21, 0x00, 0x21, 0x08, 0x21, 0x08, 0x21, 0x08, 0x21, 0x08, 0x01, 0x08,
    0x01, 0x08, 0x21, 0x00, 0x20, 0x00, 0x21, 0x00, 0x21, 0x00, 0x21, 0x00, 0x21, 0x00, 0x21, 0x00,
    0x21, 0x00, 0x21, 0x00, 0x21, 0x00, 0x62, 0x10, 0x21, 0x00, 0x21, 0x00, 0x21, 0x00, 0x21, 0x00,
    0x21, 0x00, 0x21, 0x00, 0x21, 0x00, 0x21, 0x00, 0x21, 0x00, 0x21, 0x00, 0x21, 0x08, 0x21, 0x08,
    0x21, 0x08, 0x21, 0x08, 0x21, 0x08, 0x21, 0x08, 0x21, 0x08, 0x21, 0x00, 0x20, 0x00, 0x21, 0x00,
    0x21, 0x00, 0x21, 0x00, 0x21, 0x00, 0x21, 0x00, 0x21, 0x00, 0x21, 0x00, 0x21, 0x00, 0x21, 0x00,
    0x21, 0x00, 0x21, 0x00, 0x21, 0x00, 0x21, 0x00, 0x21, 0x00, 0x01, 0x00, 0x46, 0x29, 0x45, 0x29,
    0xe8, 0x41, 0x08, 0x42, 0x29, 0x42, 0x45, 0x29, 0x00, 0x00, 0xaa, 0x52, 0x17, 0xe6, 0xa2, 0xb0,
    0xa3, 0xc0, 0xa3, 0xb8, 0xa3, 0xb8, 0xa4, 0xb8, 0xa4, 0xb8, 0xa4, 0xb8, 0xa4, 0xb8, 0xa4, 0xb8,
    0xa3, 0xb0, 0xa3, 0xb0, 0xa4, 0xb0, 0xc4, 0x90, 0x82, 0x30, 0x83, 0x20, 0x82, 0x20, 0x62, 0x20,
    0x83, 0x70, 0xc4, 0xb8, 0xa4, 0xb0, 0xa4, 0xb0, 0x83, 0xb0, 0xa4, 0xb0, 0xa3, 0xb0, 0x84, 0xb0,
    0xc4, 0xa8, 0x82, 0x48, 0x83, 0x10, 0xa3, 0x18, 0xa3, 0x18, 0xa3, 0x18, 0x83, 0x10, 0x83, 0x38,
    0xc5, 0xa0, 0x41, 0x48, 0xc4, 0x80, 0xc4, 0xc8, 0x84, 0xc0, 0xe4, 0xb0, 0x41, 0x30, 0x00, 0x00,
    0x00, 0x00, 0x00, 0x00, 0x00, 0x00, 0x00, 0x00, 0x00, 0x00, 0x00, 0x00, 0x00, 0x00, 0x00, 0x00,
    0x00, 0x00, 0x00, 0x00, 0x00, 0x00, 0x00, 0x00, 0x00, 0x00, 0x00, 0x00, 0x00, 0x00, 0x00, 0x00,
    0x00, 0x00, 0x00, 0x00, 0x00, 0x00, 0x00, 0x00, 0x00, 0x00, 0x00, 0x00, 0x00, 0x00, 0x00, 0x00,
    0x00, 0x00, 0x00, 0x00, 0x00, 0x00, 0x00, 0x00, 0x00, 0x00, 0x00, 0x00, 0x00, 0x00, 0x00, 0x00,
    0x21, 0x18, 0x05, 0x99, 0x62, 0x60, 0x82, 0x68, 0xe4, 0xc0, 0xc4, 0xc0, 0xc3, 0x88, 0x62, 0x28,
    0x83, 0x18, 0xa3, 0x18, 0xa3, 0x18, 0x83, 0x18, 0xa3, 0x18, 0x82, 0x28, 0xc3, 0x90, 0xa3, 0xb0,
    0xa4, 0xb8, 0xa3, 0xb8, 0xa4, 0xb8, 0xa4, 0xb8, 0xa4, 0xb8, 0xc5, 0xb8, 0xa3, 0x68, 0x61, 0x20,
    0x83, 0x20, 0x83, 0x20, 0x83, 0x20, 0x62, 0x18, 0x62, 0x50, 0xc4, 0xb0, 0xa3, 0xb0, 0xa4, 0xb8,
    0xa3, 0xb8, 0xa3, 0xb8, 0xa4, 0xc0, 0xa4, 0xc0, 0x84, 0xc0, 0x84, 0xc0, 0xa4, 0xc0, 0x62, 0xa8,
    0xd7, 0xe5, 0xcf, 0x73, 0x00, 0x00, 0x25, 0x21, 0xc8, 0x39, 0x66, 0x31, 0x66, 0x31, 0xa3, 0x18,
    0x00, 0x00, 0x21, 0x00, 0x21, 0x00, 0x21, 0x00, 0x21, 0x00, 0x21, 0x00, 0x21, 0x00, 0x21, 0x00,
    0x21, 0x00, 0x21, 0x00, 0x21, 0x00, 0x20, 0x00, 0x00, 0x00, 0x01, 0x00, 0x21, 0x00, 0x21, 0x00,
    0x21, 0x00, 0x21, 0x00, 0x21, 0x00, 0x21, 0x00, 0x21, 0x00, 0x21, 0x00, 0x21, 0x00, 0x21, 0x00,
    0x21, 0x00, 0x21, 0x00, 0x21, 0x00, 0x21, 0x00, 0x21, 0x00, 0x21, 0x00, 0x21, 0x00, 0x21, 0x00,
    0x21, 0x00, 0x21, 0x00, 0x21, 0x00, 0x62, 0x10, 0x21, 0x00, 0x21, 0x00, 0x21, 0x00, 0x21, 0x00,
    0x21, 0x00, 0x21, 0x00, 0x21, 0x00, 0x21, 0x00, 0x21, 0x00, 0x21, 0x00, 0x21, 0x00, 0x21, 0x00,
    0x21, 0x00, 0x21, 0x00, 0x21, 0x00, 0x21, 0x00, 0x21, 0x00, 0x21, 0x00, 0x21, 0x00, 0x21, 0x00,
    0x21, 0x00, 0x21, 0x00, 0x01, 0x00, 0x00, 0x00, 0x01, 0x00, 0x21, 0x00, 0x21, 0x00, 0x21, 0x00,
    0x21, 0x00, 0x21, 0x00, 0x21, 0x00, 0x21, 0x00, 0x21, 0x00, 0x21, 0x00, 0x42, 0x08, 0x86, 0x31,
    0x46, 0x29, 0x09, 0x42, 0x08, 0x42, 0x08, 0x42, 0x62, 0x08, 0x21, 0x08, 0xf7, 0xc5, 0xeb, 0xc2,
    0x42, 0xb8, 0xa4, 0xb8, 0xa3, 0xb8, 0xa4, 0xb8, 0x84, 0xb8, 0x84, 0xb8, 0xa4, 0xb8, 0xa4, 0xb0,
    0xa4, 0xb0, 0xa3, 0xb0, 0xa4, 0xa0, 0x83, 0x48, 0x82, 0x20, 0xa3, 0x28, 0x83, 0x20, 0x83, 0x20,
    0x62, 0x38, 0xc4, 0xa0, 0xa3, 0xb8, 0x83, 0xb0, 0x83, 0xb0, 0xa4, 0xb8, 0xa4, 0xb0, 0x63, 0xb0,
    0xa4, 0xb8, 0xa3, 0x88, 0x82, 0x20, 0xa3, 0x18, 0xa3, 0x18, 0xa3, 0x18, 0xa3, 0x18, 0x82, 0x10,
    0xc4, 0x70, 0x83, 0x68, 0x82, 0x58, 0xc4, 0xc0, 0x83, 0xc0, 0xc4, 0xc0, 0xa3, 0x70, 0x00, 0x00,
    0x00, 0x00, 0x00, 0x00, 0x00, 0x00, 0x00, 0x00, 0x00, 0x00, 0x00, 0x00, 0x00, 0x00, 0x00, 0x00,
    0x00, 0x00, 0x00, 0x00, 0x00, 0x00, 0x00, 0x00, 0x00, 0x00, 0x00, 0x00, 0x00, 0x00, 0x00, 0x00,
    0x00, 0x00, 0x00, 0x00, 0x00, 0x00, 0x00, 0x00, 0x00, 0x00, 0x00, 0x00, 0x00, 0x00, 0x00, 0x00,
    0x00, 0x00, 0x00, 0x00, 0x00, 0x00, 0x00, 0x00, 0x00, 0x00, 0x00, 0x00, 0x00, 0x00, 0x00, 0x00,
    0x82, 0x50, 0x05, 0xb9, 0xa4, 0x78, 0x82, 0x68, 0xc5, 0xc0, 0xc4, 0xc8, 0xa4, 0x90, 0x82, 0x20,
    0xa3, 0x18, 0xa3, 0x18, 0xa3, 0x18, 0xa3, 0x18, 0x82, 0x10, 0x83, 0x50, 0xc4, 0xb0, 0xa3, 0xb0,
    0xa4, 0xb8, 0xa3, 0xb8, 0xa4, 0xb8, 0xa4, 0xb8, 0xa4, 0xc0, 0xc4, 0xa0, 0x62, 0x38, 0x82, 0x20,
    0x82, 0x20, 0x83, 0x20, 0xa3, 0x20, 0x82, 0x20, 0xa4, 0x78, 0xc4, 0xb8, 0xa3, 0xb0, 0xa4, 0xb8,
    0xa4, 0xb8, 0xa4, 0xb8, 0xa4, 0xc0, 0x84, 0xc0, 0x84, 0xc0, 0xa4, 0xc0, 0x42, 0xc0, 0x29, 0xba,
    0xdb, 0xde, 0xa3, 0x18, 0x62, 0x08, 0xe8, 0x39, 0x87, 0x39, 0x66, 0x31, 0x25, 0x21, 0x01, 0x00,
    0x21, 0x00, 0x21, 0x00, 0x21, 0x00, 0x21, 0x00, 0x21, 0x00, 0x21, 0x00, 0x21, 0x00, 0x21, 0x00,
    0x21, 0x00, 0x21, 0x00, 0x20, 0x00, 0x20, 0x00, 0xa2, 0x28, 0x20, 0x10, 0x01, 0x00, 0x21, 0x00,
    0x21, 0x00, 0x21, 0x00, 0x21, 0x00, 0x21, 0x00, 0x21, 0x00, 0x21, 0x00, 0x21, 0x00, 0x21, 0x00,
    0x21, 0x00, 0x21, 0x00, 0x21, 0x00, 0x21, 0x00, 0x21, 0x00, 0x21, 0x00, 0x21, 0x00, 0x21, 0x00,
    0x21, 0x00, 0x21, 0x00, 0x21, 0x00, 0x62, 0x08, 0x21, 0x00, 0x21, 0x00, 0x21, 0x00, 0x21, 0x00,
    0x21, 0x00, 0x21, 0x00, 0x21, 0x00, 0x21, 0x00, 0x21, 0x00, 0x21, 0x00, 0x21, 0x00, 0x21, 0x00,
    0x21, 0x00, 0x21, 0x00, 0x21, 0x00, 0x21, 0x00, 0x21, 0x00, 0x21, 0x00, 0x21, 0x00, 0x21, 0x00,
    0x21, 0x00, 0x00, 0x00, 0x21, 0x10, 0x62, 0x20, 0x00, 0x08, 0x21, 0x00, 0x21, 0x00, 0x21, 0x00,
    0x21, 0x00, 0x21, 0x00, 0x21, 0x00, 0x21, 0x00, 0x21, 0x00, 0x21, 0x00, 0x00, 0x00, 0xa3, 0x18,
    0x86, 0x31, 0x66, 0x31, 0x09, 0x4a, 0x29, 0x4a, 0x66, 0x31, 0x00, 0x00, 0x2c, 0x63, 0x96, 0xe5,
    0x62, 0xa8, 0xa4, 0xc0, 0xa3, 0xb8, 0xa4, 0xb8, 0xa4, 0xb8, 0x84, 0xb8, 0xa4, 0xb8, 0xa4, 0xb8,
    0xa4, 0xb0, 0xa3, 0xb8, 0xa3, 0x98, 0x62, 0x38, 0x83, 0x20, 0x83, 0x28, 0x82, 0x20, 0x83, 0x28,
    0x82, 0x20, 0xa3, 0x70, 0xa4, 0xb8, 0x84, 0xb8, 0x83, 0xb0, 0x84, 0xb8, 0x83, 0xb0, 0x83, 0xb0,
    0x84, 0xb0, 0xa4, 0xb0, 0x82, 0x48, 0x82, 0x10, 0xa3, 0x18, 0xa3, 0x18, 0xa3, 0x18, 0x83, 0x10,
    0x83, 0x38, 0xa3, 0x48, 0x62, 0x48, 0xa4, 0xb0, 0xa4, 0xc0, 0xa4, 0xc0, 0xe4, 0xa8, 0x21, 0x18,
    0x00, 0x00, 0x00, 0x00, 0x00, 0x00, 0x00, 0x00, 0x00, 0x00, 0x00, 0x00, 0x00, 0x00, 0x00, 0x00,
    0x00, 0x00, 0x00, 0x00, 0x00, 0x00, 0x00, 0x00, 0x00, 0x00, 0x00, 0x00, 0x00, 0x00, 0x00, 0x00,
    0x00, 0x00, 0x00, 0x00, 0x00, 0x00, 0x00, 0x00, 0x00, 0x00, 0x00, 0x00, 0x00, 0x00, 0x00, 0x00,
    0x00, 0x00, 0x00, 0x00, 0x00, 0x00, 0x00, 0x00, 0x00, 0x00, 0x00, 0x00, 0x00, 0x00, 0x00, 0x08,
    0xc4, 0x90, 0xe4, 0xc8, 0xc4, 0xa0, 0x83, 0x78, 0xc4, 0xc0, 0xc4, 0xc8, 0xa3, 0x70, 0x82, 0x10,
    0xa3, 0x18, 0xa3, 0x18, 0xa3, 0x18, 0xa3, 0x18, 0x82, 0x20, 0xc3, 0x88, 0xa3, 0xb8, 0xa3, 0xb0,
    0xa4, 0xb8, 0xa3, 0xb8, 0xa4, 0xb8, 0xa4, 0xb8, 0xa4, 0xc0, 0xa3, 0x70, 0x82, 0x18, 0xa2, 0x20,
    0x82, 0x20, 0x82, 0x20, 0x82, 0x20, 0x82, 0x38, 0xa4, 0xa8, 0xa3, 0xc0, 0xc3, 0xb0, 0xa3, 0xb0,
    0xa4, 0xb8, 0xa4, 0xb8, 0xa4, 0xc0, 0x84, 0xc0, 0x84, 0xc0, 0xa4, 0xc0, 0x42, 0xa8, 0x14, 0xe5,
    0x71, 0x8c, 0x00, 0x00, 0x66, 0x31, 0xc8, 0x41, 0x66, 0x31, 0x46, 0x29, 0x41, 0x08, 0x21, 0x00,
    0x21, 0x00, 0x21, 0x00, 0x21, 0x00, 0x21, 0x00, 0x21, 0x00, 0x21, 0x00, 0x21, 0x00, 0x21, 0x00,
    0x21, 0x00, 0x21, 0x00, 0x21, 0x00, 0x00, 0x00, 0xa2, 0x30, 0x04, 0x61, 0x00, 0x08, 0x21, 0x00,
    0x21, 0x00, 0x21, 0x00, 0x21, 0x00, 0x21, 0x00, 0x21, 0x00, 0x21, 0x00, 0x21, 0x00, 0x21, 0x00,
    0x21, 0x00, 0x21, 0x00, 0x21, 0x00, 0x21, 0x00, 0x21, 0x00, 0x21, 0x00, 0x21, 0x00, 0x21, 0x00,
    0x21, 0x00, 0x21, 0x00, 0x21, 0x00, 0x62, 0x08, 0x21, 0x00, 0x21, 0x00, 0x21, 0x00, 0x21, 0x00,
    0x21, 0x00, 0x21, 0x00, 0x21, 0x00, 0x21, 0x00, 0x21, 0x00, 0x21, 0x00, 0x21, 0x00, 0x21, 0x00,
    0x21, 0x00, 0x21, 0x00, 0x21, 0x00, 0x21, 0x00, 0x21, 0x00, 0x21, 0x00, 0x21, 0x00, 0x21, 0x00,
    0x01, 0x00, 0x00, 0x10, 0x04, 0x69, 0x82, 0x28, 0x00, 0x00, 0x21, 0x00, 0x21, 0x00, 0x21, 0x00,
    0x21, 0x00, 0x21, 0x00, 0x21, 0x00, 0x21, 0x00, 0x21, 0x00, 0x21, 0x00, 0x21, 0x00, 0x00, 0x00,
    0x25, 0x21, 0x66, 0x31, 0xa7, 0x39, 0x08, 0x42, 0x08, 0x42, 0x62, 0x10, 0x62, 0x10, 0x18, 0xce,
    0x08, 0xba, 0x42, 0xb8, 0xa4, 0xb8, 0xa4, 0xb8, 0xa4, 0xb8, 0xa3, 0xb8, 0xa4, 0xb8, 0xa4, 0xb8,
    0xa4, 0xb8, 0xa3, 0xb0, 0xa4, 0xb0, 0xa3, 0x70, 0x82, 0x20, 0xa2, 0x28, 0x82, 0x20, 0x82, 0x28,
    0x82, 0x20, 0x63, 0x38, 0xa4, 0xa0, 0x84, 0xb8, 0xa3, 0xb0, 0x83, 0xb0, 0x83, 0xb8, 0xa3, 0xb0,
    0x83, 0xb0, 0xa4, 0xb8, 0xa3, 0x80, 0x82, 0x18, 0xa3, 0x18, 0xa3, 0x18, 0xa3, 0x10, 0x82, 0x18,
    0x82, 0x18, 0xa2, 0x20, 0x62, 0x48, 0x83, 0xa8, 0x63, 0xb0, 0x83, 0xb8, 0xe5, 0xc0, 0x82, 0x48,
    0x00, 0x00, 0x00, 0x00, 0x00, 0x00, 0x00, 0x00, 0x00, 0x00, 0x00, 0x00, 0x00, 0x00, 0x00, 0x00,
    0x00, 0x00, 0x00, 0x00, 0x00, 0x00, 0x00, 0x00, 0x00, 0x00, 0x00, 0x00, 0x00, 0x00, 0x00, 0x00,
    0x00, 0x00, 0x00, 0x00, 0x00, 0x00, 0x00, 0x00, 0x00, 0x00, 0x00, 0x00, 0x00, 0x00, 0x00, 0x00,
    0x00, 0x00, 0x00, 0x00, 0x00, 0x00, 0x00, 0x00, 0x00, 0x00, 0x00, 0x00, 0x00, 0x00, 0x61, 0x28,
    0xc5, 0x98, 0x84, 0xb0, 0xc4, 0xa8, 0xa3, 0x80, 0xc4, 0xc0, 0xc5, 0xb8, 0x83, 0x48, 0xa3, 0x10,
    0xa3, 0x18, 0xa3, 0x18, 0xa3, 0x18, 0x82, 0x10, 0x83, 0x48, 0xe5, 0xb0, 0xc4, 0xb8, 0xa4, 0xb8,
    0xa4, 0xb8, 0xa3, 0xb8, 0xa3, 0xb8, 0xa4, 0xb8, 0xa4, 0xa8, 0x82, 0x40, 0x82, 0x20, 0x83, 0x20,
    0x82, 0x20, 0xa2, 0x20, 0x82, 0x20, 0x83, 0x68, 0xa4, 0xb0, 0xa4, 0xc0, 0xa3, 0xb0, 0x83, 0xb0,
    0xa4, 0xc0, 0x84, 0xb8, 0xa4, 0xc0, 0x84, 0xc0, 0xa4, 0xc0, 0x63, 0xc0, 0xa7, 0xb1, 0x9a, 0xe6,
    0x05, 0x21, 0x41, 0x08, 0xc8, 0x39, 0x86, 0x31, 0x66, 0x31, 0x82, 0x10, 0x00, 0x00, 0x21, 0x00,
    0x21, 0x00, 0x21, 0x00, 0x21, 0x00, 0x21, 0x00, 0x21, 0x00, 0x21, 0x00, 0x21, 0x00, 0x21, 0x00,
    0x21, 0x00, 0x21, 0x00, 0x21, 0x00, 0x21, 0x00, 0x00, 0x00, 0xa4, 0x60, 0xc4, 0x88, 0x00, 0x18,
    0x21, 0x00, 0x21, 0x08, 0x21, 0x00, 0x21, 0x00, 0x21, 0x00, 0x21, 0x00, 0x21, 0x00, 0x21, 0x00,
    0x21, 0x00, 0x21, 0x00, 0x21, 0x00, 0x21, 0x00, 0x21, 0x00, 0x21, 0x00, 0x21, 0x00, 0x21, 0x00,
    0x21, 0x00, 0x21, 0x00, 0x21, 0x00, 0x62, 0x08, 0x21, 0x00, 0x21, 0x00, 0x21, 0x00, 0x21, 0x00,
    0x21, 0x00, 0x21, 0x00, 0x21, 0x00, 0x21, 0x00, 0x21, 0x00, 0x21, 0x00, 0x21, 0x00, 0x21, 0x00,
    0x21, 0x00, 0x21, 0x00, 0x21, 0x00, 0x21, 0x00, 0x21, 0x00, 0x21, 0x00, 0x21, 0x00, 0x00, 0x00,
    0x20, 0x20, 0x05, 0x91, 0x83, 0x58, 0x00, 0x00, 0x21, 0x00, 0x21, 0x00, 0x21, 0x00, 0x21, 0x00,
    0x21, 0x00, 0x21, 0x00, 0x21, 0x00, 0x21, 0x00, 0x21, 0x00, 0x21, 0x00, 0x21, 0x00, 0x21, 0x00,
    0x21, 0x00, 0x45, 0x29, 0x46, 0x29, 0x08, 0x42, 0x29, 0x42, 0x86, 0x31, 0x00, 0x00, 0xcf, 0x7b,
    0xd3, 0xd4, 0x42, 0xa8, 0xa4, 0xc0, 0xa4, 0xb8, 0xa4, 0xb8, 0xa4, 0xb8, 0xa4, 0xb8, 0xa4, 0xb8,
    0xa3, 0xb8, 0xa4, 0xb0, 0xa4, 0xb8, 0xc4, 0x98, 0x62, 0x38, 0x82, 0x20, 0x82, 0x28, 0x82, 0x20,
    0x83, 0x28, 0x62, 0x28, 0xa3, 0x78, 0xa4, 0xb8, 0xa3, 0xb0, 0xa4, 0xb0, 0xa4, 0xb0, 0x83, 0xb0,
    0xa3, 0xb0, 0x83, 0xb0, 0xc4, 0xa0, 0x82, 0x38, 0xa3, 0x10, 0xa3, 0x18, 0xa3, 0x18, 0xa2, 0x18,
    0xa2, 0x10, 0xc3, 0x40, 0xc4, 0x98, 0xa4, 0xb8, 0x83, 0xb8, 0x83, 0xb8, 0xc4, 0xc0, 0xc3, 0x80,
    0x00, 0x00, 0x00, 0x00, 0x00, 0x00, 0x00, 0x00, 0x00, 0x00, 0x00, 0x00, 0x00, 0x00, 0x00, 0x00,
    0x00, 0x00, 0x00, 0x00, 0x00, 0x00, 0x00, 0x00, 0x00, 0x00, 0x00, 0x00, 0x00, 0x00, 0x00, 0x00,
    0x00, 0x00, 0x00, 0x00, 0x00, 0x00, 0x00, 0x00, 0x00, 0x00, 0x00, 0x00, 0x00, 0x00, 0x00, 0x00,
    0x00, 0x00, 0x00, 0x00, 0x00, 0x00, 0x00, 0x00, 0x00, 0x00, 0x00, 0x00, 0x00, 0x00, 0xa3, 0x50,
    0xe4, 0xa0, 0x84, 0xb8, 0xc4, 0xa0, 0xa2, 0x68, 0xe5, 0xc0, 0x84, 0x90, 0x63, 0x20, 0xa3, 0x18,
    0xa3, 0x18, 0xa3, 0x18, 0xa3, 0x18, 0xa2, 0x10, 0xa3, 0x58, 0xa3, 0x88, 0x83, 0x78, 0x83, 0x90,
    0xa4, 0xb8, 0xa4, 0xb8, 0xa4, 0xb8, 0xa4, 0xc0, 0xa3, 0x80, 0x62, 0x20, 0x83, 0x20, 0x82, 0x20,
    0x83, 0x20, 0x83, 0x20, 0x62, 0x38, 0xc4, 0x98, 0xa4, 0xb8, 0xa4, 0xb8, 0xa4, 0xb8, 0xa4, 0xb8,
    0xa4, 0xc0, 0xa4, 0xc0, 0x84, 0xc0, 0xa3, 0xc0, 0xa4, 0xc0, 0x22, 0xb0, 0x92, 0xdc, 0xd3, 0x9c,
    0x00, 0x00, 0x04, 0x21, 0xa7, 0x39, 0x66, 0x31, 0xc4, 0x18, 0x00, 0x00, 0x21, 0x00, 0x21, 0x00,
    0x21, 0x00, 0x21, 0x00, 0x21, 0x00, 0x21, 0x00, 0x21, 0x00, 0x21, 0x00, 0x21, 0x00, 0x21, 0x00,
    0x21, 0x00, 0x21, 0x00, 0x21, 0x00, 0x21, 0x00, 0x21, 0x00, 0x00, 0x10, 0x84, 0x98, 0xa4, 0xa0,
    0x21, 0x20, 0x20, 0x00, 0x21, 0x00, 0x21, 0x00, 0x21, 0x00, 0x21, 0x00, 0x21, 0x00, 0x21, 0x00,
    0x21, 0x00, 0x21, 0x00, 0x21, 0x00, 0x21, 0x00, 0x21, 0x00, 0x21, 0x00, 0x21, 0x00, 0x21, 0x00,
    0x21, 0x00, 0x21, 0x00, 0x21, 0x00, 0x62, 0x08, 0x21, 0x00, 0x21, 0x00, 0x21, 0x00, 0x21, 0x00,
    0x21, 0x00, 0x21, 0x00, 0x21, 0x00, 0x21, 0x00, 0x21, 0x00, 0x21, 0x00, 0x21, 0x00, 0x21, 0x00,
    0x21, 0x00, 0x21, 0x00, 0x21, 0x00, 0x21, 0x00, 0x21, 0x00, 0x21, 0x00, 0x01, 0x00, 0x21, 0x28,
    0xe4, 0xa8, 0xc4, 0x88, 0x00, 0x08, 0x21, 0x00, 0x21, 0x00, 0x21, 0x00, 0x21, 0x00, 0x21, 0x00,
    0x21, 0x00, 0x21, 0x00, 0x21, 0x00, 0x21, 0x00, 0x21, 0x00, 0x21, 0x00, 0x21, 0x00, 0x21, 0x00,
    0x00, 0x00, 0x82, 0x10, 0x66, 0x31, 0xa7, 0x31, 0x29, 0x42, 0x08, 0x42, 0x62, 0x10, 0x04, 0x19,
    0x59, 0xd6, 0x66, 0xb1, 0x63, 0xb8, 0xa4, 0xb8, 0xa4, 0xb8, 0xa4, 0xb8, 0xa3, 0xb8, 0xa3, 0xb8,
    0xa3, 0xb8, 0xa4, 0xb8, 0xa4, 0xb0, 0xc4, 0xb0, 0x83, 0x68, 0x62, 0x20, 0x82, 0x20, 0x83, 0x20,
    0x83, 0x28, 0x82, 0x20, 0x62, 0x40, 0xa4, 0xa8, 0xa4, 0xb0, 0x83, 0xa8, 0x83, 0xb0, 0x83, 0xb0,
    0xa4, 0xb0, 0x84, 0xb0, 0xa4, 0xb0, 0xa2, 0x68, 0x82, 0x10, 0xa3, 0x18, 0xa3, 0x18, 0xa3, 0x18,
    0xa3, 0x10, 0x83, 0x30, 0xa4, 0xa0, 0xa3, 0xb8, 0xa4, 0xb8, 0xa4, 0xb8, 0xa4, 0xc0, 0xe4, 0xa8,
    0x21, 0x20, 0x00, 0x00, 0x00, 0x00, 0x00, 0x00, 0x00, 0x00, 0x00, 0x00, 0x00, 0x00, 0x00, 0x00,
    0x00, 0x00, 0x00, 0x00, 0x00, 0x00, 0x00, 0x00, 0x00, 0x00, 0x00, 0x00, 0x00, 0x00, 0x00, 0x00,
    0x00, 0x00, 0x00, 0x00, 0x00, 0x00, 0x00, 0x00, 0x00, 0x00, 0x00, 0x00, 0x00, 0x00, 0x00, 0x00,
    0x00, 0x00, 0x00, 0x00, 0x00, 0x00, 0x00, 0x00, 0x00, 0x00, 0x00, 0x00, 0x00, 0x08, 0xa3, 0x60,
    0x83, 0x88, 0xa4, 0xb0, 0xa4, 0x80, 0x62, 0x40, 0x06, 0xb9, 0xa3, 0x68, 0x82, 0x10, 0xa3, 0x18,
    0xa3, 0x18, 0xa3, 0x18, 0xa3, 0x10, 0x82, 0x30, 0x83, 0x78, 0x61, 0x68, 0xa3, 0x88, 0xa4, 0xa8,
    0x83, 0xa8, 0xa4, 0xb0, 0x83, 0xa8, 0xa4, 0xa8, 0x83, 0x50, 0x82, 0x20, 0x83, 0x20, 0x82, 0x20,
    0x83, 0x20, 0x82, 0x20, 0x83, 0x70, 0xc4, 0xb8, 0xa3, 0xb8, 0xa4, 0xb8, 0xa4, 0xb8, 0xa4, 0xb8,
    0xa4, 0xc0, 0xa4, 0xc0, 0x84, 0xc0, 0xa4, 0xc0, 0x83, 0xc0, 0x46, 0xa9, 0x9a, 0xe6, 0x86, 0x31,
    0x00, 0x00, 0x46, 0x29, 0x87, 0x31, 0x04, 0x21, 0x01, 0x00, 0x01, 0x00, 0x21, 0x00, 0x21, 0x00,
    0x21, 0x00, 0x21, 0x00, 0x21, 0x00, 0x21, 0x00, 0x21, 0x00, 0x21, 0x00, 0x21, 0x00, 0x21, 0x00,
    0x21, 0x00, 0x21, 0x00, 0x21, 0x00, 0x21, 0x00, 0x21, 0x00, 0x00, 0x00, 0x01, 0x30, 0xa4, 0xc0,
    0xa3, 0xb0, 0x41, 0x38, 0x00, 0x00, 0x21, 0x00, 0x21, 0x00, 0x21, 0x00, 0x21, 0x00, 0x21, 0x00,
    0x21, 0x00, 0x21, 0x00, 0x21, 0x00, 0x21, 0x00, 0x21, 0x00, 0x21, 0x00, 0x21, 0x00, 0x21, 0x00,
    0x21, 0x00, 0x21, 0x00, 0x21, 0x00, 0x41, 0x08, 0x21, 0x00, 0x21, 0x00, 0x21, 0x00, 0x21, 0x00,
    0x21, 0x00, 0x21, 0x00, 0x21, 0x00, 0x21, 0x00, 0x21, 0x00, 0x21, 0x00, 0x21, 0x00, 0x21, 0x00,
    0x21, 0x00, 0x21, 0x00, 0x21, 0x00, 0x21, 0x00, 0x21, 0x00, 0x20, 0x00, 0x42, 0x40, 0xc4, 0xc0,
    0xc4, 0xb0, 0x00, 0x20, 0x21, 0x00, 0x21, 0x08, 0x21, 0x00, 0x21, 0x00, 0x21, 0x00, 0x21, 0x00,
    0x21, 0x00, 0x21, 0x00, 0x21, 0x00, 0x21, 0x00, 0x21, 0x00, 0x21, 0x00, 0x21, 0x00, 0x21, 0x00,
    0x21, 0x00, 0x00, 0x00, 0xe4, 0x20, 0x86, 0x31, 0xc7, 0x39, 0x29, 0x4a, 0x86, 0x31, 0x00, 0x00,
    0xb2, 0x8c, 0x30, 0xd4, 0x41, 0xb0, 0xc4, 0xb8, 0xa4, 0xb8, 0xa4, 0xb8, 0xa3, 0xb8, 0xa4, 0xb8,
    0xa4, 0xb8, 0xa4, 0xb8, 0xa4, 0xb8, 0xa4, 0xb8, 0xc4, 0x98, 0x81, 0x38, 0x83, 0x20, 0x83, 0x28,
    0x83, 0x28, 0x83, 0x28, 0x62, 0x28, 0x83, 0x88, 0xa4, 0xb0, 0xa3, 0xa8, 0x83, 0xb0, 0xa3, 0xb0,
    0x83, 0xb0, 0x83, 0xb0, 0x84, 0xb8, 0xa4, 0x88, 0x82, 0x20, 0xa3, 0x10, 0xa3, 0x18, 0xa3, 0x18,
    0xa3, 0x10, 0x82, 0x18, 0xa4, 0x88, 0xa4, 0xb8, 0x83, 0xb8, 0xa4, 0xb8, 0xa4, 0xb8, 0xc5, 0xc0,
    0x62, 0x50, 0x00, 0x00, 0x00, 0x00, 0x00, 0x00, 0x00, 0x00, 0x00, 0x00, 0x00, 0x00, 0x00, 0x00,
    0x00, 0x00, 0x00, 0x00, 0x00, 0x00, 0x00, 0x00, 0x00, 0x00, 0x00, 0x00, 0x00, 0x00, 0x00, 0x00,
    0x00, 0x00, 0x00, 0x00, 0x00, 0x00, 0x00, 0x00, 0x00, 0x00, 0x00, 0x00, 0x00, 0x00, 0x00, 0x00,
    0x00, 0x00, 0x00, 0x00, 0x00, 0x00, 0x00, 0x00, 0x00, 0x00, 0x00, 0x00, 0x41, 0x18, 0xe5, 0x88,
    0xa4, 0x98, 0xc4, 0x98, 0x83, 0x50, 0x62, 0x20, 0xe4, 0x68, 0xa3, 0x38, 0xa3, 0x10, 0xa3, 0x18,
    0xa3, 0x18, 0xa3, 0x18, 0xa3, 0x10, 0xa3, 0x58, 0xe5, 0xb0, 0xc4, 0xa8, 0x83, 0xa0, 0xc4, 0xb0,
    0xc4, 0xb0, 0xa3, 0xa0, 0xc4, 0xa8, 0xc4, 0x98, 0x62, 0x30, 0x82, 0x20, 0x82, 0x20, 0x83, 0x28,
    0x83, 0x20, 0x62, 0x38, 0xc4, 0xa0, 0xa3, 0xc0, 0xa3, 0xb8, 0xa4, 0xb8, 0xa4, 0xc0, 0xa4, 0xc0,
    0xa4, 0xc0, 0x84, 0xc0, 0x84, 0xc0, 0xa4, 0xc0, 0x42, 0xb0, 0x30, 0xd4, 0x55, 0xa5, 0x00, 0x00,
    0xa3, 0x10, 0x87, 0x31, 0x25, 0x29, 0x21, 0x08, 0x01, 0x00, 0x21, 0x00, 0x21, 0x00, 0x21, 0x00,
    0x21, 0x00, 0x21, 0x00, 0x21, 0x00, 0x21, 0x00, 0x21, 0x00, 0x21, 0x00, 0x21, 0x00, 0x21, 0x00,
    0x21, 0x00, 0x21, 0x00, 0x21, 0x00, 0x21, 0x00, 0x21, 0x00, 0x21, 0x00, 0x00, 0x00, 0x62, 0x68,
    0x64, 0xe0, 0x83, 0xc0, 0x62, 0x40, 0x21, 0x00, 0x21, 0x00, 0x21, 0x00, 0x21, 0x00, 0x21, 0x00,
    0x21, 0x00, 0x21, 0x00, 0x21, 0x00, 0x21, 0x00, 0x21, 0x00, 0x21, 0x00, 0x21, 0x00, 0x21, 0x00,
    0x21, 0x00, 0x21, 0x00, 0x21, 0x00, 0x21, 0x00, 0x21, 0x00, 0x21, 0x00, 0x21, 0x00, 0x21, 0x00,
    0x21, 0x00, 0x21, 0x00, 0x21, 0x00, 0x21, 0x00, 0x21, 0x00, 0x21, 0x00, 0x21, 0x00, 0x21, 0x00,
    0x21, 0x00, 0x21, 0x00, 0x21, 0x00, 0x21, 0x00, 0x01, 0x08, 0x83, 0x58, 0xa4, 0xc8, 0xa3, 0xd8,
    0x42, 0x58, 0x00, 0x00, 0x21, 0x00, 0x21, 0x00, 0x21, 0x00, 0x21, 0x00, 0x21, 0x00, 0x21, 0x00,
    0x21, 0x00, 0x21, 0x00, 0x21, 0x00, 0x21, 0x00, 0x21, 0x00, 0x21, 0x00, 0x21, 0x00, 0x21, 0x00,
    0x21, 0x00, 0x01, 0x00, 0x01, 0x00, 0x46, 0x29, 0x66, 0x29, 0xe8, 0x39, 0x09, 0x42, 0x62, 0x08,
    0x66, 0x29, 0x18, 0xde, 0x04, 0xb1, 0x83, 0xb8, 0xa4, 0xb8, 0xa4, 0xb8, 0xa4, 0xb8, 0x84, 0xb8,
    0x84, 0xb8, 0x84, 0xb8, 0xa4, 0xb8, 0xa3, 0xb0, 0xc4, 0xb0, 0xa2, 0x68, 0x82, 0x20, 0x83, 0x28,
    0x83, 0x28, 0x83, 0x28, 0x82, 0x20, 0x83, 0x58, 0xc4, 0xb0, 0xa4, 0xb0, 0xa4, 0xb0, 0x83, 0xb0,
    0x83, 0xb0, 0x83, 0xb0, 0xa4, 0xb0, 0xc4, 0xa0, 0x83, 0x48, 0x82, 0x10, 0xa3, 0x18, 0xa3, 0x18,
    0xa3, 0x18, 0xa3, 0x10, 0x83, 0x68, 0xa3, 0xb8, 0x63, 0xa8, 0x84, 0xb8, 0xa4, 0xb8, 0xa4, 0xc0,
    0xa3, 0x80, 0x00, 0x00, 0x00, 0x00, 0x00, 0x00, 0x00, 0x00, 0x00, 0x00, 0x00, 0x00, 0x00, 0x00,
    0x00, 0x00, 0x00, 0x00, 0x00, 0x00, 0x00, 0x00, 0x00, 0x00, 0x00, 0x00, 0x00, 0x00, 0x00, 0x00,
    0x00, 0x00, 0x00, 0x00, 0x00, 0x00, 0x00, 0x00, 0x00, 0x00, 0x00, 0x00, 0x00, 0x00, 0x00, 0x00,
    0x00, 0x00, 0x00, 0x00, 0x00, 0x00, 0x00, 0x00, 0x00, 0x00, 0x00, 0x00, 0x62, 0x38, 0x83, 0x78,
    0x62, 0x70, 0x82, 0x70, 0x83, 0x40, 0xa3, 0x40, 0xa3, 0x50, 0xa2, 0x18, 0xa3, 0x18, 0xa3, 0x18,
    0xa3, 0x18, 0xa3, 0x18, 0xa2, 0x20, 0xa3, 0x60, 0x82, 0x78, 0x83, 0x90, 0xa4, 0xa8, 0x82, 0x98,
    0xc4, 0xb0, 0xc4, 0xa8, 0xc4, 0xa0, 0x83, 0x70, 0x62, 0x20, 0x83, 0x20, 0x83, 0x20, 0x83, 0x28,
    0x63, 0x20, 0x83, 0x68, 0xc4, 0xc0, 0xa3, 0xb8, 0xa4, 0xb8, 0xa4, 0xc0, 0xa4, 0xc0, 0xa4, 0xc0,
    0x84, 0xc0, 0x84, 0xc0, 0xa4, 0xc0, 0x83, 0xc0, 0x05, 0xb1, 0x5a, 0xee, 0xc8, 0x39, 0x00, 0x00,
    0x46, 0x29, 0x66, 0x31, 0x62, 0x10, 0x01, 0x00, 0x21, 0x00, 0x21, 0x00, 0x21, 0x00, 0x21, 0x00,
    0x21, 0x00, 0x21, 0x00, 0x21, 0x00, 0x21, 0x00, 0x21, 0x00, 0x21, 0x00, 0x21, 0x00, 0x21, 0x00,
    0x21, 0x00, 0x21, 0x00, 0x21, 0x00, 0x21, 0x00, 0x21, 0x00, 0x01, 0x00, 0x00, 0x00, 0x21, 0x28,
    0x83, 0xb8, 0x63, 0xe0, 0xa4, 0x90, 0x01, 0x08, 0x21, 0x00, 0x21, 0x00, 0x21, 0x00, 0x21, 0x00,
    0x01, 0x00, 0x21, 0x00, 0x00, 0x00, 0x20, 0x00, 0x20, 0x00, 0x21, 0x00, 0x21, 0x00, 0x21, 0x00,
    0x21, 0x00, 0x21, 0x00, 0x21, 0x00, 0x21, 0x00, 0x21, 0x00, 0x21, 0x00, 0x21, 0x00, 0x21, 0x00,
    0x21, 0x00, 0x21, 0x00, 0x21, 0x00, 0x21, 0x00, 0x01, 0x00, 0x01, 0x00, 0x21, 0x00, 0x21, 0x00,
    0x21, 0x00, 0x21, 0x00, 0x21, 0x00, 0x21, 0x00, 0x21, 0x08, 0xa4, 0xa0, 0x63, 0xe0, 0xa3, 0xb8,
    0x21, 0x20, 0x01, 0x00, 0x20, 0x00, 0x21, 0x00, 0x01, 0x00, 0x21, 0x00, 0x21, 0x00, 0x21, 0x00,
    0x21, 0x00, 0x21, 0x00, 0x21, 0x00, 0x21, 0x00, 0x21, 0x00, 0x21, 0x00, 0x21, 0x00, 0x21, 0x00,
    0x21, 0x00, 0x21, 0x00, 0x00, 0x00, 0x62, 0x08, 0x86, 0x31, 0x46, 0x29, 0x09, 0x42, 0x86, 0x31,
    0x00, 0x00, 0xf3, 0x9c, 0x8e, 0xcb, 0x22, 0xb0, 0xa4, 0xb8, 0xa4, 0xb8, 0xa4, 0xb8, 0x84, 0xb8,
    0x84, 0xb8, 0xa3, 0xb8, 0xa3, 0xb8, 0xa3, 0xb0, 0xa4, 0xb0, 0xc4, 0x90, 0x62, 0x30, 0x82, 0x28,
    0x83, 0x28, 0x83, 0x28, 0x83, 0x28, 0x42, 0x38, 0xa4, 0x90, 0xa4, 0xb0, 0x83, 0xb0, 0xa3, 0xb0,
    0x83, 0xb0, 0x83, 0xa8, 0xa3, 0xa8, 0xa3, 0xb0, 0xa3, 0x70, 0x83, 0x18, 0xa3, 0x18, 0xa3, 0x18,
    0xa3, 0x18, 0xa3, 0x10, 0x83, 0x40, 0xa4, 0xa8, 0xa4, 0xb8, 0xa4, 0xb8, 0xa4, 0xb8, 0xa4, 0xc0,
    0xc4, 0x98, 0x21, 0x18, 0x00, 0x00, 0x00, 0x00, 0x00, 0x00, 0x00, 0x00, 0x00, 0x00, 0x00, 0x00,
    0x00, 0x00, 0x00, 0x00, 0x00, 0x00, 0x00, 0x00, 0x00, 0x00, 0x00, 0x00, 0x00, 0x00, 0x00, 0x00,
    0x00, 0x00, 0x00, 0x00, 0x00, 0x00, 0x00, 0x00, 0x00, 0x00, 0x00, 0x00, 0x00, 0x00, 0x00, 0x00,
    0x00, 0x00, 0x00, 0x00, 0x00, 0x00, 0x00, 0x00, 0x00, 0x00, 0x00, 0x00, 0xa4, 0x78, 0xc4, 0xb8,
    0xc4, 0xa8, 0xc4, 0xa8, 0x82, 0x50, 0xa4, 0x68, 0xe4, 0x58, 0xa2, 0x18, 0xa3, 0x18, 0xa3, 0x18,
    0xa3, 0x18, 0xa2, 0x10, 0xa2, 0x40, 0xc5, 0xa8, 0xa3, 0xa0, 0x83, 0x90, 0xa3, 0xa8, 0xa3, 0xa8,
    0xa3, 0x98, 0xc4, 0xa8, 0xc5, 0xa0, 0x62, 0x40, 0x62, 0x20, 0x83, 0x28, 0x83, 0x28, 0x82, 0x20,
    0x62, 0x30, 0xc4, 0x98, 0xa3, 0xc0, 0xa3, 0xb8, 0xa4, 0xb8, 0xa4, 0xc0, 0xa4, 0xc0, 0xa4, 0xc0,
    0x84, 0xc0, 0x84, 0xc0, 0xa4, 0xc0, 0x22, 0xb8, 0xd0, 0xd3, 0xb6, 0xb5, 0x00, 0x00, 0xc3, 0x18,
    0x86, 0x31, 0xc3, 0x18, 0x00, 0x00, 0x21, 0x00, 0x21, 0x00, 0x21, 0x00, 0x21, 0x00, 0x21, 0x00,
    0x21, 0x00, 0x21, 0x00, 0x21, 0x00, 0x21, 0x00, 0x21, 0x00, 0x21, 0x00, 0x21, 0x00, 0x21, 0x00,
    0x21, 0x00, 0x21, 0x00, 0x21, 0x00, 0x21, 0x00, 0x21, 0x00, 0x01, 0x00, 0x00, 0x00, 0x00, 0x08,
    0x63, 0x80, 0x64, 0xe0, 0x63, 0x98, 0x00, 0x08, 0x21, 0x00, 0x21, 0x00, 0x21, 0x00, 0x21, 0x00,
    0x21, 0x00, 0x00, 0x08, 0x62, 0x30, 0x41, 0x10, 0x21, 0x00, 0x21, 0x00, 0x21, 0x00, 0x21, 0x00,
    0x21, 0x00, 0x21, 0x00, 0x21, 0x00, 0x21, 0x00, 0x21, 0x00, 0x21, 0x00, 0x21, 0x00, 0x21, 0x00,
    0x21, 0x00, 0x21, 0x00, 0x21, 0x00, 0x00, 0x00, 0x41, 0x20, 0x61, 0x28, 0x21, 0x00, 0x21, 0x00,
    0x21, 0x00, 0x21, 0x00, 0x21, 0x00, 0x21, 0x00, 0x00, 0x10, 0x63, 0x98, 0x63, 0xe0, 0x62, 0x88,
    0x00, 0x08, 0x21, 0x00, 0x21, 0x00, 0x21, 0x00, 0x21, 0x00, 0x21, 0x00, 0x21, 0x00, 0x21, 0x00,
    0x21, 0x00, 0x21, 0x00, 0x21, 0x00, 0x21, 0x00, 0x21, 0x00, 0x21, 0x00, 0x21, 0x00, 0x21, 0x00,
    0x21, 0x00, 0x21, 0x00, 0x21, 0x00, 0x00, 0x00, 0xa3, 0x18, 0x66, 0x31, 0x86, 0x31, 0x09, 0x42,
    0x41, 0x08, 0xc8, 0x31, 0xb7, 0xdd, 0xc3, 0xb0, 0xa3, 0xb8, 0xa4, 0xb8, 0xa4, 0xb8, 0x83, 0xb8,
    0xa4, 0xb8, 0xa4, 0xb8, 0xa4, 0xb8, 0xa4, 0xb8, 0xa4, 0xb0, 0xc4, 0xb0, 0x82, 0x50, 0x82, 0x28,
    0x83, 0x28, 0x83, 0x28, 0x82, 0x28, 0x62, 0x28, 0x83, 0x70, 0xa4, 0xb0, 0xa3, 0xb0, 0xa3, 0xb0,
    0x83, 0xb0, 0xa3, 0xb0, 0xa3, 0xb0, 0xa3, 0xb0, 0xc4, 0x98, 0xa2, 0x28, 0xa3, 0x18, 0xa3, 0x18,
    0xa3, 0x18, 0xa3, 0x10, 0xa3, 0x20, 0xa4, 0x90, 0xa4, 0xb8, 0x84, 0xb8, 0x84, 0xb8, 0x84, 0xc0,
    0xa4, 0xb0, 0x41, 0x28, 0x00, 0x00, 0x00, 0x00, 0x00, 0x00, 0x00, 0x00, 0x00, 0x00, 0x00, 0x00,
    0x00, 0x00, 0x00, 0x00, 0x00, 0x00, 0x00, 0x00, 0x00, 0x00, 0x00, 0x00, 0x00, 0x00, 0x00, 0x00,
    0x00, 0x00, 0x00, 0x00, 0x00, 0x00, 0x00, 0x00, 0x00, 0x00, 0x00, 0x00, 0x00, 0x00, 0x00, 0x00,
    0x00, 0x00, 0x00, 0x00, 0x00, 0x00, 0x00, 0x00, 0x00, 0x00, 0x20, 0x10, 0xc4, 0x98, 0xc4, 0xb8,
    0xc4, 0xb8, 0xc4, 0xb0, 0x41, 0x50, 0xa3, 0x60, 0xa3, 0x38, 0xa3, 0x18, 0xa3, 0x18, 0xa3, 0x18,
    0xa3, 0x18, 0xa2, 0x10, 0xa3, 0x70, 0xa4, 0xc0, 0x83, 0xc0, 0xa4, 0xc0, 0xa4, 0xb0, 0xa4, 0xa8,
    0xc4, 0xb0, 0xa3, 0x98, 0x84, 0x78, 0x62, 0x28, 0x83, 0x20, 0x62, 0x28, 0x82, 0x28, 0x62, 0x20,
    0x82, 0x50, 0xc5, 0xb8, 0x83, 0xb8, 0xa3, 0xb8, 0xa4, 0xb8, 0xa4, 0xb8, 0xa4, 0xc0, 0xa4, 0xc0,
    0xa4, 0xc0, 0xa4, 0xc0, 0x83, 0xc0, 0xc4, 0xb0, 0x39, 0xe6, 0x49, 0x4a, 0x00, 0x00, 0x86, 0x31,
    0x25, 0x21, 0x21, 0x00, 0x21, 0x00, 0x21, 0x00, 0x21, 0x00, 0x21, 0x00, 0x21, 0x00, 0x21, 0x00,
    0x21, 0x00, 0x21, 0x00, 0x21, 0x00, 0x21, 0x00, 0x21, 0x00, 0x21, 0x00, 0x21, 0x00, 0x21, 0x00,
    0x21, 0x00, 0x21, 0x00, 0x21, 0x00, 0x21, 0x00, 0x21, 0x00, 0x21, 0x00, 0x21, 0x00, 0x00, 0x00,
    0x22, 0x50, 0x64, 0xd8, 0x84, 0xc0, 0x41, 0x40, 0x01, 0x00, 0x21, 0x00, 0x21, 0x00, 0x21, 0x00,
    0x00, 0x00, 0x41, 0x38, 0x05, 0xb9, 0x42, 0x40, 0x00, 0x00, 0x21, 0x08, 0x21, 0x00, 0x21, 0x00,
    0x21, 0x00, 0x21, 0x00, 0x21, 0x00, 0x21, 0x00, 0x21, 0x00, 0x21, 0x00, 0x21, 0x00, 0x21, 0x00,
    0x21, 0x00, 0x21, 0x00, 0x21, 0x00, 0x00, 0x00, 0x82, 0x58, 0xe5, 0xb0, 0x21, 0x20, 0x21, 0x00,
    0x21, 0x08, 0x21, 0x00, 0x21, 0x08, 0x00, 0x00, 0x62, 0x50, 0xa3, 0xc8, 0x64, 0xd0, 0x42, 0x48,
    0x00, 0x00, 0x21, 0x00, 0x21, 0x00, 0x21, 0x00, 0x20, 0x00, 0x21, 0x00, 0x21, 0x00, 0x21, 0x00,
    0x21, 0x00, 0x21, 0x00, 0x21, 0x00, 0x21, 0x00, 0x21, 0x00, 0x21, 0x00, 0x21, 0x00, 0x21, 0x00,
    0x21, 0x00, 0x21, 0x00, 0x21, 0x00, 0x21, 0x00, 0x00, 0x00, 0x04, 0x21, 0x66, 0x31, 0xe8, 0x39,
    0x45, 0x29, 0x00, 0x00, 0x35, 0xad, 0xec, 0xc2, 0x62, 0xb0, 0xa4, 0xb8, 0xa4, 0xb8, 0xa3, 0xb8,
    0x83, 0xb8, 0x83, 0xb8, 0xa4, 0xb8, 0xa4, 0xb8, 0x83, 0xa8, 0xa3, 0xb0, 0xa3, 0x80, 0x62, 0x28,
    0x82, 0x28, 0x82, 0x28, 0x82, 0x28, 0x82, 0x28, 0x62, 0x48, 0xc4, 0xa0, 0xa4, 0xb0, 0x83, 0xb0,
    0x83, 0xb0, 0xa3, 0xb0, 0xa3, 0xb0, 0xa3, 0xb0, 0xa4, 0xa8, 0x83, 0x48, 0xa2, 0x10, 0xa3, 0x18,
    0xa3, 0x18, 0xa3, 0x18, 0x82, 0x18, 0xa4, 0x70, 0xa4, 0xc0, 0xa4, 0xb8, 0xa4, 0xb8, 0x84, 0xb8,
    0xe4, 0xc0, 0x82, 0x50, 0x00, 0x00, 0x00, 0x00, 0x00, 0x00, 0x00, 0x00, 0x00, 0x00, 0x00, 0x00,
    0x00, 0x00, 0x00, 0x00, 0x00, 0x00, 0x00, 0x00, 0x00, 0x00, 0x00, 0x00, 0x00, 0x00, 0x00, 0x00,
    0x00, 0x00, 0x00, 0x00, 0x00, 0x00, 0x00, 0x00, 0x00, 0x00, 0x00, 0x00, 0x00, 0x00, 0x00, 0x00,
    0x00, 0x00, 0x00, 0x00, 0x00, 0x00, 0x00, 0x00, 0x00, 0x00, 0x41, 0x38, 0xc5, 0xb8, 0xa4, 0xb8,
    0xa4, 0xb8, 0xc5, 0xb0, 0x82, 0x60, 0xa3, 0x68, 0x83, 0x28, 0xa3, 0x10, 0xa3, 0x18, 0xa3, 0x18,
    0xa3, 0x18, 0x82, 0x20, 0xa4, 0x90, 0xa4, 0xc0, 0xa3, 0xb8, 0xa4, 0xb8, 0xa4, 0xb8, 0xa4, 0xb8,
    0xa3, 0xb0, 0xe5, 0xb0, 0x83, 0x60, 0x62, 0x20, 0x83, 0x28, 0x82, 0x28, 0x82, 0x28, 0x62, 0x28,
    0xa3, 0x80, 0xa4, 0xb8, 0xa3, 0xb8, 0xa4, 0xb8, 0xa4, 0xb8, 0xa4, 0xb8, 0xa4, 0xc0, 0xa4, 0xc0,
    0xa4, 0xc0, 0xc4, 0xc0, 0x42, 0xb8, 0x2d, 0xd3, 0x96, 0xb5, 0x00, 0x00, 0xe4, 0x20, 0x66, 0x29,
    0x41, 0x08, 0x01, 0x00, 0x21, 0x00, 0x21, 0x00, 0x21, 0x00, 0x21, 0x00, 0x21, 0x00, 0x21, 0x00,
    0x21, 0x00, 0x21, 0x00, 0x21, 0x00, 0x21, 0x00, 0x21, 0x00, 0x21, 0x00, 0x21, 0x00, 0x21, 0x00,
    0x21, 0x00, 0x21, 0x00, 0x21, 0x00, 0x21, 0x00, 0x21, 0x00, 0x21, 0x00, 0x21, 0x00, 0x01, 0x00,
    0x21, 0x20, 0x84, 0xb8, 0x63, 0xd8, 0xa3, 0xa0, 0x21, 0x20, 0x01, 0x00, 0x21, 0x00, 0x21, 0x00,
    0x00, 0x00, 0x62, 0x58, 0xc4, 0xe0, 0x62, 0x70, 0x00, 0x00, 0x21, 0x00, 0x21, 0x00, 0x21, 0x00,
    0x21, 0x00, 0x21, 0x00, 0x21, 0x00, 0x21, 0x00, 0x21, 0x00, 0x21, 0x00, 0x21, 0x00, 0x21, 0x00,
    0x21, 0x00, 0x21, 0x00, 0x21, 0x00, 0x00, 0x00, 0x82, 0x80, 0xc4, 0xd0, 0x21, 0x30, 0x01, 0x00,
    0x21, 0x08, 0x21, 0x08, 0x01, 0x00, 0x20, 0x18, 0xa4, 0xa0, 0x63, 0xd8, 0x84, 0xb8, 0x21, 0x28,
    0x01, 0x00, 0x21, 0x00, 0x21, 0x00, 0x20, 0x00, 0x20, 0x00, 0x21, 0x00, 0x21, 0x00, 0x21, 0x00,
    0x21, 0x00, 0x21, 0x00, 0x21, 0x00, 0x21, 0x00, 0x21, 0x00, 0x21, 0x00, 0x21, 0x00, 0x21, 0x00,
    0x21, 0x00, 0x21, 0x00, 0x21, 0x00, 0x21, 0x00, 0x21, 0x00, 0x01, 0x00, 0x46, 0x29, 0x86, 0x31,
    0xe8, 0x39, 0x20, 0x00, 0x49, 0x42, 0x55, 0xdd, 0x83, 0xa8, 0xa4, 0xb8, 0xa4, 0xb8, 0xa4, 0xb8,
    0x83, 0xb8, 0x84, 0xb8, 0xa3, 0xb8, 0xa4, 0xb8, 0xa4, 0xb8, 0xa4, 0xb0, 0xa4, 0xa0, 0x82, 0x40,
    0x82, 0x28, 0x83, 0x30, 0x62, 0x28, 0x83, 0x28, 0x62, 0x30, 0xa4, 0x90, 0xa4, 0xb0, 0x83, 0xa8,
    0x63, 0xa8, 0xa3, 0xb0, 0x83, 0xb0, 0x83, 0xa8, 0xa3, 0xb0, 0xa3, 0x78, 0x82, 0x18, 0xa3, 0x18,
    0xa3, 0x18, 0xa3, 0x18, 0x82, 0x10, 0x83, 0x48, 0xa4, 0xb8, 0xa3, 0xb0, 0xa4, 0xb0, 0xa4, 0xb8,
    0xa3, 0xb8, 0xe4, 0x88, 0x00, 0x00, 0x00, 0x00, 0x00, 0x00, 0x00, 0x00, 0x00, 0x00, 0x00, 0x00,
    0x00, 0x00, 0x00, 0x00, 0x00, 0x00, 0x00, 0x00, 0x00, 0x00, 0x00, 0x00, 0x00, 0x00, 0x00, 0x00,
    0x00, 0x00, 0x00, 0x00, 0x00, 0x00, 0x00, 0x00, 0x00, 0x00, 0x00, 0x00, 0x00, 0x00, 0x00, 0x00,
    0x00, 0x00, 0x00, 0x00, 0x00, 0x00, 0x00, 0x00, 0x00, 0x00, 0x83, 0x60, 0xc5, 0xc0, 0x84, 0xb8,
    0xa4, 0xc0, 0xa4, 0xa8, 0x62, 0x60, 0xa3, 0x58, 0x82, 0x18, 0xa3, 0x18, 0xa3, 0x18, 0xa3, 0x18,
    0xa3, 0x10, 0x83, 0x40, 0xc4, 0xa8, 0x84, 0xb8, 0x84, 0xb8, 0xa4, 0xb8, 0xa4, 0xb8, 0xa4, 0xb8,
    0xa3, 0xb0, 0xa4, 0x98, 0x62, 0x40, 0x82, 0x28, 0x82, 0x28, 0x82, 0x28, 0x82, 0x28, 0x83, 0x38,
    0xc4, 0xa8, 0xa3, 0xb8, 0xa4, 0xb8, 0xa4, 0xb8, 0x84, 0xb8, 0xa4, 0xb8, 0xa4, 0xc0, 0xa4, 0xc0,
    0xa4, 0xc0, 0xa4, 0xc0, 0xa3, 0xb0, 0xf7, 0xe5, 0x69, 0x4a, 0x20, 0x00, 0x86, 0x31, 0x83, 0x10,
    0x00, 0x00, 0x21, 0x00, 0x21, 0x00, 0x21, 0x00, 0x21, 0x00, 0x21, 0x00, 0x21, 0x00, 0x21, 0x00,
    0x21, 0x00, 0x21, 0x00, 0x21, 0x00, 0x21, 0x00, 0x21, 0x00, 0x21, 0x00, 0x21, 0x00, 0x21, 0x00,
    0x21, 0x00, 0x21, 0x00, 0x21, 0x00, 0x21, 0x00, 0x21, 0x00, 0x21, 0x00, 0x21, 0x00, 0x21, 0x00,
    0x20, 0x08, 0x84, 0x90, 0x63, 0xd0, 0x83, 0xd0, 0xa4, 0x98, 0x21, 0x18, 0x01, 0x00, 0x21, 0x08,
    0x00, 0x00, 0x41, 0x40, 0xc4, 0xd8, 0x83, 0xa0, 0x21, 0x08, 0x21, 0x00, 0x21, 0x00, 0x21, 0x00,
    0x21, 0x00, 0x21, 0x00, 0x21, 0x00, 0x21, 0x00, 0x21, 0x00, 0x21, 0x00, 0x21, 0x00, 0x21, 0x00,
    0x21, 0x00, 0x21, 0x00, 0x21, 0x00, 0x20, 0x10, 0xa3, 0xa8, 0xa4, 0xc8, 0x21, 0x28, 0x01, 0x00,
    0x21, 0x08, 0x21, 0x00, 0x20, 0x18, 0xa3, 0x98, 0x84, 0xd0, 0x63, 0xd8, 0x83, 0xa0, 0x00, 0x08,
    0x01, 0x00, 0x21, 0x00, 0x21, 0x00, 0x20, 0x00, 0x21, 0x00, 0x21, 0x00, 0x21, 0x00, 0x21, 0x00,
    0x21, 0x00, 0x21, 0x00, 0x21, 0x00, 0x21, 0x00, 0x21, 0x00, 0x21, 0x00, 0x21, 0x00, 0x21, 0x00,
    0x21, 0x00, 0x21, 0x00, 0x21, 0x00, 0x21, 0x00, 0x21, 0x00, 0x00, 0x00, 0x42, 0x08, 0x86, 0x31,
    0xa7, 0x39, 0x04, 0x21, 0x21, 0x00, 0x95, 0xbd, 0x49, 0xc2, 0x62, 0xb8, 0xa3, 0xb8, 0xa3, 0xb8,
    0x84, 0xb8, 0x84, 0xb8, 0xa3, 0xb8, 0xa4, 0xb8, 0x84, 0xb8, 0xa3, 0xb0, 0xa4, 0xb0, 0x83, 0x68,
    0x82, 0x28, 0x83, 0x30, 0x83, 0x30, 0x83, 0x30, 0x62, 0x28, 0x83, 0x70, 0xa4, 0xb0, 0xa3, 0xa8,
    0x83, 0xa8, 0xa4, 0xb0, 0x83, 0xa8, 0xa3, 0xa0, 0xa3, 0xb0, 0xa4, 0x90, 0x82, 0x28, 0xa3, 0x10,
    0xa3, 0x18, 0xa3, 0x18, 0xa3, 0x10, 0x82, 0x28, 0xc4, 0xa0, 0xc4, 0xb8, 0xa3, 0xb0, 0xa4, 0xb8,
    0x83, 0xa0, 0xe5, 0xa8, 0x41, 0x28, 0x00, 0x00, 0x00, 0x00, 0x00, 0x00, 0x00, 0x00, 0x00, 0x00,
    0x00, 0x00, 0x00, 0x00, 0x00, 0x00, 0x00, 0x00, 0x00, 0x00, 0x00, 0x00, 0x00, 0x00, 0x00, 0x00,
    0x00, 0x00, 0x00, 0x00, 0x00, 0x00, 0x00, 0x00, 0x00, 0x00, 0x00, 0x00, 0x00, 0x00, 0x00, 0x00,
    0x00, 0x00, 0x00, 0x00, 0x00, 0x00, 0x00, 0x00, 0x00, 0x00, 0xc3, 0x88, 0xc4, 0xc0, 0xa4, 0xb8,
    0xa4, 0xc0, 0xa4, 0xa8, 0x62, 0x68, 0xa3, 0x48, 0x82, 0x10, 0xa3, 0x18, 0xa3, 0x18, 0xa3, 0x18,
    0x82, 0x10, 0xa2, 0x58, 0xa4, 0xb8, 0x84, 0xb8, 0xa4, 0xb8, 0xa4, 0xb8, 0xa3, 0xb8, 0xa3, 0xb8,
    0xc4, 0xc0, 0xa4, 0x90, 0x42, 0x30, 0x83, 0x28, 0x83, 0x28, 0x83, 0x28, 0x82, 0x28, 0x83, 0x60,
    0xc4, 0xb8, 0xa3, 0xb8, 0xa4, 0xb8, 0x84, 0xb8, 0x84, 0xc0, 0xa4, 0xc0, 0xa4, 0xc0, 0xa4, 0xc0,
    0xa4, 0xc0, 0x42, 0xb8, 0x2c, 0xcb, 0xd7, 0xc5, 0x20, 0x00, 0x25, 0x21, 0x04, 0x21, 0x00, 0x00,
    0x21, 0x00, 0x21, 0x00, 0x21, 0x00, 0x21, 0x00, 0x21, 0x00, 0x21, 0x00, 0x21, 0x00, 0x21, 0x00,
    0x21, 0x00, 0x21, 0x00, 0x21, 0x00, 0x21, 0x00, 0x21, 0x00, 0x21, 0x00, 0x21, 0x00, 0x21, 0x00,
    0x21, 0x00, 0x21, 0x00, 0x21, 0x00, 0x21, 0x00, 0x21, 0x00, 0x21, 0x00, 0x21, 0x00, 0x21, 0x08,
    0x00, 0x00, 0x83, 0x68, 0xa4, 0xd0, 0x63, 0xd0, 0x84, 0xd0, 0x83, 0x88, 0x00, 0x10, 0x01, 0x08,
    0x01, 0x00, 0x21, 0x28, 0xc4, 0xc8, 0xc3, 0xb8, 0x21, 0x20, 0x21, 0x00, 0x21, 0x00, 0x21, 0x00,
    0x21, 0x00, 0x21, 0x00, 0x21, 0x00, 0x21, 0x00, 0x21, 0x00, 0x21, 0x00, 0x21, 0x00, 0x21, 0x00,
    0x21, 0x00, 0x21, 0x00, 0x00, 0x00, 0x41, 0x30, 0xa4, 0xc8, 0xa4, 0xb0, 0x21, 0x10, 0x21, 0x00,
    0x21, 0x00, 0x20, 0x18, 0x83, 0x90, 0x84, 0xd0, 0x63, 0xd0, 0x63, 0xd8, 0x62, 0x70, 0x00, 0x00,
    0x21, 0x00, 0x21, 0x00, 0x21, 0x00, 0x21, 0x00, 0x21, 0x00, 0x21, 0x00, 0x21, 0x00, 0x21, 0x00,
    0x21, 0x00, 0x21, 0x00, 0x21, 0x00, 0x21, 0x00, 0x21, 0x00, 0x21, 0x00, 0x21, 0x00, 0x21, 0x00,
    0x21, 0x00, 0x21, 0x00, 0x21, 0x00, 0x21, 0x00, 0x21, 0x00, 0x21, 0x00, 0x00, 0x00, 0xa3, 0x10,
    0xa7, 0x39, 0x86, 0x31, 0x00, 0x00, 0x0c, 0x5b, 0xd3, 0xdc, 0x42, 0xb0, 0xa3, 0xb8, 0xa3, 0xb8,
    0x84, 0xb8, 0x84, 0xb8, 0x84, 0xb8, 0xa4, 0xb8, 0xa4, 0xb8, 0xa3, 0xb0, 0xa4, 0xb0, 0xc3, 0x88,
    0x82, 0x38, 0x83, 0x30, 0x83, 0x30, 0x83, 0x30, 0x82, 0x28, 0x82, 0x50, 0xc4, 0xa8, 0xa3, 0xa8,
    0xa4, 0xb0, 0xa4, 0xa8, 0x83, 0xa0, 0x83, 0xa0, 0x83, 0xa8, 0xa3, 0x88, 0x82, 0x30, 0xa3, 0x10,
    0xa3, 0x18, 0xa3, 0x18, 0xa3, 0x18, 0x82, 0x18, 0xa4, 0x78, 0xc4, 0xb8, 0xa4, 0xb0, 0xc4, 0xa0,
    0xc4, 0xa8, 0xc5, 0xb8, 0x62, 0x48, 0x00, 0x00, 0x00, 0x00, 0x00, 0x00, 0x00, 0x00, 0x00, 0x00,
    0x00, 0x00, 0x00, 0x00, 0x00, 0x00, 0x00, 0x00, 0x00, 0x00, 0x00, 0x00, 0x00, 0x00, 0x00, 0x00,
    0x00, 0x00, 0x00, 0x00, 0x00, 0x00, 0x00, 0x00, 0x00, 0x00, 0x00, 0x00, 0x00, 0x00, 0x00, 0x00,
    0x00, 0x00, 0x00, 0x00, 0x00, 0x00, 0x00, 0x00, 0x20, 0x10, 0xc4, 0x90, 0x63, 0xb0, 0x84, 0xb8,
    0xa4, 0xc0, 0xa4, 0xa0, 0xa3, 0x68, 0xa3, 0x38, 0x83, 0x10, 0xa3, 0x18, 0xa3, 0x18, 0xa3, 0x18,
    0x82, 0x18, 0xa3, 0x80, 0xa4, 0xc0, 0x84, 0xb8, 0xa4, 0xb8, 0xa4, 0xb8, 0x83, 0xb8, 0x83, 0xb8,
    0xc4, 0xb8, 0x84, 0x80, 0x42, 0x28, 0x83, 0x28, 0x83, 0x28, 0x83, 0x28, 0x62, 0x30, 0xa4, 0x88,
    0xa4, 0xc0, 0xa3, 0xb8, 0xa4, 0xb8, 0xa4, 0xb8, 0xa4, 0xb8, 0x84, 0xc0, 0xa4, 0xc0, 0xa4, 0xc0,
    0xa4, 0xc0, 0x83, 0xb0, 0xd6, 0xe5, 0xcb, 0x52, 0x41, 0x08, 0x66, 0x31, 0x21, 0x08, 0x01, 0x00,
    0x21, 0x00, 0x21, 0x00, 0x21, 0x00, 0x21, 0x00, 0x21, 0x00, 0x21, 0x00, 0x21, 0x00, 0x21, 0x00,
    0x21, 0x00, 0x21, 0x00, 0x21, 0x00, 0x21, 0x00, 0x21, 0x00, 0x21, 0x00, 0x21, 0x00, 0x21, 0x00,
    0x21, 0x00, 0x21, 0x00, 0x21, 0x00, 0x21, 0x00, 0x21, 0x00, 0x21, 0x00, 0x21, 0x00, 0x21, 0x08,
    0x01, 0x00, 0x41, 0x28, 0xc4, 0xb0, 0x64, 0xd0, 0x63, 0xc8, 0x84, 0xd0, 0x83, 0x80, 0x20, 0x08,
    0x21, 0x00, 0x20, 0x18, 0x83, 0xb0, 0xa4, 0xd8, 0x41, 0x38, 0x20, 0x00, 0x21, 0x00, 0x21, 0x00,
    0x21, 0x00, 0x21, 0x00, 0x21, 0x00, 0x21, 0x00, 0x21, 0x00, 0x21, 0x00, 0x21, 0x00, 0x21, 0x00,
    0x21, 0x00, 0x21, 0x00, 0x00, 0x00, 0x42, 0x48, 0x84, 0xe0, 0x83, 0x90, 0x00, 0x08, 0x21, 0x00,
    0x00, 0x10, 0x83, 0x88, 0x84, 0xd0, 0x63, 0xc8, 0x83, 0xd0, 0x84, 0xb0, 0x21, 0x20, 0x00, 0x00,
    0x21, 0x00, 0x21, 0x00, 0x21, 0x00, 0x21, 0x00, 0x21, 0x00, 0x21, 0x00, 0x21, 0x00, 0x21, 0x00,
    0x21, 0x00, 0x21, 0x00, 0x21, 0x00, 0x21, 0x00, 0x21, 0x00, 0x21, 0x00, 0x21, 0x00, 0x21, 0x00,
    0x21, 0x00, 0x21, 0x00, 0x21, 0x00, 0x21, 0x00, 0x21, 0x00, 0x21, 0x00, 0x21, 0x00, 0x00, 0x00,
    0x25, 0x21, 0xc7, 0x39, 0x62, 0x10, 0x82, 0x08, 0xd7, 0xcd, 0x67, 0xb9, 0x63, 0xb8, 0xa4, 0xb8,
    0xa4, 0xb8, 0x84, 0xb8, 0x84, 0xb8, 0xa4, 0xb8, 0xa4, 0xb8, 0xa4, 0xb0, 0x83, 0xb0, 0xc4, 0xa0,
    0x82, 0x48, 0x82, 0x30, 0x83, 0x30, 0x83, 0x30, 0x82, 0x28, 0x62, 0x38, 0xc4, 0x98, 0xc4, 0xb0,
    0xc4, 0xa8, 0x83, 0xa8, 0x83, 0xa0, 0xa4, 0xa8, 0x83, 0xa8, 0xa3, 0x98, 0xa3, 0x58, 0x82, 0x10,
    0xa3, 0x18, 0xa3, 0x18, 0xa3, 0x18, 0x83, 0x10, 0x63, 0x48, 0xc4, 0xa0, 0xa4, 0xa8, 0x42, 0x68,
    0x83, 0x90, 0xa4, 0xb8, 0x63, 0x60, 0x00, 0x00, 0x00, 0x00, 0x00, 0x00, 0x00, 0x00, 0x00, 0x00,
    0x00, 0x00, 0x00, 0x00, 0x00, 0x00, 0x00, 0x00, 0x00, 0x00, 0x00, 0x00, 0x00, 0x00, 0x00, 0x00,
    0x00, 0x00, 0x00, 0x00, 0x00, 0x00, 0x00, 0x00, 0x00, 0x00, 0x00, 0x00, 0x00, 0x00, 0x00, 0x00,
    0x00, 0x00, 0x00, 0x00, 0x00, 0x00, 0x00, 0x00, 0x00, 0x10, 0xa3, 0x88, 0xa4, 0xb8, 0xa5, 0xc0,
    0xa4, 0xc0, 0xa3, 0xa0, 0xa3, 0x68, 0xa2, 0x28, 0xa3, 0x10, 0xa3, 0x18, 0xa3, 0x18, 0xa3, 0x10,
    0x82, 0x28, 0xc4, 0xa0, 0x84, 0xb8, 0xa4, 0xb8, 0xa4, 0xb8, 0xa3, 0xb8, 0x83, 0xb8, 0xa4, 0xb8,
    0xc4, 0xb8, 0x83, 0x58, 0x63, 0x28, 0x83, 0x30, 0x83, 0x28, 0x83, 0x28, 0x62, 0x40, 0xc5, 0xa8,
    0xa4, 0xc0, 0xa4, 0xb8, 0xa4, 0xb8, 0xa3, 0xb8, 0xa4, 0xc0, 0xa4, 0xc0, 0xa4, 0xc0, 0xa4, 0xc0,
    0x62, 0xb8, 0x09, 0xca, 0xd6, 0xc5, 0x82, 0x08, 0x25, 0x29, 0x83, 0x18, 0x00, 0x00, 0x21, 0x00,
    0x21, 0x00, 0x21, 0x00, 0x21, 0x00, 0x21, 0x00, 0x21, 0x00, 0x21, 0x00, 0x21, 0x00, 0x21, 0x00,
    0x21, 0x00, 0x21, 0x00, 0x21, 0x00, 0x21, 0x00, 0x21, 0x00, 0x21, 0x00, 0x21, 0x00, 0x21, 0x00,
    0x21, 0x00, 0x21, 0x00, 0x21, 0x00, 0x21, 0x00, 0x21, 0x00, 0x21, 0x00, 0x21, 0x00, 0x21, 0x00,
    0x21, 0x00, 0x00, 0x00, 0x41, 0x40, 0x84, 0xc0, 0x63, 0xd0, 0x63, 0xc8, 0x84, 0xd0, 0x82, 0x78,
    0x20, 0x08, 0x00, 0x08, 0xa3, 0x90, 0xc4, 0xe0, 0x62, 0x58, 0x00, 0x00, 0x21, 0x08, 0x21, 0x00,
    0x21, 0x00, 0x21, 0x00, 0x21, 0x00, 0x21, 0x00, 0x21, 0x00, 0x21, 0x00, 0x21, 0x00, 0x21, 0x00,
    0x21, 0x00, 0x21, 0x00, 0x00, 0x00, 0x62, 0x70, 0xa4, 0xe0, 0x62, 0x70, 0x00, 0x00, 0x00, 0x08,
    0x83, 0x78, 0xa4, 0xd0, 0x63, 0xd0, 0x63, 0xd0, 0xa4, 0xc0, 0x41, 0x40, 0x00, 0x00, 0x01, 0x00,
    0x21, 0x00, 0x21, 0x00, 0x21, 0x00, 0x21, 0x00, 0x21, 0x00, 0x21, 0x00, 0x21, 0x00, 0x21, 0x00,
    0x21, 0x00, 0x21, 0x00, 0x21, 0x00, 0x21, 0x00, 0x21, 0x00, 0x21, 0x00, 0x21, 0x00, 0x21, 0x00,
    0x21, 0x00, 0x21, 0x00, 0x21, 0x00, 0x21, 0x00, 0x21, 0x00, 0x21, 0x00, 0x21, 0x00, 0x01, 0x00,
    0x41, 0x08, 0x86, 0x31, 0x25, 0x21, 0x00, 0x00, 0x30, 0x84, 0xef, 0xd3, 0x22, 0xb0, 0xa4, 0xb8,
    0xa4, 0xb8, 0x84, 0xb8, 0x84, 0xb8, 0xa4, 0xb8, 0xa4, 0xb8, 0xa4, 0xb8, 0x83, 0xb0, 0xa4, 0xb0,
    0x83, 0x60, 0x62, 0x28, 0x83, 0x30, 0x62, 0x30, 0x83, 0x30, 0x62, 0x30, 0xa3, 0x80, 0xa4, 0xb0,
    0x83, 0xa8, 0x83, 0xa8, 0x83, 0xa8, 0xa4, 0xa8, 0xa4, 0xa0, 0x83, 0x98, 0xa3, 0x78, 0x82, 0x18,
    0xa3, 0x10, 0xa3, 0x18, 0xa3, 0x18, 0xa3, 0x10, 0x82, 0x30, 0xa4, 0x80, 0x83, 0x78, 0xa2, 0x78,
    0xe5, 0xb8, 0xa4, 0xa8, 0x83, 0x78, 0x00, 0x08, 0x00, 0x00, 0x00, 0x00, 0x00, 0x00, 0x00, 0x00,
    0x00, 0x00, 0x00, 0x00, 0x00, 0x00, 0x00, 0x00, 0x00, 0x00, 0x00, 0x00, 0x00, 0x00, 0x00, 0x00,
    0x00, 0x00, 0x00, 0x00, 0x00, 0x00, 0x00, 0x00, 0x00, 0x00, 0x00, 0x00, 0x00, 0x00, 0x00, 0x00,
    0x00, 0x00, 0x00, 0x00, 0x00, 0x00, 0x00, 0x00, 0x41, 0x18, 0xe5, 0xa0, 0xa3, 0xb0, 0xa4, 0xb8,
    0xa4, 0xc0, 0xc4, 0xa0, 0xa3, 0x60, 0xa2, 0x20, 0xa3, 0x10, 0xa3, 0x18, 0xa3, 0x18, 0xa2, 0x10,
    0x82, 0x40, 0xa4, 0xb0, 0x84, 0xc0, 0xa4, 0xb8, 0xa4, 0xb8, 0xa4, 0xb8, 0x84, 0xb8, 0xa4, 0xc0,
    0xa4, 0xa8, 0x62, 0x40, 0x83, 0x28, 0x83, 0x30, 0x83, 0x28, 0x62, 0x28, 0x82, 0x58, 0xc4, 0xb0,
    0x83, 0xc0, 0xa4, 0xb8, 0x83, 0xb8, 0xa4, 0xb8, 0x83, 0xb8, 0xa3, 0xb8, 0xa3, 0xc0, 0xc4, 0xc0,
    0x41, 0xb8, 0x11, 0xdc, 0xaf, 0x73, 0x61, 0x08, 0x04, 0x21, 0x01, 0x00, 0x01, 0x00, 0x21, 0x00,
    0x21, 0x00, 0x21, 0x00, 0x21, 0x00, 0x21, 0x00, 0x21, 0x00, 0x21, 0x00, 0x21, 0x00, 0x21, 0x00,
    0x21, 0x00, 0x21, 0x00, 0x21, 0x00, 0x21, 0x00, 0x21, 0x00, 0x21, 0x00, 0x21, 0x00, 0x21, 0x00,
    0x21, 0x00, 0x21, 0x00, 0x21, 0x00, 0x21, 0x00, 0x21, 0x00, 0x21, 0x00, 0x21, 0x00, 0x21, 0x00,
    0x21, 0x00, 0x21, 0x00, 0x00, 0x00, 0x62, 0x60, 0xa4, 0xd0, 0x43, 0xd0, 0x43, 0xd0, 0x84, 0xc8,
    0x82, 0x70, 0x00, 0x00, 0x62, 0x78, 0xa4, 0xe8, 0x83, 0x80, 0x00, 0x00, 0x21, 0x00, 0x21, 0x00,
    0x21, 0x00, 0x21, 0x00, 0x21, 0x00, 0x21, 0x00, 0x21, 0x00, 0x21, 0x00, 0x21, 0x00, 0x21, 0x00,
    0x21, 0x00, 0x21, 0x00, 0x00, 0x08, 0x83, 0x90, 0xa4, 0xe0, 0x42, 0x50, 0x00, 0x00, 0x82, 0x78,
    0x84, 0xd0, 0x63, 0xd0, 0x63, 0xd0, 0xa4, 0xd0, 0x42, 0x58, 0x00, 0x00, 0x21, 0x00, 0x21, 0x00,
    0x21, 0x00, 0x21, 0x00, 0x21, 0x00, 0x21, 0x00, 0x21, 0x00, 0x21, 0x00, 0x21, 0x00, 0x21, 0x00,
    0x21, 0x00, 0x21, 0x00, 0x21, 0x00, 0x21, 0x00, 0x21, 0x00, 0x21, 0x00, 0x21, 0x00, 0x21, 0x00,
    0x21, 0x00, 0x21, 0x00, 0x21, 0x00, 0x21, 0x00, 0x21, 0x00, 0x21, 0x00, 0x21, 0x00, 0x21, 0x00,
    0x00, 0x00, 0xa3, 0x10, 0xa7, 0x31, 0x00, 0x00, 0x86, 0x29, 0x75, 0xdd, 0xa4, 0xb0, 0x83, 0xc0,
    0xa3, 0xb8, 0xa4, 0xb8, 0x84, 0xb8, 0xa4, 0xb8, 0xa3, 0xb8, 0xa3, 0xb8, 0x83, 0xb8, 0xa4, 0xb8,
    0xc4, 0x80, 0x61, 0x30, 0x83, 0x30, 0x83, 0x30, 0x63, 0x38, 0x82, 0x30, 0xa3, 0x60, 0xa4, 0xa8,
    0x83, 0xa8, 0xa4, 0xb0, 0x83, 0xa0, 0x83, 0x90, 0xa3, 0x98, 0xa4, 0xa0, 0xc3, 0x88, 0xa2, 0x28,
    0xa3, 0x10, 0xa3, 0x18, 0xa3, 0x18, 0xa3, 0x18, 0x82, 0x28, 0xc5, 0x90, 0x82, 0x78, 0xe4, 0x98,
    0x84, 0xb0, 0x84, 0xa8, 0xc4, 0xa0, 0x20, 0x20, 0x00, 0x00, 0x00, 0x00, 0x00, 0x00, 0x00, 0x00,
    0x00, 0x00, 0x00, 0x00, 0x00, 0x00, 0x00, 0x00, 0x00, 0x00, 0x00, 0x00, 0x00, 0x00, 0x00, 0x00,
    0x00, 0x00, 0x00, 0x00, 0x00, 0x00, 0x00, 0x00, 0x00, 0x00, 0x00, 0x00, 0x00, 0x00, 0x00, 0x00,
    0x00, 0x00, 0x00, 0x00, 0x00, 0x00, 0x00, 0x00, 0x62, 0x30, 0xe5, 0xb8, 0x83, 0xb0, 0x83, 0xb0,
    0xc5, 0xc0, 0xa3, 0x90, 0x83, 0x50, 0x83, 0x18, 0xa3, 0x18, 0xa3, 0x18, 0xa3, 0x18, 0xa2, 0x10,
    0xa3, 0x60, 0xa4, 0xc0, 0x83, 0xc0, 0xa4, 0xc0, 0xa4, 0xb8, 0xa4, 0xb8, 0xa4, 0xb8, 0xa4, 0xc0,
    0xa4, 0x90, 0x62, 0x30, 0x83, 0x30, 0x83, 0x30, 0x83, 0x30, 0x62, 0x28, 0xa3, 0x78, 0xc4, 0xb8,
    0xa4, 0xb8, 0x84, 0xc0, 0x84, 0xc0, 0xa4, 0xb8, 0x83, 0xb8, 0xa3, 0xb8, 0xa4, 0xc0, 0xa4, 0xc0,
    0xa3, 0xb8, 0xb3, 0xcc, 0x86, 0x31, 0x04, 0x21, 0x62, 0x10, 0x00, 0x00, 0x21, 0x00, 0x21, 0x00,
    0x21, 0x00, 0x21, 0x00, 0x21, 0x00, 0x21, 0x00, 0x21, 0x00, 0x21, 0x00, 0x21, 0x00, 0x21, 0x00,
    0x21, 0x00, 0x21, 0x00, 0x21, 0x00, 0x21, 0x00, 0x21, 0x00, 0x21, 0x00, 0x21, 0x00, 0x21, 0x00,
    0x21, 0x00, 0x21, 0x00, 0x21, 0x00, 0x21, 0x00, 0x21, 0x00, 0x21, 0x00, 0x21, 0x00, 0x21, 0x00,
    0x21, 0x00, 0x21, 0x00, 0x21, 0x00, 0x00, 0x08, 0x83, 0x78, 0x84, 0xd0, 0x63, 0xc8, 0x63, 0xc8,
    0x84, 0xc8, 0x42, 0x58, 0x62, 0x58, 0xc4, 0xe0, 0xa4, 0xa8, 0x21, 0x10, 0x21, 0x00, 0x21, 0x00,
    0x21, 0x00, 0x21, 0x00, 0x21, 0x00, 0x21, 0x00, 0x21, 0x00, 0x21, 0x00, 0x21, 0x00, 0x21, 0x00,
    0x21, 0x00, 0x21, 0x00, 0x21, 0x18, 0xa4, 0xb8, 0x84, 0xd8, 0x41, 0x38, 0x62, 0x60, 0x84, 0xd8,
    0x63, 0xc8, 0x63, 0xd0, 0xa4, 0xd0, 0x83, 0x78, 0x00, 0x10, 0x21, 0x00, 0x21, 0x00, 0x21, 0x00,
    0x21, 0x00, 0x21, 0x00, 0x21, 0x00, 0x21, 0x00, 0x21, 0x00, 0x21, 0x00, 0x21, 0x00, 0x21, 0x00,
    0x21, 0x00, 0x21, 0x00, 0x21, 0x00, 0x21, 0x00, 0x21, 0x00, 0x21, 0x00, 0x21, 0x00, 0x21, 0x00,
    0x21, 0x00, 0x21, 0x00, 0x21, 0x00, 0x21, 0x00, 0x21, 0x00, 0x21, 0x00, 0x21, 0x00, 0x21, 0x00,
    0x21, 0x00, 0x01, 0x00, 0x66, 0x29, 0x04, 0x21, 0x00, 0x00, 0x34, 0xad, 0x49, 0xba, 0x42, 0xb8,
    0xa4, 0xb8, 0xa4, 0xb8, 0xa4, 0xb8, 0xa4, 0xb8, 0xa3, 0xb8, 0xa4, 0xb8, 0xa3, 0xb8, 0x84, 0xb8,
    0xa4, 0xa0, 0x62, 0x48, 0x82, 0x30, 0x83, 0x38, 0x63, 0x38, 0x63, 0x30, 0xa3, 0x48, 0xc4, 0xa8,
    0xa4, 0xb0, 0xa3, 0xa8, 0xa3, 0xa8, 0x82, 0x90, 0xa3, 0x98, 0x83, 0xa8, 0xa3, 0x90, 0xa2, 0x40,
    0x83, 0x10, 0xa3, 0x18, 0xa3, 0x18, 0xa3, 0x18, 0x82, 0x20, 0xc4, 0x68, 0xa2, 0x80, 0xa4, 0xb0,
    0x83, 0xa0, 0xa3, 0xa8, 0xe5, 0xb8, 0x41, 0x30, 0x00, 0x00, 0x00, 0x00, 0x00, 0x00, 0x00, 0x00,
    0x00, 0x00, 0x00, 0x00, 0x00, 0x00, 0x00, 0x00, 0x00, 0x00, 0x00, 0x00, 0x00, 0x00, 0x00, 0x00,
    0x00, 0x00, 0x00, 0x00, 0x00, 0x00, 0x00, 0x00, 0x00, 0x00, 0x00, 0x00, 0x00, 0x00, 0x00, 0x00,
    0x00, 0x00, 0x00, 0x00, 0x00, 0x00, 0x00, 0x00, 0x42, 0x38, 0x05, 0xb9, 0xa3, 0xb0, 0xa4, 0xb8,
    0xc5, 0xb8, 0x61, 0x60, 0x62, 0x30, 0xa3, 0x18, 0xa3, 0x18, 0xa3, 0x18, 0xa3, 0x18, 0x82, 0x18,
    0xc4, 0x80, 0xa4, 0xc0, 0x83, 0xb8, 0x84, 0xc0, 0xa4, 0xb8, 0xa4, 0xb8, 0xa4, 0xb8, 0xc4, 0xb8,
    0x83, 0x70, 0x62, 0x30, 0x83, 0x30, 0x82, 0x30, 0x82, 0x28, 0x62, 0x30, 0xc4, 0x98, 0xc4, 0xc0,
    0xa4, 0xb8, 0xa4, 0xc0, 0xa4, 0xc0, 0xa4, 0xc0, 0xa4, 0xc0, 0xa4, 0xc0, 0xa4, 0xc0, 0x83, 0xb8,
    0xa7, 0xc1, 0x8e, 0x93, 0xa3, 0x10, 0xe4, 0x20, 0x00, 0x00, 0x21, 0x00, 0x21, 0x00, 0x21, 0x00,
    0x21, 0x00, 0x21, 0x00, 0x21, 0x00, 0x21, 0x00, 0x21, 0x00, 0x21, 0x00, 0x21, 0x00, 0x21, 0x00,
    0x21, 0x00, 0x21, 0x00, 0x21, 0x00, 0x21, 0x00, 0x21, 0x00, 0x21, 0x00, 0x21, 0x00, 0x21, 0x00,
    0x21, 0x00, 0x21, 0x00, 0x21, 0x00, 0x21, 0x00, 0x21, 0x00, 0x21, 0x00, 0x21, 0x00, 0x21, 0x00,
    0x21, 0x00, 0x21, 0x00, 0x21, 0x00, 0x00, 0x00, 0x00, 0x10, 0x84, 0x90, 0x84, 0xd0, 0x63, 0xc8,
    0x63, 0xd0, 0x84, 0xc0, 0x82, 0x80, 0xa3, 0xd0, 0xa4, 0xc8, 0x21, 0x28, 0x00, 0x00, 0x21, 0x00,
    0x21, 0x00, 0x21, 0x00, 0x21, 0x00, 0x21, 0x00, 0x21, 0x00, 0x21, 0x00, 0x21, 0x00, 0x21, 0x00,
    0x21, 0x00, 0x00, 0x00, 0x21, 0x30, 0x85, 0xd0, 0x83, 0xb8, 0x41, 0x68, 0xa4, 0xc8, 0x64, 0xd0,
    0x43, 0xd0, 0x64, 0xd8, 0x84, 0x90, 0x00, 0x18, 0x21, 0x00, 0x21, 0x00, 0x21, 0x00, 0x01, 0x00,
    0x21, 0x00, 0x21, 0x00, 0x21, 0x00, 0x21, 0x00, 0x21, 0x00, 0x21, 0x00, 0x21, 0x00, 0x21, 0x00,
    0x21, 0x00, 0x21, 0x00, 0x21, 0x00, 0x21, 0x00, 0x21, 0x00, 0x21, 0x00, 0x21, 0x00, 0x21, 0x00,
    0x21, 0x00, 0x21, 0x00, 0x21, 0x00, 0x21, 0x00, 0x21, 0x00, 0x21, 0x00, 0x21, 0x00, 0x21, 0x00,
    0x21, 0x00, 0x01, 0x00, 0x82, 0x10, 0x86, 0x31, 0x00, 0x00, 0x4d, 0x6b, 0xef, 0xd3, 0x22, 0xb0,
    0xa4, 0xb8, 0xa4, 0xb8, 0xa4, 0xb8, 0xa3, 0xb8, 0xa4, 0xb8, 0x83, 0xb8, 0x83, 0xb8, 0x84, 0xb8,
    0xa4, 0xb0, 0x83, 0x60, 0x82, 0x30, 0x82, 0x38, 0x62, 0x38, 0x63, 0x30, 0x62, 0x40, 0xa4, 0xa0,
    0x83, 0xa8, 0x63, 0xa0, 0x83, 0xa0, 0x83, 0xa0, 0xa4, 0xb0, 0xa4, 0xa8, 0xc4, 0xa0, 0x82, 0x50,
    0x82, 0x10, 0xa3, 0x18, 0xa3, 0x18, 0xa3, 0x18, 0x83, 0x20, 0xc3, 0x50, 0xc4, 0x90, 0xa4, 0xc0,
    0xc4, 0xb0, 0xc4, 0xb0, 0xc5, 0xb8, 0x62, 0x48, 0x00, 0x00, 0x00, 0x00, 0x00, 0x00, 0x00, 0x00,
    0x00, 0x00, 0x00, 0x00, 0x00, 0x00, 0x00, 0x00, 0x00, 0x00, 0x00, 0x00, 0x00, 0x00, 0x00, 0x00,
    0x00, 0x00, 0x00, 0x00, 0x00, 0x00, 0x00, 0x00, 0x00, 0x00, 0x00, 0x00, 0x00, 0x00, 0x00, 0x00,
    0x00, 0x00, 0x00, 0x00, 0x00, 0x00, 0x00, 0x00, 0x82, 0x38, 0xc3, 0x78, 0xc4, 0xb0, 0xc4, 0xc0,
    0xc4, 0xa8, 0x63, 0x58, 0x83, 0x30, 0xa3, 0x18, 0xa3, 0x18, 0xa3, 0x18, 0xa3, 0x10, 0x82, 0x20,
    0xc4, 0x98, 0xa4, 0xc0, 0x84, 0xb8, 0x84, 0xb8, 0xa4, 0xb8, 0xa4, 0xb8, 0xa4, 0xb8, 0xc4, 0xb0,
    0x83, 0x60, 0x82, 0x28, 0x82, 0x30, 0x82, 0x30, 0x82, 0x28, 0x82, 0x48, 0xc4, 0xb0, 0xa4, 0xc0,
    0xa4, 0xb8, 0xa4, 0xc0, 0xa4, 0xc0, 0xa4, 0xc0, 0xa4, 0xc0, 0xa4, 0xc0, 0xa4, 0xc0, 0x63, 0xb8,
    0x29, 0xca, 0x28, 0x5a, 0xa3, 0x18, 0x82, 0x10, 0x01, 0x00, 0x01, 0x00, 0x21, 0x00, 0x21, 0x00,
    0x21, 0x00, 0x21, 0x00, 0x21, 0x00, 0x21, 0x00, 0x21, 0x00, 0x21, 0x00, 0x21, 0x00, 0x21, 0x00,
    0x21, 0x00, 0x21, 0x00, 0x21, 0x00, 0x21, 0x00, 0x21, 0x00, 0x21, 0x00, 0x21, 0x00, 0x21, 0x00,
    0x21, 0x00, 0x21, 0x00, 0x21, 0x00, 0x21, 0x00, 0x21, 0x00, 0x21, 0x00, 0x21, 0x00, 0x21, 0x00,
    0x21, 0x00, 0x21, 0x00, 0x21, 0x00, 0x21, 0x00, 0x01, 0x00, 0x20, 0x20, 0xa4, 0xa8, 0x63, 0xd0,
    0x63, 0xd0, 0x63, 0xd0, 0x63, 0xc0, 0x63, 0xd0, 0xa4, 0xd8, 0x41, 0x48, 0x00, 0x00, 0x21, 0x00,
    0x21, 0x00, 0x21, 0x00, 0x21, 0x00, 0x21, 0x00, 0x21, 0x00, 0x21, 0x00, 0x21, 0x00, 0x21, 0x00,
    0x01, 0x08, 0x00, 0x00, 0x41, 0x50, 0xa4, 0xd8, 0x63, 0xb8, 0x83, 0xb0, 0x63, 0xd8, 0x43, 0xd0,
    0x63, 0xd8, 0x84, 0xa0, 0x01, 0x20, 0x20, 0x00, 0x21, 0x00, 0x21, 0x00, 0x21, 0x00, 0x21, 0x00,
    0x21, 0x00, 0x21, 0x00, 0x21, 0x00, 0x21, 0x00, 0x21, 0x00, 0x21, 0x00, 0x21, 0x00, 0x21, 0x00,
    0x21, 0x00, 0x21, 0x00, 0x21, 0x00, 0x21, 0x00, 0x21, 0x00, 0x21, 0x00, 0x21, 0x00, 0x21, 0x00,
    0x21, 0x00, 0x21, 0x00, 0x21, 0x00, 0x21, 0x00, 0x21, 0x00, 0x21, 0x00, 0x21, 0x00, 0x21, 0x00,
    0x21, 0x00, 0x21, 0x00, 0x00, 0x00, 0x45, 0x29, 0x82, 0x10, 0x86, 0x29, 0xd3, 0xcc, 0x83, 0xb0,
    0xa3, 0xb8, 0xa3, 0xb8, 0xa3, 0xb8, 0xa3, 0xb8, 0xa4, 0xb8, 0x84, 0xb8, 0xa4, 0xb8, 0xa4, 0xb8,
    0xc4, 0xb8, 0xa3, 0x80, 0x62, 0x38, 0x83, 0x38, 0x82, 0x38, 0x83, 0x38, 0x62, 0x38, 0xa3, 0x88,
    0xa3, 0xa8, 0xa3, 0xa0, 0x63, 0xa0, 0x83, 0xa0, 0xa4, 0xb0, 0xa4, 0xb0, 0xa4, 0xb0, 0x83, 0x68,
    0x82, 0x18, 0xa3, 0x18, 0xa3, 0x18, 0xa3, 0x18, 0xa2, 0x18, 0xa3, 0x40, 0xa3, 0x88, 0xa4, 0xb8,
    0xa4, 0xb0, 0x83, 0xa0, 0x83, 0x90, 0x83, 0x60, 0x00, 0x00, 0x00, 0x00, 0x00, 0x00, 0x00, 0x00,
    0x00, 0x00, 0x00, 0x00, 0x00, 0x00, 0x00, 0x00, 0x00, 0x00, 0x00, 0x00, 0x00, 0x00, 0x00, 0x00,
    0x00, 0x00, 0x00, 0x00, 0x00, 0x00, 0x00, 0x00, 0x00, 0x00, 0x00, 0x00, 0x00, 0x00, 0x00, 0x00,
    0x00, 0x00, 0x00, 0x00, 0x00, 0x00, 0x00, 0x00, 0x05, 0x61, 0xa3, 0x58, 0x83, 0x70, 0xc4, 0x98,
    0xa3, 0x80, 0x83, 0x58, 0x83, 0x30, 0xa3, 0x10, 0xa3, 0x18, 0xa3, 0x18, 0xa3, 0x10, 0x83, 0x30,
    0xa4, 0xa8, 0x84, 0xc0, 0x84, 0xb8, 0x84, 0xb8, 0xa4, 0xb8, 0xa4, 0xb8, 0x84, 0xb8, 0xa4, 0xa8,
    0x62, 0x50, 0x83, 0x28, 0x83, 0x30, 0x83, 0x30, 0x62, 0x30, 0xa3, 0x60, 0xc5, 0xc0, 0xa4, 0xc0,
    0x83, 0xb8, 0xa4, 0xb8, 0xa4, 0xc0, 0xa4, 0xc0, 0xa4, 0xc0, 0xa4, 0xc0, 0xa4, 0xc0, 0x63, 0xb8,
    0x8a, 0xca, 0xa6, 0x41, 0xc3, 0x18, 0x21, 0x08, 0x01, 0x00, 0x01, 0x00, 0x21, 0x00, 0x21, 0x00,
    0x21, 0x00, 0x21, 0x00, 0x21, 0x00, 0x21, 0x00, 0x21, 0x00, 0x21, 0x00, 0x21, 0x00, 0x21, 0x00,
    0x21, 0x00, 0x21, 0x00, 0x21, 0x00, 0x21, 0x00, 0x21, 0x00, 0x21, 0x00, 0x21, 0x00, 0x21, 0x00,
    0x21, 0x00, 0x21, 0x00, 0x21, 0x00, 0x21, 0x00, 0x21, 0x00, 0x21, 0x00, 0x21, 0x00, 0x21, 0x00,
    0x21, 0x00, 0x21, 0x00, 0x21, 0x00, 0x21, 0x00, 0x21, 0x08, 0x00, 0x00, 0x41, 0x38, 0xa5, 0xb8,
    0x63, 0xd0, 0x43, 0xc8, 0x43, 0xd0, 0x43, 0xd8, 0xa4, 0xd8, 0x83, 0x70, 0x00, 0x00, 0x21, 0x00,
    0x21, 0x00, 0x21, 0x00, 0x21, 0x00, 0x21, 0x00, 0x21, 0x00, 0x21, 0x00, 0x21, 0x00, 0x21, 0x00,
    0x01, 0x08, 0x00, 0x00, 0x63, 0x70, 0x84, 0xd8, 0x43, 0xd0, 0x63, 0xd0, 0x63, 0xd0, 0x43, 0xd8,
    0xa4, 0xb8, 0x41, 0x30, 0x20, 0x00, 0x21, 0x08, 0x01, 0x00, 0x01, 0x00, 0x01, 0x00, 0x21, 0x00,
    0x21, 0x00, 0x01, 0x00, 0x21, 0x00, 0x21, 0x00, 0x21, 0x00, 0x21, 0x00, 0x21, 0x00, 0x21, 0x00,
    0x21, 0x00, 0x21, 0x00, 0x21, 0x00, 0x21, 0x00, 0x21, 0x00, 0x21, 0x00, 0x21, 0x00, 0x21, 0x00,
    0x21, 0x00, 0x21, 0x00, 0x21, 0x00, 0x21, 0x00, 0x21, 0x00, 0x21, 0x00, 0x21, 0x00, 0x21, 0x00,
    0x21, 0x00, 0x21, 0x00, 0x00, 0x00, 0xa3, 0x10, 0x45, 0x29, 0x62, 0x08, 0xd4, 0xb4, 0x46, 0xb1,
    0x82, 0xb8, 0xa3, 0xb8, 0xa3, 0xb8, 0xa3, 0xb8, 0xa4, 0xb8, 0x84, 0xb8, 0x83, 0xb8, 0xa4, 0xb8,
    0xa4, 0xb8, 0xa4, 0xa0, 0x62, 0x48, 0x62, 0x38, 0x62, 0x38, 0x62, 0x38, 0x62, 0x38, 0x83, 0x78,
    0xa4, 0xa8, 0x83, 0xa0, 0xa3, 0xa8, 0xc4, 0xa8, 0xa3, 0xa8, 0x83, 0xa0, 0xa4, 0xb0, 0xa3, 0x80,
    0x82, 0x18, 0xa3, 0x18, 0xa3, 0x18, 0xa3, 0x18, 0xa2, 0x18, 0x82, 0x38, 0xa3, 0x80, 0xc5, 0xc0,
    0xa4, 0xa8, 0x83, 0xa0, 0xc3, 0xa0, 0xa3, 0x60, 0x00, 0x00, 0x00, 0x00, 0x00, 0x00, 0x00, 0x00,
    0x00, 0x00, 0x00, 0x00, 0x00, 0x00, 0x00, 0x00, 0x00, 0x00, 0x00, 0x00, 0x00, 0x00, 0x00, 0x00,
    0x00, 0x00, 0x00, 0x00, 0x00, 0x00, 0x00, 0x00, 0x00, 0x00, 0x00, 0x00, 0x00, 0x00, 0x00, 0x00,
    0x00, 0x00, 0x00, 0x00, 0x00, 0x00, 0x00, 0x00, 0x41, 0x20, 0x21, 0x28, 0x41, 0x38, 0x42, 0x50,
    0xc5, 0x88, 0xa4, 0x68, 0x83, 0x20, 0xa3, 0x18, 0xa3, 0x18, 0xa3, 0x18, 0x83, 0x10, 0x83, 0x40,
    0xc4, 0xb0, 0xa4, 0xc0, 0xa4, 0xc0, 0xa4, 0xc0, 0x84, 0xb8, 0x84, 0xb8, 0xa4, 0xb8, 0xc4, 0xa0,
    0x62, 0x40, 0x83, 0x30, 0x83, 0x30, 0x83, 0x30, 0x62, 0x30, 0xa4, 0x78, 0xc4, 0xc0, 0xa4, 0xb8,
    0xa4, 0xb8, 0xa4, 0xc0, 0xa4, 0xc0, 0x84, 0xc0, 0x84, 0xc0, 0xa4, 0xc0, 0xa4, 0xc0, 0x63, 0xb8,
    0xab, 0xca, 0x86, 0x39, 0xe4, 0x18, 0x21, 0x08, 0x01, 0x00, 0x21, 0x00, 0x21, 0x00, 0x01, 0x00,
    0x21, 0x00, 0x21, 0x00, 0x21, 0x00, 0x21, 0x00, 0x21, 0x00, 0x21, 0x00, 0x21, 0x00, 0x21, 0x00,
    0x21, 0x00, 0x21, 0x00, 0x21, 0x00, 0x21, 0x00, 0x21, 0x00, 0x21, 0x00, 0x21, 0x00, 0x21, 0x00,
    0x21, 0x00, 0x21, 0x00, 0x21, 0x00, 0x21, 0x00, 0x21, 0x00, 0x21, 0x00, 0x21, 0x00, 0x21, 0x00,
    0x21, 0x00, 0x21, 0x00, 0x21, 0x00, 0x21, 0x00, 0x21, 0x00, 0x21, 0x00, 0x00, 0x00, 0x62, 0x50,
    0x84, 0xc8, 0x42, 0xd8, 0x43, 0xd0, 0x43, 0xd0, 0x63, 0xe0, 0x83, 0x90, 0x20, 0x00, 0x21, 0x00,
    0x21, 0x00, 0x21, 0x00, 0x21, 0x00, 0x21, 0x00, 0x21, 0x00, 0x21, 0x00, 0x21, 0x00, 0x21, 0x00,
    0x21, 0x00, 0x00, 0x08, 0x84, 0x90, 0x64, 0xd8, 0x63, 0xd8, 0x63, 0xd8, 0x43, 0xd8, 0xa5, 0xc8,
    0x62, 0x50, 0x00, 0x00, 0x21, 0x00, 0x01, 0x00, 0x01, 0x00, 0x21, 0x00, 0x21, 0x00, 0x21, 0x00,
    0x21, 0x00, 0x21, 0x00, 0x21, 0x00, 0x21, 0x00, 0x21, 0x00, 0x21, 0x00, 0x21, 0x00, 0x21, 0x00,
    0x21, 0x00, 0x21, 0x00, 0x21, 0x00, 0x21, 0x00, 0x21, 0x00, 0x21, 0x00, 0x21, 0x00, 0x21, 0x00,
    0x21, 0x00, 0x21, 0x00, 0x21, 0x00, 0x21, 0x00, 0x21, 0x00, 0x21, 0x00, 0x21, 0x00, 0x21, 0x00,
    0x21, 0x00, 0x21, 0x00, 0x21, 0x00, 0x21, 0x00, 0x66, 0x29, 0x21, 0x00, 0x10, 0x8c, 0x29, 0xc2,
    0x62, 0xb0, 0xa4, 0xb8, 0xa4, 0xb8, 0xa4, 0xb8, 0xa4, 0xb8, 0x84, 0xb8, 0x84, 0xb8, 0xa4, 0xb8,
    0x83, 0xb8, 0xc5, 0xa8, 0x62, 0x50, 0x62, 0x38, 0x62, 0x40, 0x62, 0x38, 0x62, 0x38, 0xa3, 0x68,
    0xa4, 0xa8, 0x83, 0xa8, 0xa3, 0xa8, 0xa4, 0xa8, 0xa3, 0xa8, 0xa3, 0xa8, 0xa3, 0xa8, 0x83, 0x90,
    0x82, 0x28, 0xa3, 0x10, 0xa3, 0x18, 0xa3, 0x18, 0xa3, 0x18, 0xa3, 0x28, 0xa3, 0x68, 0xa4, 0xa8,
    0x83, 0x90, 0x62, 0x90, 0xc4, 0xa8, 0xa3, 0x60, 0x00, 0x00, 0x00, 0x00, 0x00, 0x00, 0x00, 0x00,
    0x00, 0x00, 0x00, 0x00, 0x00, 0x00, 0x00, 0x00, 0x00, 0x00, 0x00, 0x00, 0x00, 0x00, 0x00, 0x00,
    0x00, 0x00, 0x00, 0x00, 0x00, 0x00, 0x00, 0x00, 0x00, 0x00, 0x00, 0x00, 0x00, 0x00, 0x00, 0x00,
    0x00, 0x00, 0x00, 0x00, 0x00, 0x00, 0x20, 0x08, 0x83, 0x50, 0x62, 0x58, 0xa3, 0x78, 0xc3, 0x60,
    0x82, 0x58, 0x84, 0x60, 0x63, 0x18, 0xa3, 0x18, 0xa3, 0x18, 0xa3, 0x18, 0xa2, 0x10, 0xa3, 0x58,
    0xa4, 0xb8, 0xa4, 0xc0, 0xa4, 0xc0, 0xa4, 0xc0, 0xa4, 0xb8, 0xa4, 0xb8, 0xa4, 0xc0, 0xa3, 0x90,
    0x62, 0x38, 0x83, 0x30, 0x83, 0x30, 0x83, 0x30, 0x62, 0x38, 0xa4, 0x90, 0xa4, 0xc0, 0xa4, 0xb8,
    0xa4, 0xb8, 0xa4, 0xb8, 0xa4, 0xb8, 0xa4, 0xc0, 0x83, 0xc0, 0xa4, 0xc0, 0xa4, 0xc0, 0x63, 0xc0,
    0x8b, 0xc2, 0x87, 0x39, 0xc4, 0x18, 0x21, 0x00, 0x01, 0x00, 0x21, 0x00, 0x21, 0x00, 0x01, 0x00,
    0x21, 0x00, 0x21, 0x00, 0x21, 0x00, 0x21, 0x00, 0x21, 0x00, 0x21, 0x00, 0x21, 0x00, 0x21, 0x00,
    0x21, 0x00, 0x21, 0x00, 0x21, 0x00, 0x21, 0x00, 0x21, 0x00, 0x21, 0x00, 0x21, 0x00, 0x21, 0x00,
    0x21, 0x00, 0x21, 0x00, 0x21, 0x00, 0x21, 0x00, 0x21, 0x00, 0x21, 0x00, 0x21, 0x00, 0x21, 0x00,
    0x21, 0x00, 0x21, 0x00, 0x21, 0x00, 0x21, 0x00, 0x01, 0x00, 0x21, 0x00, 0x21, 0x00, 0x00, 0x08,
    0x83, 0x70, 0x84, 0xd0, 0x42, 0xd8, 0x43, 0xd0, 0x63, 0xe0, 0x84, 0xb0, 0x21, 0x18, 0x21, 0x00,
    0x21, 0x00, 0x21, 0x00, 0x21, 0x00, 0x21, 0x00, 0x21, 0x00, 0x21, 0x00, 0x21, 0x00, 0x21, 0x00,
    0x21, 0x00, 0x20, 0x18, 0x84, 0xb0, 0x64, 0xd8, 0x43, 0xd0, 0x43, 0xd0, 0xa4, 0xd0, 0x83, 0x70,
    0x00, 0x08, 0x21, 0x08, 0x21, 0x00, 0x00, 0x00, 0x21, 0x00, 0x21, 0x00, 0x21, 0x00, 0x21, 0x00,
    0x21, 0x00, 0x21, 0x00, 0x21, 0x00, 0x21, 0x00, 0x21, 0x00, 0x21, 0x00, 0x21, 0x00, 0x21, 0x00,
    0x21, 0x00, 0x21, 0x00, 0x21, 0x00, 0x21, 0x00, 0x21, 0x00, 0x21, 0x00, 0x21, 0x00, 0x21, 0x00,
    0x21, 0x00, 0x21, 0x00, 0x21, 0x00, 0x21, 0x00, 0x21, 0x00, 0x21, 0x00, 0x21, 0x00, 0x21, 0x00,
    0x21, 0x00, 0x21, 0x00, 0x21, 0x00, 0x00, 0x00, 0x24, 0x21, 0x82, 0x10, 0x4d, 0x6b, 0xab, 0xca,
    0x42, 0xb0, 0xc4, 0xb8, 0xa4, 0xb8, 0xa4, 0xb8, 0xa4, 0xb8, 0x84, 0xb8, 0x83, 0xb0, 0x83, 0xb0,
    0x83, 0xb0, 0xc4, 0xb0, 0x83, 0x60, 0x62, 0x38, 0x83, 0x40, 0x83, 0x40, 0x63, 0x40, 0x83, 0x58,
    0xa3, 0xa0, 0xa3, 0xa8, 0xa3, 0xb0, 0x83, 0xa8, 0x62, 0x98, 0xa4, 0xb0, 0xa4, 0xb0, 0xc4, 0xa0,
    0x82, 0x38, 0xa2, 0x10, 0xa3, 0x18, 0xa3, 0x18, 0xa3, 0x18, 0x82, 0x10, 0xa4, 0x68, 0xa3, 0xa8,
    0xa3, 0xa0, 0xe4, 0xa8, 0xa3, 0x70, 0x62, 0x40, 0x20, 0x08, 0x00, 0x00, 0x00, 0x00, 0x00, 0x00,
    0x00, 0x00, 0x00, 0x00, 0x00, 0x00, 0x00, 0x00, 0x00, 0x00, 0x00, 0x00, 0x00, 0x00, 0x00, 0x00,
    0x00, 0x00, 0x00, 0x00, 0x00, 0x00, 0x00, 0x00, 0x00, 0x00, 0x00, 0x00, 0x00, 0x00, 0x00, 0x00,
    0x00, 0x00, 0x00, 0x00, 0x00, 0x00, 0x20, 0x10, 0xc4, 0x78, 0x84, 0x98, 0xc5, 0xa0, 0xc4, 0x88,
    0x82, 0x48, 0x62, 0x28, 0x83, 0x18, 0xa3, 0x18, 0xa3, 0x18, 0xa3, 0x18, 0x82, 0x10, 0xa3, 0x68,
    0xc4, 0xb8, 0xa4, 0xb8, 0xa4, 0xc0, 0xa4, 0xb8, 0xa4, 0xb8, 0xa4, 0xb8, 0xa4, 0xc0, 0xa3, 0x80,
    0x82, 0x30, 0x83, 0x30, 0x83, 0x38, 0x83, 0x30, 0x62, 0x40, 0xa4, 0xa8, 0xa4, 0xc0, 0xa4, 0xb8,
    0xa4, 0xb8, 0xa4, 0xb8, 0xa4, 0xb8, 0xa4, 0xc0, 0xa4, 0xc0, 0xa4, 0xc0, 0xa4, 0xc0, 0x63, 0xc0,
    0x4a, 0xc2, 0x08, 0x4a, 0xc3, 0x18, 0x21, 0x08, 0x21, 0x00, 0x21, 0x00, 0x21, 0x00, 0x01, 0x00,
    0x21, 0x00, 0x21, 0x00, 0x21, 0x00, 0x21, 0x00, 0x21, 0x00, 0x21, 0x00, 0x21, 0x00, 0x21, 0x00,
    0x21, 0x00, 0x21, 0x00, 0x21, 0x00, 0x21, 0x00, 0x21, 0x00, 0x21, 0x00, 0x21, 0x00, 0x21, 0x00,
    0x21, 0x00, 0x21, 0x00, 0x21, 0x00, 0x21, 0x00, 0x21, 0x00, 0x21, 0x00, 0x21, 0x00, 0x21, 0x00,
    0x21, 0x00, 0x21, 0x00, 0x21, 0x00, 0x21, 0x00, 0x21, 0x00, 0x21, 0x00, 0x21, 0x00, 0x21, 0x00,
    0x00, 0x10, 0xa4, 0x90, 0x64, 0xd8, 0x43, 0xd8, 0x43, 0xd8, 0x84, 0xc8, 0x41, 0x30, 0x21, 0x00,
    0x21, 0x08, 0x21, 0x00, 0x21, 0x00, 0x21, 0x00, 0x21, 0x00, 0x21, 0x00, 0x21, 0x00, 0x21, 0x00,
    0x00, 0x00, 0x21, 0x30, 0x84, 0xc8, 0x63, 0xd0, 0x43, 0xd0, 0x64, 0xd8, 0xa4, 0x90, 0x00, 0x10,
    0x21, 0x00, 0x21, 0x00, 0x21, 0x00, 0x20, 0x00, 0x21, 0x00, 0x21, 0x00, 0x01, 0x00, 0x21, 0x00,
    0x21, 0x00, 0x21, 0x00, 0x21, 0x00, 0x21, 0x00, 0x21, 0x00, 0x21, 0x00, 0x21, 0x00, 0x21, 0x00,
    0x21, 0x00, 0x21, 0x00, 0x21, 0x00, 0x21, 0x00, 0x21, 0x00, 0x21, 0x00, 0x21, 0x00, 0x21, 0x00,
    0x21, 0x00, 0x21, 0x00, 0x21, 0x00, 0x21, 0x00, 0x21, 0x00, 0x21, 0x00, 0x21, 0x00, 0x21, 0x00,
    0x21, 0x00, 0x21, 0x00, 0x21, 0x00, 0x00, 0x00, 0xe3, 0x18, 0xc3, 0x18, 0xcb, 0x62, 0xec, 0xca,
    0x42, 0xb0, 0xa4, 0xb8, 0xa3, 0xb8, 0x83, 0xb8, 0xa4, 0xb8, 0x83, 0xb0, 0x83, 0xb0, 0xa4, 0xb8,
    0xa4, 0xb8, 0xa4, 0xb0, 0xa3, 0x78, 0x62, 0x40, 0x83, 0x40, 0x83, 0x40, 0x63, 0x40, 0x62, 0x50,
    0xc4, 0xa0, 0xa3, 0xa8, 0x83, 0xa8, 0xa3, 0xa8, 0xa3, 0xa0, 0x83, 0xa8, 0x83, 0xa8, 0xc4, 0xb0,
    0xa3, 0x48, 0xa2, 0x10, 0xa3, 0x18, 0xa3, 0x18, 0xa3, 0x18, 0x82, 0x10, 0xa4, 0x70, 0xa4, 0xc0,
    0x84, 0xb0, 0xa4, 0x78, 0x61, 0x50, 0x05, 0x81, 0x21, 0x18, 0x00, 0x00, 0x00, 0x00, 0x00, 0x00,
    0x00, 0x00, 0x00, 0x00, 0x00, 0x00, 0x00, 0x00, 0x00, 0x00, 0x00, 0x00, 0x00, 0x00, 0x00, 0x00,
    0x00, 0x00, 0x00, 0x00, 0x00, 0x00, 0x00, 0x00, 0x00, 0x00, 0x00, 0x00, 0x00, 0x00, 0x00, 0x00,
    0x00, 0x00, 0x00, 0x00, 0x00, 0x00, 0x42, 0x28, 0xc4, 0x78, 0x63, 0x88, 0x63, 0x98, 0x83, 0x80,
    0xa3, 0x68, 0xa3, 0x28, 0xa3, 0x18, 0x83, 0x18, 0xa3, 0x18, 0xa3, 0x18, 0x82, 0x10, 0xa4, 0x78,
    0xa4, 0xc0, 0x84, 0xb8, 0x84, 0xc0, 0xa4, 0xc0, 0xa4, 0xb8, 0x84, 0xb8, 0xa4, 0xc0, 0xa3, 0x78,
    0x82, 0x30, 0x83, 0x38, 0x83, 0x38, 0x63, 0x30, 0x83, 0x50, 0xc4, 0xb0, 0xa4, 0xc0, 0xa4, 0xb8,
    0xa4, 0xc0, 0xa4, 0xb8, 0x83, 0xb8, 0xa4, 0xc0, 0xa4, 0xc0, 0xa4, 0xc0, 0xa4, 0xc0, 0x63, 0xc0,
    0xa8, 0xc9, 0x0c, 0x7b, 0xe4, 0x18, 0x42, 0x08, 0x01, 0x00, 0x21, 0x00, 0x21, 0x00, 0x01, 0x00,
    0x21, 0x00, 0x21, 0x00, 0x21, 0x00, 0x21, 0x00, 0x21, 0x00, 0x21, 0x00, 0x21, 0x00, 0x21, 0x00,
    0x21, 0x00, 0x21, 0x00, 0x21, 0x00, 0x21, 0x00, 0x21, 0x00, 0x21, 0x00, 0x21, 0x00, 0x21, 0x00,
    0x21, 0x00, 0x21, 0x00, 0x21, 0x00, 0x21, 0x00, 0x21, 0x00, 0x21, 0x00, 0x21, 0x00, 0x21, 0x00,
    0x21, 0x00, 0x21, 0x00, 0x21, 0x00, 0x21, 0x00, 0x21, 0x00, 0x21, 0x00, 0x21, 0x00, 0x21, 0x00,
    0x21, 0x00, 0x21, 0x28, 0xa4, 0xb0, 0x64, 0xd0, 0x43, 0xd0, 0x64, 0xd8, 0x62, 0x50, 0x20, 0x00,
    0x21, 0x08, 0x01, 0x00, 0x21, 0x00, 0x21, 0x00, 0x21, 0x00, 0x21, 0x00, 0x21, 0x00, 0x21, 0x00,
    0x00, 0x00, 0x42, 0x50, 0x84, 0xd0, 0x63, 0xd0, 0x63, 0xd0, 0xa4, 0xa8, 0x21, 0x28, 0x21, 0x00,
    0x21, 0x00, 0x01, 0x00, 0x21, 0x00, 0x21, 0x00, 0x21, 0x00, 0x21, 0x00, 0x21, 0x00, 0x21, 0x00,
    0x21, 0x00, 0x21, 0x00, 0x21, 0x00, 0x21, 0x00, 0x21, 0x00, 0x21, 0x00, 0x21, 0x00, 0x21, 0x00,
    0x21, 0x00, 0x21, 0x00, 0x21, 0x00, 0x21, 0x00, 0x21, 0x00, 0x21, 0x00, 0x21, 0x00, 0x21, 0x00,
    0x21, 0x00, 0x21, 0x00, 0x21, 0x00, 0x21, 0x00, 0x21, 0x00, 0x21, 0x00, 0x21, 0x00, 0x21, 0x00,
    0x21, 0x00, 0x21, 0x00, 0x21, 0x00, 0x00, 0x00, 0xa3, 0x18, 0xc3, 0x18, 0xab, 0x5a, 0xcb, 0xca,
    0x42, 0xb0, 0xa4, 0xb8, 0xa4, 0xb8, 0xa4, 0xb8, 0x83, 0xb8, 0x83, 0xb0, 0x83, 0xb0, 0xa4, 0xb0,
    0x83, 0xb0, 0x83, 0xb0, 0x83, 0x88, 0x62, 0x40, 0x82, 0x40, 0x62, 0x40, 0x63, 0x40, 0x62, 0x48,
    0xa3, 0x98, 0xa3, 0xb0, 0xa3, 0xb0, 0xa3, 0xb0, 0xa4, 0xa8, 0xc4, 0xb0, 0x83, 0xa8, 0xa3, 0xb0,
    0x83, 0x58, 0xa2, 0x10, 0xa3, 0x18, 0xa3, 0x18, 0xa3, 0x18, 0x82, 0x10, 0xa3, 0x60, 0xa5, 0xb8,
    0xa4, 0xa0, 0x41, 0x38, 0xa3, 0x70, 0xc4, 0x88, 0x00, 0x08, 0x00, 0x00, 0x00, 0x00, 0x00, 0x00,
    0x00, 0x00, 0x00, 0x00, 0x00, 0x00, 0x00, 0x00, 0x00, 0x00, 0x00, 0x00, 0x00, 0x00, 0x00, 0x00,
    0x00, 0x00, 0x00, 0x00, 0x00, 0x00, 0x00, 0x00, 0x00, 0x00, 0x00, 0x00, 0x00, 0x00, 0x00, 0x00,
    0x00, 0x00, 0x00, 0x00, 0x00, 0x00, 0x62, 0x38, 0xa4, 0x88, 0x62, 0x78, 0x83, 0x88, 0xa4, 0x98,
    0x63, 0x68, 0x82, 0x28, 0xa3, 0x18, 0x83, 0x18, 0xa3, 0x18, 0xa3, 0x18, 0x82, 0x18, 0xa4, 0x88,
    0xa4, 0xc0, 0x84, 0xb8, 0xa4, 0xc0, 0x84, 0xc0, 0xa4, 0xb8, 0xa4, 0xb8, 0xc4, 0xb8, 0x83, 0x68,
    0x83, 0x30, 0x83, 0x38, 0x82, 0x38, 0x62, 0x30, 0x82, 0x60, 0xc4, 0xb8, 0xa4, 0xb8, 0xa4, 0xb8,
    0x83, 0xb8, 0xa4, 0xb8, 0xa4, 0xc0, 0xa4, 0xc0, 0x84, 0xc0, 0xa4, 0xc0, 0xa4, 0xc0, 0xa4, 0xc0,
    0xe5, 0xc0, 0x4e, 0xab, 0x45, 0x29, 0x82, 0x10, 0x00, 0x00, 0x21, 0x00, 0x21, 0x00, 0x01, 0x00,
    0x21, 0x00, 0x21, 0x00, 0x21, 0x00, 0x21, 0x00, 0x21, 0x00, 0x21, 0x00, 0x21, 0x00, 0x21, 0x00,
    0x21, 0x00, 0x21, 0x00, 0x21, 0x00, 0x21, 0x00, 0x21, 0x00, 0x21, 0x00, 0x21, 0x00, 0x21, 0x00,
    0x21, 0x00, 0x21, 0x00, 0x21, 0x00, 0x21, 0x00, 0x21, 0x00, 0x21, 0x00, 0x21, 0x00, 0x21, 0x00,
    0x21, 0x00, 0x21, 0x00, 0x21, 0x00, 0x21, 0x00, 0x21, 0x00, 0x21, 0x00, 0x21, 0x00, 0x21, 0x00,
    0x21, 0x00, 0x00, 0x00, 0x41, 0x40, 0x85, 0xc8, 0x43, 0xd8, 0x64, 0xd8, 0x62, 0x78, 0x00, 0x00,
    0x21, 0x00, 0x01, 0x00, 0x01, 0x00, 0x21, 0x00, 0x21, 0x00, 0x21, 0x00, 0x21, 0x00, 0x21, 0x00,
    0x00, 0x00, 0x83, 0x70, 0x84, 0xd8, 0x43, 0xd8, 0xa4, 0xc0, 0x41, 0x38, 0x20, 0x00, 0x21, 0x08,
    0x00, 0x00, 0x21, 0x00, 0x21, 0x00, 0x21, 0x00, 0x21, 0x00, 0x21, 0x00, 0x21, 0x00, 0x21, 0x00,
    0x21, 0x00, 0x21, 0x00, 0x21, 0x00, 0x21, 0x00, 0x21, 0x00, 0x21, 0x00, 0x21, 0x00, 0x21, 0x00,
    0x21, 0x00, 0x21, 0x00, 0x21, 0x00, 0x21, 0x00, 0x21, 0x00, 0x21, 0x00, 0x21, 0x00, 0x21, 0x00,
    0x21, 0x00, 0x21, 0x00, 0x21, 0x00, 0x21, 0x00, 0x21, 0x00, 0x21, 0x00, 0x21, 0x00, 0x21, 0x00,
    0x21, 0x00, 0x21, 0x00, 0x21, 0x00, 0x00, 0x00, 0xa3, 0x18, 0xe4, 0x18, 0xeb, 0x6a, 0x49, 0xca,
    0x62, 0xb8, 0xa4, 0xb8, 0xa4, 0xb8, 0xa4, 0xb8, 0xa4, 0xb8, 0xa4, 0xb8, 0xa4, 0xb8, 0xa4, 0xb8,
    0xa3, 0xb0, 0xa4, 0xb0, 0xa4, 0x98, 0x62, 0x40, 0x62, 0x38, 0x62, 0x40, 0x82, 0x40, 0x62, 0x40,
    0xa3, 0x88, 0xa4, 0xb8, 0xc4, 0xb0, 0xa4, 0xb0, 0x83, 0xa8, 0xa3, 0xa0, 0xc4, 0xb0, 0xc4, 0xb8,
    0xa3, 0x60, 0xa2, 0x10, 0xa3, 0x18, 0xa3, 0x18, 0xa3, 0x18, 0xa2, 0x10, 0xa3, 0x50, 0x84, 0xa0,
    0xa3, 0x90, 0x61, 0x38, 0x83, 0x78, 0xc4, 0x78, 0x21, 0x10, 0x00, 0x00, 0x00, 0x00, 0x00, 0x00,
    0x00, 0x00, 0x00, 0x00, 0x00, 0x00, 0x00, 0x00, 0x00, 0x00, 0x00, 0x00, 0x00, 0x00, 0x00, 0x00,
    0x00, 0x00, 0x00, 0x00, 0x00, 0x00, 0x00, 0x00, 0x00, 0x00, 0x00, 0x00, 0x00, 0x00, 0x00, 0x00,
    0x00, 0x00, 0x00, 0x00, 0x00, 0x00, 0x42, 0x28, 0xa3, 0x70, 0x83, 0x80, 0x62, 0x68, 0x83, 0x80,
    0xa5, 0x90, 0xa3, 0x40, 0x83, 0x18, 0x83, 0x18, 0xa3, 0x18, 0xa3, 0x10, 0x82, 0x20, 0xa4, 0x98,
    0x84, 0xc0, 0x84, 0xc0, 0xa4, 0xc0, 0x84, 0xc0, 0xa4, 0xb8, 0xa4, 0xc0, 0xa4, 0xb8, 0x83, 0x58,
    0x83, 0x38, 0x83, 0x38, 0x82, 0x38, 0x62, 0x38, 0xa3, 0x70, 0xa4, 0xc0, 0xa4, 0xb8, 0xa4, 0xb8,
    0x84, 0xb8, 0xa4, 0xb8, 0xa4, 0xb8, 0x84, 0xb8, 0x84, 0xb8, 0xa4, 0xb8, 0xa4, 0xc0, 0xa4, 0xc0,
    0x83, 0xc0, 0x2a, 0xca, 0xe7, 0x59, 0xc3, 0x18, 0x21, 0x08, 0x21, 0x00, 0x21, 0x00, 0x01, 0x00,
    0x21, 0x00, 0x21, 0x00, 0x21, 0x00, 0x21, 0x00, 0x21, 0x00, 0x21, 0x00, 0x21, 0x00, 0x21, 0x00,
    0x21, 0x00, 0x21, 0x00, 0x21, 0x00, 0x21, 0x00, 0x21, 0x00, 0x21, 0x00, 0x21, 0x00, 0x21, 0x00,
    0x21, 0x00, 0x21, 0x00, 0x21, 0x00, 0x21, 0x00, 0x21, 0x00, 0x21, 0x00, 0x21, 0x00, 0x21, 0x00,
    0x21, 0x00, 0x21, 0x00, 0x21, 0x00, 0x21, 0x00, 0x21, 0x00, 0x21, 0x00, 0x21, 0x00, 0x21, 0x00,
    0x21, 0x00, 0x41, 0x00, 0x00, 0x00, 0x41, 0x50, 0xa4, 0xc8, 0x43, 0xe0, 0x63, 0x98, 0x00, 0x08,
    0x21, 0x00, 0x21, 0x00, 0x01, 0x00, 0x01, 0x00, 0x21, 0x00, 0x21, 0x00, 0x21, 0x00, 0x21, 0x00,
    0x00, 0x08, 0x84, 0x90, 0x64, 0xd8, 0x84, 0xd0, 0x42, 0x58, 0x00, 0x00, 0x21, 0x08, 0x21, 0x00,
    0x20, 0x00, 0x20, 0x00, 0x21, 0x00, 0x21, 0x00, 0x21, 0x00, 0x21, 0x00, 0x21, 0x00, 0x21, 0x00,
    0x21, 0x00, 0x21, 0x00, 0x21, 0x00, 0x21, 0x00, 0x21, 0x00, 0x21, 0x00, 0x21, 0x00, 0x21, 0x00,
    0x21, 0x00, 0x21, 0x00, 0x21, 0x00, 0x21, 0x00, 0x21, 0x00, 0x21, 0x00, 0x21, 0x00, 0x21, 0x00,
    0x21, 0x00, 0x21, 0x00, 0x21, 0x00, 0x21, 0x00, 0x21, 0x00, 0x21, 0x00, 0x21, 0x00, 0x21, 0x00,
    0x21, 0x00, 0x21, 0x00, 0x21, 0x00, 0x00, 0x00, 0xa3, 0x18, 0x04, 0x21, 0x0c, 0x83, 0x87, 0xc1,
    0x62, 0xb8, 0xa4, 0xb8, 0xa4, 0xb8, 0x84, 0xb8, 0xa4, 0xb8, 0x84, 0xb8, 0xa4, 0xb8, 0xa4, 0xb8,
    0xa3, 0xb0, 0x83, 0xb0, 0xa4, 0xa0, 0x62, 0x50, 0x62, 0x38, 0x62, 0x40, 0x63, 0x40, 0x62, 0x40,
    0xc4, 0x88, 0xc4, 0xb0, 0xa3, 0xa0, 0xa3, 0x98, 0x62, 0x88, 0x82, 0x90, 0x83, 0xa0, 0xa3, 0xa8,
    0xa3, 0x78, 0x82, 0x18, 0xa3, 0x18, 0xa3, 0x18, 0xa3, 0x18, 0xa3, 0x10, 0x82, 0x48, 0x83, 0xa0,
    0xa4, 0x98, 0x82, 0x48, 0xc4, 0x70, 0xa4, 0x70, 0x00, 0x10, 0x00, 0x00, 0x00, 0x00, 0x00, 0x00,
    0x00, 0x00, 0x00, 0x00, 0x00, 0x00, 0x00, 0x00, 0x00, 0x00, 0x00, 0x00, 0x00, 0x00, 0x00, 0x00,
    0x00, 0x00, 0x00, 0x00, 0x00, 0x00, 0x00, 0x00, 0x00, 0x00, 0x00, 0x00, 0x00, 0x00, 0x00, 0x00,
    0x00, 0x00, 0x00, 0x00, 0x00, 0x00, 0x62, 0x28, 0xa3, 0x70, 0x84, 0x88, 0x82, 0x68, 0x42, 0x58,
    0x85, 0x90, 0x82, 0x40, 0xa3, 0x10, 0xa3, 0x18, 0xa3, 0x18, 0xa3, 0x10, 0x62, 0x20, 0xa4, 0xa0,
    0x84, 0xc0, 0x84, 0xc0, 0xa4, 0xc0, 0xa4, 0xc0, 0xa4, 0xb8, 0xa4, 0xc0, 0xc4, 0xb0, 0x83, 0x50,
    0x83, 0x38, 0xa3, 0x40, 0x83, 0x40, 0x62, 0x38, 0xa3, 0x80, 0xa4, 0xc0, 0xa4, 0xb8, 0xa4, 0xc0,
    0xa4, 0xc0, 0xa4, 0xc0, 0xa4, 0xc0, 0xa4, 0xb8, 0xa4, 0xb8, 0x83, 0xb8, 0x84, 0xc0, 0xa4, 0xc0,
    0x84, 0xc0, 0x05, 0xc1, 0xe8, 0x89, 0x04, 0x21, 0x83, 0x10, 0x00, 0x00, 0x21, 0x00, 0x21, 0x00,
    0x21, 0x00, 0x21, 0x00, 0x21, 0x00, 0x21, 0x00, 0x21, 0x00, 0x21, 0x00, 0x21, 0x00, 0x21, 0x00,
    0x21, 0x00, 0x21, 0x00, 0x21, 0x00, 0x21, 0x00, 0x21, 0x00, 0x21, 0x00, 0x21, 0x00, 0x21, 0x00,
    0x21, 0x00, 0x21, 0x00, 0x21, 0x00, 0x21, 0x00, 0x21, 0x00, 0x21, 0x00, 0x21, 0x00, 0x21, 0x00,
    0x21, 0x00, 0x21, 0x00, 0x21, 0x00, 0x21, 0x00, 0x21, 0x00, 0x21, 0x00, 0x21, 0x00, 0x21, 0x00,
    0x21, 0x00, 0x21, 0x00, 0x21, 0x00, 0x00, 0x00, 0x63, 0x68, 0x84, 0xe0, 0x64, 0xb8, 0x21, 0x20,
    0x21, 0x00, 0x20, 0x00, 0x20, 0x00, 0x01, 0x00, 0x21, 0x00, 0x21, 0x00, 0x21, 0x00, 0x20, 0x00,
    0x00, 0x18, 0x84, 0xb0, 0xa4, 0xd8, 0x63, 0x70, 0x00, 0x08, 0x21, 0x00, 0x21, 0x00, 0x21, 0x00,
    0x21, 0x00, 0x21, 0x00, 0x21, 0x00, 0x21, 0x00, 0x21, 0x00, 0x21, 0x00, 0x21, 0x00, 0x21, 0x00,
    0x21, 0x00, 0x21, 0x00, 0x21, 0x00, 0x21, 0x00, 0x21, 0x00, 0x21, 0x00, 0x21, 0x00, 0x21, 0x00,
    0x21, 0x00, 0x21, 0x00, 0x21, 0x00, 0x21, 0x00, 0x21, 0x00, 0x21, 0x00, 0x21, 0x00, 0x21, 0x00,
    0x21, 0x00, 0x21, 0x00, 0x21, 0x00, 0x21, 0x00, 0x21, 0x00, 0x21, 0x00, 0x21, 0x00, 0x21, 0x00,
    0x21, 0x00, 0x21, 0x00, 0x21, 0x00, 0x00, 0x00, 0xc3, 0x18, 0x66, 0x31, 0x4e, 0xa3, 0xc4, 0xb8,
    0x83, 0xb8, 0xa4, 0xb8, 0xa4, 0xb8, 0x84, 0xb8, 0x84, 0xb8, 0x84, 0xb8, 0x84, 0xb8, 0xa4, 0xb8,
    0xa4, 0xb0, 0x83, 0xb0, 0x83, 0xa0, 0x62, 0x60, 0x82, 0x40, 0x62, 0x40, 0x63, 0x40, 0x62, 0x38,
    0x83, 0x80, 0xe4, 0xb8, 0xc4, 0xa8, 0xa3, 0xa0, 0xc3, 0xa8, 0xc4, 0xb8, 0xa4, 0xb0, 0x84, 0xb0,
    0xa3, 0x80, 0x82, 0x18, 0xa3, 0x18, 0xa3, 0x18, 0xa3, 0x18, 0xa3, 0x10, 0xa3, 0x48, 0xc5, 0xa8,
    0xa4, 0x88, 0x61, 0x38, 0xa3, 0x70, 0xc4, 0x80, 0x41, 0x20, 0x00, 0x00, 0x00, 0x00, 0x00, 0x00,
    0x00, 0x00, 0x00, 0x00, 0x00, 0x00, 0x00, 0x00, 0x00, 0x00, 0x00, 0x00, 0x00, 0x00, 0x00, 0x00,
    0x00, 0x00, 0x00, 0x00, 0x00, 0x00, 0x00, 0x00, 0x00, 0x00, 0x00, 0x00, 0x00, 0x00, 0x00, 0x00,
    0x00, 0x00, 0x00, 0x00, 0x00, 0x00, 0xa3, 0x58, 0xc3, 0x90, 0x83, 0x90, 0xa4, 0x90, 0x42, 0x58,
    0xa3, 0x70, 0xa3, 0x40, 0xa3, 0x10, 0xa3, 0x18, 0xa3, 0x18, 0xa3, 0x10, 0x82, 0x30, 0xa4, 0xa8,
    0x84, 0xc0, 0xa4, 0xc0, 0xa4, 0xc0, 0xa4, 0xb8, 0xa4, 0xb8, 0xa4, 0xc0, 0xa4, 0xa8, 0x82, 0x48,
    0x82, 0x38, 0xe4, 0x50, 0xa3, 0x40, 0x62, 0x38, 0xa3, 0x80, 0xa4, 0xc0, 0x84, 0xc0, 0xa4, 0xc0,
    0xa4, 0xc0, 0xa4, 0xc0, 0xa4, 0xc0, 0xa4, 0xc0, 0xa4, 0xc0, 0xa4, 0xb8, 0xa4, 0xc0, 0xa4, 0xc0,
    0xa4, 0xc0, 0xa4, 0xc0, 0x46, 0xb9, 0x65, 0x51, 0x24, 0x21, 0x21, 0x08, 0x21, 0x00, 0x21, 0x00,
    0x21, 0x00, 0x21, 0x00, 0x21, 0x00, 0x21, 0x00, 0x21, 0x00, 0x21, 0x00, 0x21, 0x00, 0x21, 0x00,
    0x21, 0x00, 0x21, 0x00, 0x21, 0x00, 0x21, 0x00, 0x21, 0x00, 0x21, 0x00, 0x21, 0x00, 0x21, 0x00,
    0x21, 0x00, 0x21, 0x00, 0x21, 0x00, 0x21, 0x00, 0x21, 0x00, 0x21, 0x00, 0x21, 0x00, 0x21, 0x00,
    0x21, 0x00, 0x21, 0x00, 0x21, 0x00, 0x21, 0x00, 0x21, 0x00, 0x21, 0x00, 0x21, 0x00, 0x21, 0x00,
    0x21, 0x00, 0x21, 0x00, 0x21, 0x00, 0x21, 0x00, 0x00, 0x08, 0x82, 0x88, 0xa5, 0xd0, 0x41, 0x40,
    0x20, 0x00, 0x20, 0x00, 0x21, 0x00, 0x21, 0x00, 0x21, 0x00, 0x21, 0x00, 0x21, 0x00, 0x20, 0x00,
    0x41, 0x30, 0xe5, 0xd0, 0x83, 0x90, 0x00, 0x08, 0x21, 0x00, 0x21, 0x00, 0x21, 0x00, 0x21, 0x00,
    0x21, 0x00, 0x21, 0x00, 0x21, 0x00, 0x21, 0x00, 0x21, 0x00, 0x21, 0x00, 0x21, 0x00, 0x21, 0x00,
    0x21, 0x00, 0x21, 0x00, 0x21, 0x00, 0x21, 0x00, 0x21, 0x00, 0x21, 0x00, 0x21, 0x00, 0x21, 0x00,
    0x21, 0x00, 0x21, 0x00, 0x21, 0x00, 0x21, 0x00, 0x21, 0x00, 0x21, 0x00, 0x21, 0x00, 0x21, 0x00,
    0x21, 0x00, 0x21, 0x00, 0x21, 0x00, 0x21, 0x00, 0x21, 0x00, 0x21, 0x00, 0x21, 0x00, 0x21, 0x00,
    0x21, 0x00, 0x21, 0x00, 0x21, 0x00, 0x00, 0x00, 0xe3, 0x18, 0x49, 0x52, 0xcc, 0xba, 0x43, 0xb8,
    0xa4, 0xb8, 0xa4, 0xb8, 0xa4, 0xb8, 0xa4, 0xb8, 0xa4, 0xb8, 0x83, 0xb8, 0x84, 0xb8, 0x84, 0xb8,
    0x83, 0xb8, 0x83, 0xb0, 0xa4, 0xa8, 0x62, 0x70, 0x62, 0x40, 0x83, 0x48, 0xa3, 0x48, 0x62, 0x38,
    0x83, 0x78, 0xc4, 0xb0, 0xa3, 0xb0, 0xa3, 0xb0, 0xc4, 0xb8, 0xa3, 0xb0, 0x83, 0xb0, 0x84, 0xb8,
    0xa4, 0x90, 0x82, 0x20, 0xa3, 0x18, 0xa3, 0x18, 0xa3, 0x18, 0xa3, 0x10, 0x82, 0x28, 0xa4, 0x60,
    0x82, 0x40, 0x82, 0x48, 0xa4, 0x80, 0xe5, 0xb0, 0x62, 0x48, 0x00, 0x00, 0x00, 0x00, 0x00, 0x00,
    0x00, 0x00, 0x00, 0x00, 0x00, 0x00, 0x00, 0x00, 0x00, 0x00, 0x00, 0x00, 0x00, 0x00, 0x00, 0x00,
    0x00, 0x00, 0x00, 0x00, 0x00, 0x00, 0x00, 0x00, 0x00, 0x00, 0x00, 0x00, 0x00, 0x00, 0x00, 0x00,
    0x00, 0x00, 0x00, 0x00, 0x00, 0x00, 0x82, 0x68, 0xc4, 0xb0, 0xa4, 0xa0, 0xa4, 0xa8, 0xa3, 0x80,
    0x83, 0x68, 0xa3, 0x38, 0xa3, 0x10, 0xa3, 0x18, 0xa3, 0x18, 0xa3, 0x10, 0x82, 0x38, 0xa4, 0xb0,
    0x84, 0xb8, 0x83, 0xb0, 0xa4, 0xb8, 0xa4, 0xb8, 0xa4, 0xb8, 0xa4, 0xc0, 0xa4, 0xa0, 0x62, 0x48,
    0x83, 0x40, 0x82, 0x40, 0x82, 0x40, 0x62, 0x38, 0xa3, 0x88, 0xc4, 0xc0, 0x84, 0xc0, 0xa4, 0xc0,
    0xa4, 0xc0, 0xa4, 0xc0, 0xa4, 0xc0, 0xa4, 0xc0, 0xa4, 0xc0, 0xa4, 0xc0, 0xa4, 0xc0, 0xa4, 0xc0,
    0xa4, 0xc0, 0xa4, 0xc0, 0xc4, 0xc0, 0x87, 0xa1, 0x25, 0x39, 0xc4, 0x18, 0x00, 0x00, 0x21, 0x00,
    0x21, 0x00, 0x21, 0x00, 0x21, 0x00, 0x21, 0x00, 0x21, 0x00, 0x21, 0x00, 0x21, 0x00, 0x21, 0x00,
    0x21, 0x00, 0x21, 0x00, 0x21, 0x00, 0x21, 0x00, 0x21, 0x00, 0x21, 0x00, 0x21, 0x00, 0x21, 0x00,
    0x21, 0x00, 0x21, 0x00, 0x21, 0x00, 0x21, 0x00, 0x21, 0x00, 0x21, 0x00, 0x21, 0x00, 0x21, 0x00,
    0x21, 0x00, 0x21, 0x00, 0x21, 0x00, 0x21, 0x00, 0x21, 0x00, 0x21, 0x00, 0x21, 0x00, 0x21, 0x00,
    0x21, 0x00, 0x21, 0x00, 0x21, 0x00, 0x21, 0x00, 0x01, 0x00, 0x00, 0x18, 0xe5, 0xa8, 0xa3, 0x70,
    0x00, 0x00, 0x21, 0x08, 0x21, 0x00, 0x21, 0x00, 0x21, 0x00, 0x21, 0x00, 0x21, 0x00, 0x00, 0x00,
    0x83, 0x60, 0xe5, 0xa8, 0x00, 0x20, 0x21, 0x00, 0x21, 0x00, 0x21, 0x00, 0x21, 0x00, 0x21, 0x00,
    0x01, 0x00, 0x21, 0x00, 0x21, 0x00, 0x21, 0x00, 0x21, 0x00, 0x21, 0x00, 0x21, 0x00, 0x21, 0x00,
    0x21, 0x00, 0x21, 0x00, 0x21, 0x00, 0x21, 0x00, 0x21, 0x00, 0x21, 0x00, 0x21, 0x00, 0x21, 0x00,
    0x21, 0x00, 0x21, 0x00, 0x21, 0x00, 0x21, 0x00, 0x21, 0x00, 0x21, 0x00, 0x21, 0x00, 0x21, 0x00,
    0x21, 0x00, 0x21, 0x00, 0x21, 0x00, 0x21, 0x00, 0x21, 0x00, 0x21, 0x00, 0x21, 0x00, 0x21, 0x00,
    0x21, 0x00, 0x21, 0x00, 0x01, 0x00, 0x21, 0x08, 0x04, 0x21, 0x6a, 0x7a, 0x67, 0xc1, 0x63, 0xb8,
    0xa4, 0xb8, 0xa4, 0xb8, 0xa4, 0xb8, 0xa4, 0xb8, 0x84, 0xb8, 0x83, 0xb8, 0x84, 0xb8, 0x84, 0xb8,
    0x84, 0xb8, 0xa4, 0xb0, 0xa4, 0xb0, 0x83, 0x80, 0x42, 0x48, 0x83, 0x50, 0x83, 0x48, 0x62, 0x40,
    0xa3, 0x70, 0xc4, 0xb0, 0xa3, 0xb0, 0xc4, 0xb8, 0xa4, 0xb8, 0xa3, 0xb0, 0x83, 0xb0, 0xa3, 0xb0,
    0xa4, 0x98, 0x82, 0x28, 0xa3, 0x10, 0xa3, 0x18, 0xa3, 0x18, 0xa3, 0x18, 0xa3, 0x20, 0xa3, 0x30,
    0x41, 0x28, 0xa3, 0x80, 0xa4, 0xa0, 0xa4, 0xb8, 0x62, 0x48, 0x00, 0x00, 0x00, 0x00, 0x00, 0x00,
    0x00, 0x00, 0x00, 0x00, 0x00, 0x00, 0x00, 0x00, 0x00, 0x00, 0x00, 0x00, 0x00, 0x00, 0x00, 0x00,
    0x00, 0x00, 0x00, 0x00, 0x00, 0x00, 0x00, 0x00, 0x00, 0x00, 0x00, 0x00, 0x00, 0x00, 0x00, 0x00,
    0x00, 0x00, 0x00, 0x00, 0x00, 0x00, 0xa3, 0x78, 0xa3, 0xb0, 0xa4, 0xa8, 0x83, 0xa8, 0xa4, 0xa8,
    0x83, 0x70, 0x83, 0x30, 0xa3, 0x18, 0xa3, 0x18, 0xa3, 0x18, 0xa3, 0x10, 0x83, 0x40, 0xc4, 0xb0,
    0x83, 0xb8, 0x83, 0xb0, 0x83, 0xb8, 0xa4, 0xb8, 0xa4, 0xb8, 0xa4, 0xc0, 0xa4, 0xa0, 0x62, 0x50,
    0x83, 0x40, 0x83, 0x40, 0x83, 0x40, 0x62, 0x40, 0xa4, 0x90, 0xa4, 0xc0, 0xa4, 0xc0, 0xa4, 0xc0,
    0xa4, 0xc0, 0x84, 0xc0, 0x84, 0xc0, 0x84, 0xc0, 0xa4, 0xc0, 0xa4, 0xc0, 0xa4, 0xb8, 0xa4, 0xc0,
    0xa4, 0xc0, 0xa4, 0xc0, 0xa4, 0xc0, 0x05, 0xc1, 0x08, 0x8a, 0x25, 0x29, 0xa3, 0x10, 0x21, 0x00,
    0x21, 0x08, 0x00, 0x00, 0x21, 0x00, 0x21, 0x00, 0x21, 0x00, 0x21, 0x00, 0x21, 0x00, 0x21, 0x00,
    0x21, 0x00, 0x21, 0x00, 0x21, 0x00, 0x21, 0x00, 0x21, 0x00, 0x21, 0x00, 0x21, 0x00, 0x21, 0x00,
    0x21, 0x00, 0x21, 0x00, 0x21, 0x00, 0x00, 0x00, 0x82, 0x10, 0x41, 0x08, 0x01, 0x00, 0x21, 0x00,
    0x21, 0x00, 0x21, 0x00, 0x21, 0x00, 0x21, 0x00, 0x21, 0x00, 0x21, 0x00, 0x21, 0x00, 0x21, 0x00,
    0x21, 0x00, 0x21, 0x00, 0x21, 0x00, 0x21, 0x00, 0x21, 0x00, 0x00, 0x00, 0x42, 0x38, 0x05, 0x69,
    0x00, 0x08, 0x21, 0x00, 0x21, 0x00, 0x21, 0x00, 0x21, 0x00, 0x21, 0x00, 0x21, 0x00, 0x00, 0x00,
    0xe4, 0x60, 0x42, 0x30, 0x00, 0x00, 0x21, 0x00, 0x21, 0x00, 0x21, 0x00, 0x21, 0x00, 0x01, 0x00,
    0x01, 0x00, 0x21, 0x00, 0x21, 0x00, 0x21, 0x00, 0x21, 0x00, 0x21, 0x00, 0x21, 0x00, 0x21, 0x00,
    0x21, 0x00, 0x21, 0x00, 0x21, 0x00, 0x21, 0x00, 0x21, 0x00, 0x21, 0x00, 0x21, 0x00, 0x21, 0x00,
    0x21, 0x00, 0x21, 0x00, 0x21, 0x00, 0x21, 0x00, 0x21, 0x00, 0x21, 0x00, 0x21, 0x00, 0x21, 0x00,
    0x21, 0x00, 0x21, 0x00, 0x21, 0x00, 0x21, 0x00, 0x21, 0x00, 0x21, 0x00, 0x21, 0x00, 0x21, 0x00,
    0x21, 0x00, 0x21, 0x00, 0x00, 0x00, 0x82, 0x10, 0x25, 0x39, 0x46, 0x99, 0xa4, 0xc0, 0xa4, 0xb8,
    0xa4, 0xc0, 0xa4, 0xb8, 0xa4, 0xb8, 0xa4, 0xb8, 0x84, 0xb8, 0x84, 0xb8, 0x84, 0xb8, 0x84, 0xb8,
    0x84, 0xb8, 0xa4, 0xb8, 0xa4, 0xb8, 0x83, 0x88, 0x42, 0x50, 0x63, 0x50, 0x82, 0x48, 0x63, 0x48,
    0x83, 0x70, 0xc4, 0xb8, 0xa3, 0xb0, 0x83, 0xb0, 0xa3, 0xb0, 0xa4, 0xb0, 0x83, 0xb0, 0x83, 0xb0,
    0xa3, 0x98, 0x82, 0x28, 0xa3, 0x10, 0xa3, 0x18, 0xa3, 0x18, 0xa3, 0x18, 0xa3, 0x18, 0x83, 0x38,
    0xa2, 0x70, 0xc4, 0xa8, 0x84, 0xa8, 0xa4, 0xc0, 0x83, 0x58, 0x00, 0x00, 0x00, 0x00, 0x00, 0x00,
    0x00, 0x00, 0x00, 0x00, 0x00, 0x00, 0x00, 0x00, 0x00, 0x00, 0x00, 0x00, 0x00, 0x00, 0x00, 0x00,
    0x00, 0x00, 0x00, 0x00, 0x00, 0x00, 0x00, 0x00, 0x00, 0x00, 0x00, 0x00, 0x00, 0x00, 0x00, 0x00,
    0x00, 0x00, 0x00, 0x00, 0x21, 0x10, 0xa4, 0x88, 0xa4, 0xb8, 0xa4, 0xb0, 0x83, 0xa8, 0xa4, 0xb0,
    0x84, 0x88, 0x82, 0x30, 0xa3, 0x18, 0xa3, 0x18, 0xa3, 0x18, 0x83, 0x10, 0x83, 0x40, 0xc4, 0xb0,
    0x83, 0xb8, 0xa4, 0xb8, 0x84, 0xb8, 0x84, 0xb8, 0xa4, 0xb8, 0xa4, 0xc0, 0xa4, 0xa0, 0x62, 0x50,
    0x83, 0x48, 0x82, 0x48, 0x83, 0x48, 0x62, 0x48, 0xa4, 0x98, 0xa4, 0xc0, 0xa4, 0xc0, 0xa4, 0xc0,
    0x84, 0xc0, 0x84, 0xc0, 0x84, 0xc0, 0x84, 0xc0, 0xa4, 0xc0, 0xa4, 0xc0, 0xa4, 0xc0, 0xa4, 0xb8,
    0xa4, 0xc0, 0xa4, 0xc0, 0xc4, 0xc0, 0x22, 0xb8, 0xc8, 0xb9, 0x0c, 0x73, 0xe4, 0x20, 0xc3, 0x18,
    0x66, 0x31, 0xe4, 0x20, 0x41, 0x08, 0x00, 0x00, 0x00, 0x00, 0x21, 0x00, 0x21, 0x00, 0x21, 0x00,
    0x21, 0x00, 0x21, 0x00, 0x21, 0x00, 0x21, 0x00, 0x21, 0x00, 0x21, 0x00, 0x21, 0x00, 0x21, 0x00,
    0x21, 0x00, 0x21, 0x00, 0x21, 0x00, 0x00, 0x00, 0xc3, 0x18, 0x82, 0x10, 0x00, 0x00, 0x21, 0x00,
    0x21, 0x00, 0x21, 0x00, 0x21, 0x00, 0x21, 0x00, 0x21, 0x00, 0x21, 0x00, 0x21, 0x00, 0x21, 0x00,
    0x21, 0x00, 0x21, 0x00, 0x21, 0x00, 0x21, 0x00, 0x21, 0x00, 0x21, 0x00, 0x01, 0x00, 0x42, 0x18,
    0x21, 0x08, 0x21, 0x00, 0x21, 0x00, 0x21, 0x00, 0x21, 0x00, 0x21, 0x00, 0x21, 0x00, 0x01, 0x08,
    0x41, 0x10, 0x21, 0x00, 0x21, 0x00, 0x21, 0x00, 0x21, 0x00, 0x21, 0x00, 0x21, 0x00, 0x01, 0x00,
    0x01, 0x00, 0x21, 0x00, 0x21, 0x00, 0x21, 0x00, 0x21, 0x00, 0x21, 0x00, 0x21, 0x00, 0x21, 0x00,
    0x21, 0x00, 0x01, 0x00, 0x62, 0x08, 0x62, 0x08, 0x00, 0x00, 0x21, 0x00, 0x21, 0x00, 0x21, 0x00,
    0x21, 0x00, 0x21, 0x00, 0x21, 0x00, 0x21, 0x00, 0x21, 0x00, 0x21, 0x00, 0x21, 0x00, 0x21, 0x00,
    0x21, 0x00, 0x21, 0x00, 0x21, 0x00, 0x21, 0x00, 0x21, 0x00, 0x21, 0x00, 0x21, 0x00, 0x21, 0x00,
    0x21, 0x00, 0x21, 0x00, 0x21, 0x08, 0x25, 0x21, 0x05, 0x59, 0xa4, 0xb8, 0xa4, 0xc0, 0xa4, 0xc0,
    0xa4, 0xc0, 0xa4, 0xb8, 0xa4, 0xb8, 0x83, 0xb8, 0x84, 0xb8, 0x84, 0xb8, 0x84, 0xb8, 0x84, 0xb8,
    0x84, 0xb8, 0x83, 0xb0, 0x83, 0xb0, 0x83, 0x88, 0x42, 0x50, 0x83, 0x50, 0x83, 0x48, 0x63, 0x50,
    0x63, 0x70, 0xa4, 0xb0, 0xa3, 0xb8, 0xa3, 0xb0, 0xa3, 0xb0, 0xa3, 0xb0, 0xa3, 0xb0, 0xa3, 0xb0,
    0xc4, 0xa0, 0x82, 0x30, 0xa3, 0x10, 0xa3, 0x18, 0xa3, 0x18, 0xa3, 0x18, 0x82, 0x20, 0xa3, 0x78,
    0xc4, 0xb0, 0x83, 0xb0, 0x83, 0xb0, 0xc5, 0xc0, 0x83, 0x58, 0x00, 0x00, 0x00, 0x00, 0x00, 0x00,
    0x00, 0x00, 0x00, 0x00, 0x00, 0x00, 0x00, 0x00, 0x00, 0x00, 0x00, 0x00, 0x00, 0x00, 0x00, 0x00,
    0x00, 0x00, 0x00, 0x00, 0x00, 0x00, 0x00, 0x00, 0x00, 0x00, 0x00, 0x00, 0x00, 0x00, 0x00, 0x00,
    0x00, 0x00, 0x00, 0x00, 0x00, 0x00, 0xa3, 0x70, 0xa4, 0xb8, 0x83, 0xa8, 0x83, 0xa8, 0xa4, 0xb0,
    0xc5, 0xb0, 0xa3, 0x48, 0xa3, 0x10, 0xa3, 0x18, 0xa3, 0x18, 0xa3, 0x10, 0x83, 0x40, 0xc4, 0xb0,
    0x84, 0xb8, 0x84, 0xb8, 0x84, 0xb8, 0xa4, 0xb8, 0xa3, 0xb8, 0xa4, 0xc0, 0xa4, 0xa0, 0x62, 0x50,
    0x83, 0x50, 0x82, 0x50, 0x82, 0x50, 0x62, 0x50, 0xa4, 0xa0, 0xa4, 0xc0, 0x84, 0xc0, 0x84, 0xc0,
    0x84, 0xc0, 0x84, 0xc0, 0x84, 0xc0, 0xa4, 0xc0, 0xa4, 0xc0, 0x63, 0xb8, 0x42, 0xb0, 0x83, 0xb0,
    0xa4, 0xc0, 0xa4, 0xc0, 0x83, 0xb8, 0xa9, 0xba, 0xd6, 0xed, 0xba, 0xde, 0xe8, 0x39, 0x46, 0x29,
    0x25, 0x29, 0xe8, 0x41, 0xa7, 0x39, 0x24, 0x21, 0x62, 0x08, 0x21, 0x00, 0x00, 0x00, 0x01, 0x00,
    0x21, 0x00, 0x21, 0x00, 0x21, 0x00, 0x21, 0x00, 0x21, 0x00, 0x21, 0x00, 0x21, 0x00, 0x21, 0x00,
    0x21, 0x00, 0x21, 0x00, 0x21, 0x00, 0x00, 0x00, 0x82, 0x10, 0x05, 0x21, 0x00, 0x00, 0x21, 0x00,
    0x21, 0x00, 0x21, 0x00, 0x21, 0x00, 0x21, 0x00, 0x21, 0x00, 0x21, 0x00, 0x21, 0x00, 0x21, 0x00,
    0x21, 0x00, 0x21, 0x00, 0x20, 0x00, 0x20, 0x00, 0x20, 0x00, 0x21, 0x00, 0x21, 0x00, 0x21, 0x00,
    0x21, 0x00, 0x21, 0x00, 0x21, 0x00, 0x21, 0x00, 0x21, 0x00, 0x21, 0x00, 0x21, 0x00, 0x21, 0x00,
    0x21, 0x00, 0x21, 0x00, 0x01, 0x00, 0x01, 0x00, 0x21, 0x00, 0x21, 0x00, 0x21, 0x00, 0x01, 0x00,
    0x01, 0x00, 0x21, 0x00, 0x21, 0x00, 0x21, 0x00, 0x21, 0x00, 0x21, 0x00, 0x21, 0x00, 0x21, 0x00,
    0x21, 0x00, 0x00, 0x00, 0xe4, 0x18, 0x62, 0x08, 0x00, 0x00, 0x21, 0x00, 0x21, 0x00, 0x21, 0x00,
    0x21, 0x00, 0x21, 0x00, 0x21, 0x00, 0x21, 0x00, 0x21, 0x00, 0x21, 0x00, 0x21, 0x00, 0x21, 0x00,
    0x21, 0x00, 0x21, 0x00, 0x21, 0x00, 0x21, 0x00, 0x21, 0x00, 0x21, 0x00, 0x21, 0x00, 0x21, 0x00,
    0x21, 0x00, 0x00, 0x00, 0xc3, 0x18, 0x45, 0x41, 0xc4, 0x98, 0xa4, 0xc0, 0xa4, 0xc0, 0xa4, 0xc0,
    0xa4, 0xc0, 0xa4, 0xc0, 0xa4, 0xb8, 0xa4, 0xb8, 0xa4, 0xb8, 0xa4, 0xb8, 0xa4, 0xb8, 0x84, 0xb8,
    0x83, 0xb8, 0xa3, 0xb8, 0x83, 0xb0, 0x83, 0x90, 0x62, 0x58, 0x82, 0x50, 0x82, 0x50, 0x62, 0x50,
    0x83, 0x68, 0xc4, 0xb0, 0xa4, 0xb8, 0xa4, 0xb8, 0xa3, 0xb0, 0xa3, 0xb0, 0x83, 0xb0, 0xa3, 0xb0,
    0xa4, 0xa8, 0x82, 0x38, 0xa3, 0x10, 0xa3, 0x18, 0xa3, 0x18, 0xa3, 0x10, 0xa3, 0x28, 0xc4, 0x98,
    0x83, 0xb0, 0xa3, 0xb8, 0x83, 0xb8, 0xc4, 0xc0, 0x83, 0x58, 0x00, 0x00, 0x00, 0x00, 0x00, 0x00,
    0x00, 0x00, 0x00, 0x00, 0x00, 0x00, 0x00, 0x00, 0x00, 0x00, 0x00, 0x00, 0x00, 0x00, 0x00, 0x00,
    0x00, 0x00, 0x00, 0x00, 0x00, 0x00, 0x00, 0x00, 0x00, 0x00, 0x00, 0x00, 0x00, 0x00, 0x00, 0x00,
    0x00, 0x00, 0x00, 0x00, 0x00, 0x00, 0x83, 0x58, 0xa4, 0xc0, 0xa4, 0xb8, 0xa4, 0xb8, 0x83, 0xb0,
    0xa4, 0xb0, 0x83, 0x50, 0xa3, 0x10, 0xa3, 0x18, 0xa3, 0x18, 0xa3, 0x10, 0x83, 0x40, 0xa4, 0xb0,
    0x83, 0xb8, 0x84, 0xb8, 0xa4, 0xb8, 0xa4, 0xb8, 0xa3, 0xb8, 0xa4, 0xc0, 0xa4, 0xa0, 0x82, 0x58,
    0x83, 0x50, 0x83, 0x58, 0x83, 0x50, 0x63, 0x58, 0xa4, 0xa0, 0xa4, 0xc0, 0xa4, 0xc0, 0xa4, 0xc0,
    0x84, 0xc0, 0xa4, 0xc0, 0xa4, 0xc0, 0x84, 0xc0, 0x42, 0xb0, 0x65, 0xa9, 0xd2, 0xdc, 0xf2, 0xdc,
    0x04, 0xb1, 0x21, 0xb0, 0xcb, 0xba, 0xbe, 0xff, 0x7a, 0xc6, 0x7d, 0xef, 0xaf, 0x73, 0x04, 0x21,
    0x66, 0x31, 0x46, 0x29, 0xe8, 0x41, 0xe8, 0x41, 0xa7, 0x39, 0x66, 0x31, 0x04, 0x21, 0x41, 0x08,
    0x00, 0x00, 0x21, 0x00, 0x21, 0x00, 0x21, 0x00, 0x21, 0x00, 0x21, 0x00, 0x21, 0x00, 0x21, 0x00,
    0x21, 0x00, 0x21, 0x00, 0x21, 0x00, 0x01, 0x00, 0x01, 0x00, 0x66, 0x31, 0x82, 0x10, 0x00, 0x00,
    0x21, 0x00, 0x21, 0x00, 0x21, 0x00, 0x21, 0x00, 0x21, 0x00, 0x21, 0x00, 0x21, 0x00, 0x21, 0x00,
    0x21, 0x00, 0x21, 0x00, 0x21, 0x00, 0x21, 0x00, 0x21, 0x00, 0x21, 0x00, 0x21, 0x00, 0x21, 0x00,
    0x21, 0x00, 0x21, 0x00, 0x21, 0x00, 0x21, 0x00, 0x21, 0x00, 0x21, 0x00, 0x21, 0x00, 0x21, 0x00,
    0x21, 0x00, 0x21, 0x00, 0x21, 0x00, 0x21, 0x00, 0x21, 0x00, 0x21, 0x00, 0x21, 0x00, 0x21, 0x00,
    0x21, 0x00, 0x21, 0x00, 0x21, 0x00, 0x21, 0x00, 0x21, 0x00, 0x21, 0x00, 0x21, 0x00, 0x21, 0x00,
    0x00, 0x00, 0x62, 0x10, 0x25, 0x21, 0x01, 0x00, 0x21, 0x00, 0x21, 0x00, 0x21, 0x00, 0x21, 0x00,
    0x21, 0x00, 0x21, 0x00, 0x21, 0x00, 0x21, 0x00, 0x21, 0x00, 0x21, 0x00, 0x21, 0x00, 0x21, 0x00,
    0x21, 0x00, 0x21, 0x00, 0x21, 0x00, 0x21, 0x00, 0x21, 0x00, 0x21, 0x00, 0x21, 0x00, 0x00, 0x00,
    0x00, 0x00, 0x42, 0x08, 0x45, 0x31, 0x04, 0x79, 0xa4, 0xc0, 0x84, 0xc0, 0xa4, 0xc0, 0xa4, 0xc0,
    0xa4, 0xc0, 0xa4, 0xb8, 0xa4, 0xb8, 0xa4, 0xb8, 0xa4, 0xb8, 0xa4, 0xb8, 0xa4, 0xb8, 0x83, 0xb8,
    0xa4, 0xb8, 0x83, 0xb0, 0x83, 0xb0, 0x63, 0x90, 0x62, 0x60, 0x82, 0x58, 0x83, 0x58, 0x62, 0x58,
    0x63, 0x70, 0xc4, 0xb0, 0xa4, 0xb8, 0x84, 0xb8, 0xa4, 0xb8, 0xa4, 0xb8, 0xa4, 0xb8, 0xa3, 0xb8,
    0xa4, 0xa8, 0x83, 0x38, 0xa3, 0x10, 0xa3, 0x18, 0xa3, 0x18, 0xa3, 0x18, 0x83, 0x30, 0xa4, 0x90,
    0xa3, 0xa8, 0x83, 0xb0, 0x84, 0xb8, 0xc5, 0xc0, 0x63, 0x58, 0x00, 0x00, 0x00, 0x00, 0x00, 0x00,
    0x00, 0x00, 0x00, 0x00, 0x00, 0x00, 0x00, 0x00, 0x00, 0x00, 0x00, 0x00, 0x00, 0x00, 0x00, 0x00,
    0x00, 0x00, 0x00, 0x00, 0x00, 0x00, 0x00, 0x00, 0x00, 0x00, 0x00, 0x00, 0x00, 0x00, 0x00, 0x00,
    0x00, 0x00, 0x00, 0x00, 0x00, 0x00, 0x62, 0x58, 0xa4, 0xc0, 0x84, 0xb8, 0xa4, 0xb8, 0xa3, 0xb8,
    0xa4, 0xb0, 0xa3, 0x50, 0xa3, 0x10, 0xa3, 0x18, 0xa3, 0x18, 0xa3, 0x10, 0x83, 0x40, 0xa4, 0xb0,
    0x83, 0xb8, 0x84, 0xb8, 0xa4, 0xb8, 0xa4, 0xb8, 0xa3, 0xb8, 0xa4, 0xc0, 0xa4, 0xa0, 0x82, 0x58,
    0x83, 0x58, 0x83, 0x58, 0x63, 0x58, 0x42, 0x58, 0xa4, 0xa8, 0xa4, 0xc0, 0x83, 0xb8, 0x84, 0xb8,
    0xa4, 0xc0, 0x84, 0xc0, 0x43, 0xb8, 0x04, 0xb1, 0x0f, 0xcc, 0x3c, 0xff, 0xba, 0xd6, 0xff, 0xff,
    0xd2, 0xcc, 0x4c, 0xb3, 0x7d, 0xff, 0x11, 0x84, 0x00, 0x00, 0x45, 0x29, 0xe4, 0x20, 0x00, 0x00,
    0x66, 0x31, 0x66, 0x29, 0x86, 0x31, 0xc7, 0x39, 0xc7, 0x39, 0xc7, 0x39, 0xc8, 0x39, 0x87, 0x31,
    0x83, 0x10, 0x00, 0x00, 0x21, 0x00, 0x21, 0x00, 0x21, 0x00, 0x21, 0x00, 0x21, 0x00, 0x21, 0x00,
    0x21, 0x00, 0x21, 0x00, 0x21, 0x00, 0x21, 0x00, 0x00, 0x00, 0xc3, 0x18, 0x66, 0x31, 0x01, 0x00,
    0x21, 0x00, 0x21, 0x00, 0x21, 0x00, 0x21, 0x00, 0x21, 0x00, 0x21, 0x00, 0x21, 0x00, 0x21, 0x00,
    0x21, 0x00, 0x21, 0x00, 0x21, 0x00, 0x21, 0x00, 0x21, 0x00, 0x21, 0x00, 0x21, 0x00, 0x21, 0x00,
    0x21, 0x00, 0x21, 0x00, 0x21, 0x00, 0x21, 0x00, 0x21, 0x00, 0x21, 0x00, 0x21, 0x00, 0x21, 0x00,
    0x21, 0x00, 0x21, 0x00, 0x21, 0x00, 0x21, 0x00, 0x21, 0x00, 0x21, 0x00, 0x21, 0x00, 0x21, 0x00,
    0x21, 0x00, 0x21, 0x00, 0x21, 0x00, 0x21, 0x00, 0x21, 0x00, 0x21, 0x00, 0x21, 0x00, 0x21, 0x00,
    0x00, 0x00, 0x45, 0x29, 0xa3, 0x18, 0x00, 0x00, 0x21, 0x00, 0x21, 0x00, 0x21, 0x00, 0x21, 0x00,
    0x21, 0x00, 0x21, 0x00, 0x21, 0x00, 0x21, 0x00, 0x21, 0x00, 0x21, 0x00, 0x21, 0x00, 0x21, 0x00,
    0x21, 0x00, 0x21, 0x00, 0x21, 0x00, 0x21, 0x00, 0x21, 0x00, 0x21, 0x00, 0x00, 0x00, 0x82, 0x10,
    0x21, 0x00, 0xc3, 0x18, 0x28, 0x5a, 0x24, 0x99, 0x83, 0xc0, 0xa4, 0xc0, 0xa3, 0xc0, 0xa3, 0xc0,
    0xa4, 0xc0, 0xa4, 0xc0, 0xa4, 0xb8, 0xa4, 0xb8, 0xa4, 0xb8, 0xa4, 0xb8, 0xa4, 0xb8, 0xa3, 0xb8,
    0x83, 0xb0, 0x83, 0xb0, 0x83, 0xb0, 0x83, 0xa0, 0x62, 0x68, 0x62, 0x60, 0x82, 0x60, 0x83, 0x60,
    0x63, 0x78, 0xc4, 0xb0, 0xc4, 0xb8, 0x83, 0xb0, 0x84, 0xb8, 0xa4, 0xb8, 0xa4, 0xb8, 0xa3, 0xb8,
    0xc4, 0xa8, 0x83, 0x38, 0xa3, 0x10, 0xa3, 0x18, 0xa3, 0x18, 0xa3, 0x10, 0x83, 0x30, 0x83, 0x90,
    0x83, 0xa8, 0x83, 0xb0, 0x84, 0xb8, 0xc5, 0xc0, 0x63, 0x50, 0x00, 0x00, 0x00, 0x00, 0x00, 0x00,
    0x00, 0x00, 0x00, 0x00, 0x00, 0x00, 0x00, 0x00, 0x00, 0x00, 0x00, 0x00, 0x00, 0x00, 0x00, 0x00,
    0x00, 0x00, 0x00, 0x00, 0x00, 0x00, 0x00, 0x00, 0x00, 0x00, 0x00, 0x00, 0x00, 0x00, 0x00, 0x00,
    0x00, 0x00, 0x00, 0x00, 0x00, 0x00, 0x63, 0x58, 0xc5, 0xc0, 0xa4, 0xc0, 0xa4, 0xc0, 0x84, 0xb8,
    0xc5, 0xb8, 0xa3, 0x60, 0x83, 0x10, 0xa3, 0x18, 0xa3, 0x18, 0xa3, 0x10, 0x83, 0x40, 0xc4, 0xb0,
    0x83, 0xb8, 0x84, 0xb8, 0x84, 0xb8, 0x84, 0xb8, 0xa4, 0xb8, 0xa4, 0xc0, 0x84, 0xa0, 0x62, 0x60,
    0x83, 0x60, 0x62, 0x60, 0x62, 0x60, 0x62, 0x60, 0xa4, 0xa8, 0xa4, 0xc0, 0x84, 0xb8, 0x84, 0xb8,
    0x84, 0xc0, 0xe4, 0xb0, 0xae, 0xcb, 0x3c, 0xff, 0x9e, 0xef, 0xaf, 0x73, 0x41, 0x08, 0xd3, 0x9c,
    0xff, 0xff, 0x39, 0xc6, 0xfc, 0xde, 0x82, 0x08, 0x00, 0x00, 0x00, 0x00, 0x01, 0x00, 0x01, 0x00,
    0x21, 0x08, 0x66, 0x29, 0x46, 0x29, 0x86, 0x31, 0xc7, 0x39, 0xa7, 0x39, 0xa7, 0x39, 0xc7, 0x39,
    0xc7, 0x39, 0xa3, 0x18, 0x00, 0x00, 0x21, 0x00, 0x21, 0x00, 0x21, 0x00, 0x21, 0x00, 0x21, 0x00,
    0x21, 0x00, 0x21, 0x00, 0x01, 0x00, 0x21, 0x00, 0x21, 0x00, 0x00, 0x00, 0x66, 0x29, 0x04, 0x21,
    0x00, 0x00, 0x21, 0x00, 0x21, 0x00, 0x21, 0x00, 0x21, 0x00, 0x21, 0x00, 0x21, 0x00, 0x21, 0x00,
    0x21, 0x00, 0x21, 0x00, 0x21, 0x00, 0x21, 0x00, 0x21, 0x00, 0x21, 0x00, 0x21, 0x00, 0x21, 0x00,
    0x21, 0x00, 0x21, 0x00, 0x21, 0x00, 0x21, 0x00, 0x21, 0x00, 0x21, 0x00, 0x21, 0x00, 0x21, 0x00,
    0x21, 0x00, 0x21, 0x00, 0x21, 0x00, 0x21, 0x00, 0x21, 0x00, 0x21, 0x00, 0x21, 0x00, 0x21, 0x00,
    0x21, 0x00, 0x21, 0x00, 0x21, 0x00, 0x21, 0x00, 0x21, 0x00, 0x21, 0x00, 0x21, 0x00, 0x00, 0x00,
    0xa3, 0x18, 0x86, 0x31, 0x21, 0x00, 0x21, 0x00, 0x01, 0x08, 0x01, 0x00, 0x21, 0x00, 0x21, 0x00,
    0x21, 0x00, 0x21, 0x00, 0x21, 0x00, 0x21, 0x00, 0x21, 0x00, 0x21, 0x00, 0x21, 0x00, 0x21, 0x00,
    0x21, 0x00, 0x21, 0x00, 0x21, 0x00, 0x21, 0x00, 0x00, 0x00, 0x00, 0x00, 0x45, 0x29, 0x04, 0x21,
    0x20, 0x00, 0xe7, 0x39, 0xfc, 0xe6, 0x55, 0xdd, 0x24, 0xa9, 0x62, 0xb8, 0xc3, 0xc0, 0xa3, 0xc0,
    0x83, 0xb8, 0x42, 0xb8, 0x83, 0xb8, 0xa4, 0xc0, 0x83, 0xb8, 0x83, 0xb8, 0xa4, 0xb8, 0xa3, 0xb8,
    0xa4, 0xb0, 0x83, 0xb0, 0x83, 0xa8, 0xa3, 0xa0, 0x62, 0x70, 0x82, 0x68, 0x83, 0x68, 0x62, 0x68,
    0x63, 0x80, 0xa4, 0xb8, 0xa4, 0xb8, 0xa4, 0xb8, 0xa4, 0xb8, 0xa4, 0xb8, 0xa4, 0xb8, 0xa3, 0xb8,
    0xa4, 0xa8, 0x83, 0x38, 0xa3, 0x10, 0xa3, 0x18, 0xa3, 0x18, 0xa3, 0x10, 0x83, 0x38, 0xa4, 0x90,
    0x83, 0xa8, 0xa4, 0xb8, 0x84, 0xb8, 0xc4, 0xc0, 0x82, 0x50, 0x00, 0x00, 0x00, 0x00, 0x00, 0x00,
    0x00, 0x00, 0x00, 0x00, 0x00, 0x00, 0x00, 0x00, 0x00, 0x00, 0x00, 0x00, 0x00, 0x00, 0x00, 0x00,
    0x00, 0x00, 0x00, 0x00, 0x00, 0x00, 0x00, 0x00, 0x00, 0x00, 0x00, 0x00, 0x00, 0x00, 0x00, 0x00,
    0x00, 0x00, 0x00, 0x00, 0x00, 0x00, 0x41, 0x28, 0xa3, 0x88, 0x83, 0x90, 0xa3, 0x98, 0xa4, 0xa0,
    0xc4, 0xa8, 0xa4, 0x60, 0x83, 0x10, 0xa3, 0x18, 0xa3, 0x18, 0xa3, 0x10, 0x83, 0x38, 0xa4, 0xb0,
    0x83, 0xb8, 0x84, 0xb8, 0x84, 0xb8, 0x84, 0xb8, 0xa4, 0xb8, 0xa4, 0xc0, 0x84, 0xa0, 0x62, 0x68,
    0x83, 0x68, 0x62, 0x68, 0x62, 0x68, 0x63, 0x70, 0xa5, 0xb0, 0xa4, 0xc0, 0xa4, 0xb8, 0xa4, 0xc0,
    0x63, 0xb8, 0x51, 0xd4, 0x9e, 0xf7, 0x92, 0x8c, 0x45, 0x29, 0x2c, 0x63, 0x95, 0xb5, 0x45, 0x29,
    0x9a, 0xd6, 0x10, 0x84, 0x34, 0xa5, 0x21, 0x00, 0x21, 0x00, 0x21, 0x00, 0x21, 0x00, 0x21, 0x00,
    0x01, 0x00, 0x41, 0x08, 0x86, 0x31, 0x66, 0x31, 0x87, 0x31, 0xc7, 0x39, 0xa7, 0x39, 0xa7, 0x39,
    0xc7, 0x39, 0xc7, 0x39, 0x82, 0x10, 0x00, 0x00, 0x21, 0x00, 0x21, 0x00, 0x21, 0x00, 0x21, 0x00,
    0x21, 0x00, 0x01, 0x00, 0x01, 0x00, 0x01, 0x00, 0x21, 0x08, 0x21, 0x00, 0x42, 0x08, 0xa7, 0x31,
    0x62, 0x10, 0x00, 0x00, 0x21, 0x00, 0x21, 0x00, 0x21, 0x00, 0x21, 0x00, 0x21, 0x00, 0x21, 0x00,
    0x21, 0x00, 0x21, 0x00, 0x21, 0x00, 0x21, 0x00, 0x21, 0x00, 0x21, 0x00, 0x21, 0x00, 0x21, 0x00,
    0x21, 0x00, 0x21, 0x00, 0x21, 0x00, 0x21, 0x00, 0x21, 0x00, 0x21, 0x00, 0x21, 0x00, 0x21, 0x00,
    0x21, 0x00, 0x21, 0x00, 0x21, 0x00, 0x21, 0x00, 0x21, 0x00, 0x21, 0x00, 0x21, 0x00, 0x21, 0x00,
    0x21, 0x00, 0x21, 0x00, 0x21, 0x00, 0x21, 0x00, 0x21, 0x00, 0x21, 0x00, 0x01, 0x00, 0x21, 0x08,
    0xc7, 0x39, 0xc3, 0x18, 0x00, 0x00, 0x21, 0x00, 0x01, 0x00, 0x21, 0x00, 0x21, 0x00, 0x21, 0x00,
    0x21, 0x00, 0x21, 0x00, 0x21, 0x00, 0x21, 0x00, 0x21, 0x00, 0x21, 0x00, 0x21, 0x00, 0x21, 0x00,
    0x21, 0x00, 0x21, 0x00, 0x21, 0x00, 0x00, 0x00, 0x42, 0x08, 0xa7, 0x31, 0x86, 0x31, 0xe4, 0x18,
    0x20, 0x00, 0x51, 0x8c, 0xff, 0xff, 0x9e, 0xf7, 0x98, 0xe6, 0x07, 0xb2, 0x63, 0xb0, 0x42, 0xb0,
    0x08, 0xba, 0xae, 0xcb, 0x65, 0xb1, 0x62, 0xb0, 0xa4, 0xb8, 0xc4, 0xb8, 0xa4, 0xb8, 0xa3, 0xb0,
    0xa4, 0xb8, 0x84, 0xb0, 0x63, 0x98, 0x42, 0x80, 0x62, 0x68, 0x62, 0x68, 0x63, 0x70, 0x62, 0x68,
    0x63, 0x88, 0xa4, 0xb8, 0xa4, 0xb8, 0xa4, 0xb8, 0xa4, 0xb8, 0xa3, 0xb8, 0xa4, 0xb8, 0xa3, 0xb8,
    0xc4, 0xa8, 0x83, 0x38, 0xa3, 0x10, 0xa3, 0x18, 0xa3, 0x18, 0xa3, 0x18, 0x82, 0x28, 0xa4, 0x90,
    0x84, 0xb0, 0xa4, 0xb8, 0x83, 0xb8, 0xc5, 0xc0, 0x62, 0x48, 0x00, 0x00, 0x00, 0x00, 0x00, 0x00,
    0x00, 0x00, 0x00, 0x00, 0x00, 0x00, 0x00, 0x00, 0x00, 0x00, 0x00, 0x00, 0x00, 0x00, 0x00, 0x00,
    0x00, 0x00, 0x00, 0x00, 0x00, 0x00, 0x00, 0x00, 0x00, 0x00, 0x00, 0x00, 0x00, 0x00, 0x00, 0x00,
    0x00, 0x00, 0x00, 0x00, 0x00, 0x00, 0x00, 0x08, 0x82, 0x60, 0x82, 0x78, 0x83, 0x80, 0x83, 0x90,
    0x83, 0x98, 0xa3, 0x60, 0x83, 0x10, 0xa3, 0x18, 0xa3, 0x18, 0xa3, 0x10, 0x83, 0x30, 0xa4, 0xa8,
    0x83, 0xb8, 0x84, 0xb8, 0x84, 0xb8, 0x84, 0xb8, 0xa4, 0xb8, 0xa4, 0xc0, 0x84, 0xa8, 0x62, 0x70,
    0x63, 0x70, 0x83, 0x70, 0x42, 0x68, 0x41, 0x68, 0x83, 0xa0, 0x63, 0xc0, 0xc4, 0xc0, 0xa4, 0xc0,
    0x43, 0xb0, 0x56, 0xed, 0xcf, 0x73, 0x45, 0x29, 0x9a, 0xd6, 0xff, 0xff, 0xbf, 0xf7, 0x08, 0x42,
    0x6a, 0x4a, 0x39, 0xc6, 0x08, 0x42, 0x21, 0x00, 0x01, 0x00, 0x21, 0x00, 0x21, 0x00, 0x21, 0x00,
    0x21, 0x00, 0x00, 0x00, 0x82, 0x10, 0x87, 0x31, 0x46, 0x31, 0xa7, 0x39, 0xc7, 0x39, 0xc7, 0x39,
    0xa7, 0x39, 0xc7, 0x39, 0xa7, 0x39, 0x82, 0x10, 0x00, 0x00, 0x21, 0x00, 0x21, 0x00, 0x21, 0x00,
    0x21, 0x00, 0x01, 0x00, 0x01, 0x00, 0x01, 0x00, 0x01, 0x00, 0xa3, 0x10, 0x41, 0x08, 0x83, 0x10,
    0x66, 0x31, 0x21, 0x00, 0x21, 0x00, 0x21, 0x00, 0x21, 0x00, 0x21, 0x00, 0x21, 0x00, 0x21, 0x00,
    0x21, 0x00, 0x21, 0x00, 0x21, 0x00, 0x21, 0x00, 0x21, 0x00, 0x21, 0x00, 0x21, 0x00, 0x21, 0x00,
    0x21, 0x00, 0x21, 0x00, 0x21, 0x00, 0x21, 0x00, 0x21, 0x00, 0x21, 0x00, 0x21, 0x00, 0x21, 0x00,
    0x21, 0x00, 0x21, 0x00, 0x21, 0x00, 0x21, 0x00, 0x21, 0x00, 0x21, 0x00, 0x21, 0x00, 0x21, 0x00,
    0x21, 0x00, 0x21, 0x00, 0x21, 0x00, 0x21, 0x00, 0x21, 0x00, 0x21, 0x00, 0x00, 0x00, 0x46, 0x29,
    0xa6, 0x31, 0x00, 0x00, 0x21, 0x00, 0x01, 0x00, 0x01, 0x00, 0x21, 0x00, 0x21, 0x00, 0x21, 0x00,
    0x21, 0x00, 0x21, 0x00, 0x21, 0x00, 0x21, 0x00, 0x21, 0x00, 0x21, 0x00, 0x21, 0x00, 0x21, 0x00,
    0x21, 0x00, 0x00, 0x00, 0x21, 0x00, 0x04, 0x21, 0x29, 0x42, 0xa7, 0x31, 0x45, 0x29, 0x25, 0x21,
    0x00, 0x00, 0x05, 0x21, 0x49, 0x4a, 0xe8, 0x39, 0x3d, 0xe7, 0x5d, 0xff, 0x10, 0xc4, 0x6d, 0xc3,
    0xba, 0xee, 0xdf, 0xf7, 0x5b, 0xff, 0x10, 0xcc, 0xe4, 0xa8, 0x62, 0xb0, 0xa4, 0xb8, 0xa4, 0xb8,
    0x83, 0xb0, 0x83, 0xa8, 0x83, 0x98, 0x84, 0x98, 0x83, 0x80, 0x62, 0x78, 0x63, 0x78, 0x62, 0x68,
    0x62, 0x88, 0xc4, 0xb8, 0xa4, 0xc0, 0xa3, 0xb8, 0xa4, 0xb8, 0xa3, 0xb8, 0xa4, 0xb8, 0xc4, 0xb8,
    0xc4, 0xa8, 0x83, 0x30, 0xa3, 0x18, 0xa3, 0x18, 0xa3, 0x18, 0xa3, 0x18, 0xc3, 0x38, 0x83, 0x80,
    0xa4, 0xb0, 0xa4, 0xb8, 0x83, 0xb8, 0xc4, 0xc0, 0x62, 0x40, 0x00, 0x00, 0x00, 0x00, 0x00, 0x00,
    0x00, 0x00, 0x00, 0x00, 0x00, 0x00, 0x00, 0x00, 0x00, 0x00, 0x00, 0x00, 0x00, 0x00, 0x00, 0x00,
    0x00, 0x00, 0x00, 0x00, 0x00, 0x00, 0x00, 0x00, 0x00, 0x00, 0x00, 0x00, 0x00, 0x00, 0x00, 0x00,
    0x00, 0x00, 0x00, 0x00, 0x00, 0x00, 0x00, 0x10, 0xa4, 0x88, 0xa3, 0xa0, 0xa4, 0xa0, 0xc5, 0xb8,
    0xc5, 0xc0, 0xa3, 0x70, 0x83, 0x10, 0xa3, 0x18, 0xa3, 0x18, 0xa3, 0x10, 0xa3, 0x28, 0xc4, 0xa0,
    0xa4, 0xb8, 0x84, 0xb8, 0x84, 0xc0, 0x84, 0xc0, 0xa4, 0xb8, 0xa4, 0xc0, 0x84, 0xa8, 0x62, 0x78,
    0x63, 0x78, 0x21, 0x70, 0xc2, 0x70, 0x30, 0xb4, 0xf5, 0xe5, 0x07, 0xb2, 0x42, 0xa8, 0xa4, 0xc0,
    0x22, 0xb0, 0x6e, 0xcb, 0x34, 0xa5, 0x04, 0x21, 0xdb, 0xde, 0xf0, 0x83, 0x04, 0x21, 0x62, 0x10,
    0x00, 0x00, 0x09, 0x42, 0x42, 0x08, 0x01, 0x00, 0x21, 0x00, 0x20, 0x00, 0x20, 0x00, 0x20, 0x00,
    0x21, 0x00, 0x21, 0x08, 0x01, 0x00, 0x83, 0x10, 0xa7, 0x39, 0x66, 0x31, 0xa7, 0x39, 0xc7, 0x39,
    0xa7, 0x39, 0xa7, 0x39, 0xe8, 0x39, 0x86, 0x31, 0xa3, 0x18, 0x01, 0x00, 0x21, 0x00, 0x21, 0x00,
    0x21, 0x00, 0x21, 0x00, 0x21, 0x00, 0x01, 0x00, 0x01, 0x00, 0x21, 0x08, 0x04, 0x21, 0x21, 0x08,
    0x04, 0x21, 0x25, 0x21, 0x00, 0x00, 0x21, 0x00, 0x21, 0x00, 0x21, 0x00, 0x21, 0x00, 0x21, 0x00,
    0x21, 0x00, 0x21, 0x00, 0x21, 0x00, 0x21, 0x00, 0x21, 0x00, 0x21, 0x00, 0x21, 0x00, 0x21, 0x00,
    0x21, 0x00, 0x21, 0x00, 0x21, 0x00, 0x21, 0x00, 0x21, 0x00, 0x21, 0x00, 0x21, 0x00, 0x21, 0x00,
    0x21, 0x00, 0x21, 0x00, 0x21, 0x00, 0x21, 0x00, 0x21, 0x00, 0x21, 0x00, 0x21, 0x00, 0x21, 0x00,
    0x21, 0x00, 0x21, 0x00, 0x21, 0x00, 0x21, 0x00, 0x21, 0x00, 0x00, 0x00, 0xc3, 0x18, 0x08, 0x42,
    0x82, 0x10, 0x00, 0x00, 0x21, 0x00, 0x01, 0x00, 0x01, 0x00, 0x21, 0x00, 0x21, 0x00, 0x21, 0x00,
    0x21, 0x00, 0x21, 0x00, 0x21, 0x00, 0x21, 0x00, 0x21, 0x00, 0x21, 0x00, 0x21, 0x00, 0x21, 0x00,
    0x00, 0x00, 0x41, 0x08, 0xa7, 0x31, 0x4a, 0x4a, 0xc7, 0x39, 0x65, 0x29, 0x45, 0x29, 0x00, 0x00,
    0x21, 0x00, 0x00, 0x00, 0x00, 0x00, 0x00, 0x00, 0xe4, 0x20, 0xcf, 0x7b, 0xff, 0xff, 0xfb, 0xde,
    0x7d, 0xf7, 0xe7, 0x41, 0x2c, 0x63, 0x9d, 0xef, 0xda, 0xf6, 0x0b, 0xbb, 0xc4, 0xa8, 0x83, 0xb0,
    0x83, 0xb0, 0x83, 0xb0, 0x83, 0xa8, 0x84, 0xa8, 0x83, 0x90, 0x62, 0x80, 0x62, 0x80, 0x62, 0x78,
    0x83, 0x90, 0xa4, 0xb8, 0xa4, 0xc0, 0xa4, 0xb8, 0xa4, 0xc0, 0xa4, 0xc0, 0xa4, 0xb8, 0xa4, 0xc0,
    0xc4, 0xa0, 0x83, 0x28, 0xa3, 0x18, 0xa3, 0x18, 0xa3, 0x18, 0xa2, 0x18, 0xc4, 0x58, 0xa3, 0x88,
    0x83, 0xa8, 0x84, 0xb8, 0xa4, 0xc0, 0xa4, 0xb8, 0x41, 0x38, 0x00, 0x00, 0x00, 0x00, 0x00, 0x00,
    0x00, 0x00, 0x00, 0x00, 0x00, 0x00, 0x00, 0x00, 0x00, 0x00, 0x00, 0x00, 0x00, 0x00, 0x00, 0x00,
    0x00, 0x00, 0x00, 0x00, 0x00, 0x00, 0x00, 0x00, 0x00, 0x00, 0x00, 0x00, 0x00, 0x00, 0x00, 0x00,
    0x00, 0x00, 0x00, 0x00, 0x00, 0x00, 0x00, 0x10, 0xa4, 0x88, 0xa4, 0xa8, 0xa4, 0xa8, 0xa4, 0xb0,
    0xc4, 0xb8, 0xc3, 0x80, 0x83, 0x20, 0xa3, 0x18, 0xa3, 0x18, 0xa3, 0x18, 0x82, 0x20, 0xa4, 0x98,
    0xa4, 0xc0, 0x84, 0xb8, 0x84, 0xb8, 0x84, 0xb8, 0x84, 0xb8, 0xa4, 0xc0, 0xa4, 0xb0, 0x42, 0x80,
    0x21, 0x68, 0x07, 0x8a, 0x99, 0xee, 0xff, 0xff, 0x7a, 0xce, 0xfb, 0xee, 0xf2, 0xd4, 0x86, 0xb1,
    0x04, 0xa9, 0xb1, 0xcc, 0xff, 0xff, 0xc7, 0x39, 0x61, 0x08, 0x00, 0x00, 0x00, 0x00, 0x21, 0x00,
    0x21, 0x00, 0x00, 0x00, 0x21, 0x00, 0x21, 0x00, 0x21, 0x00, 0x21, 0x00, 0x21, 0x00, 0x21, 0x00,
    0x21, 0x00, 0x21, 0x00, 0x21, 0x00, 0x01, 0x00, 0xa3, 0x18, 0xa7, 0x39, 0x46, 0x31, 0xa7, 0x39,
    0xc7, 0x39, 0xc7, 0x39, 0xa7, 0x39, 0xa7, 0x39, 0x66, 0x31, 0x25, 0x29, 0x01, 0x00, 0x21, 0x00,
    0x21, 0x00, 0x21, 0x00, 0x21, 0x00, 0x01, 0x00, 0x21, 0x00, 0x00, 0x00, 0x62, 0x10, 0x66, 0x29,
    0x41, 0x08, 0x25, 0x29, 0xc3, 0x18, 0x00, 0x00, 0x21, 0x00, 0x21, 0x00, 0x21, 0x00, 0x21, 0x00,
    0x21, 0x00, 0x21, 0x00, 0x21, 0x00, 0x21, 0x00, 0x21, 0x00, 0x21, 0x00, 0x21, 0x00, 0x21, 0x00,
    0x21, 0x00, 0x21, 0x00, 0x21, 0x00, 0x21, 0x00, 0x21, 0x00, 0x21, 0x00, 0x21, 0x00, 0x21, 0x00,
    0x21, 0x00, 0x21, 0x00, 0x21, 0x00, 0x21, 0x00, 0x21, 0x00, 0x21, 0x00, 0x21, 0x00, 0x21, 0x00,
    0x21, 0x00, 0x21, 0x00, 0x21, 0x00, 0x21, 0x00, 0x00, 0x00, 0x62, 0x08, 0xe8, 0x39, 0x25, 0x29,
    0x00, 0x00, 0x21, 0x00, 0x21, 0x00, 0x21, 0x00, 0x21, 0x00, 0x21, 0x00, 0x21, 0x00, 0x21, 0x00,
    0x21, 0x00, 0x21, 0x00, 0x21, 0x00, 0x21, 0x00, 0x21, 0x00, 0x21, 0x00, 0x21, 0x00, 0x00, 0x00,
    0x82, 0x10, 0xe8, 0x39, 0x6a, 0x4a, 0xc7, 0x39, 0x66, 0x31, 0x66, 0x31, 0x00, 0x00, 0x01, 0x00,
    0x21, 0x00, 0x21, 0x00, 0x21, 0x08, 0x42, 0x08, 0x00, 0x00, 0x29, 0x4a, 0x5d, 0xef, 0x71, 0x94,
    0x55, 0xad, 0xc7, 0x39, 0x49, 0x4a, 0xe3, 0x18, 0x34, 0xa5, 0xdf, 0xff, 0xf7, 0xe5, 0x86, 0xb1,
    0x42, 0xa8, 0x83, 0xa8, 0x84, 0xa8, 0xa4, 0xa8, 0x83, 0x90, 0x63, 0x88, 0x83, 0x90, 0x83, 0x90,
    0x83, 0xa0, 0xa4, 0xb8, 0xa4, 0xb8, 0xa4, 0xc0, 0xa4, 0xc0, 0xa4, 0xc0, 0xa4, 0xb8, 0xa4, 0xc0,
    0xc4, 0xa0, 0x83, 0x28, 0xa3, 0x18, 0xa3, 0x18, 0xa3, 0x18, 0xa3, 0x10, 0xa3, 0x50, 0x84, 0xa8,
    0xa4, 0xb0, 0xa4, 0xb8, 0x84, 0xc0, 0xc4, 0xb8, 0x41, 0x30, 0x00, 0x00, 0x00, 0x00, 0x00, 0x00,
    0x00, 0x00, 0x00, 0x00, 0x00, 0x00, 0x00, 0x00, 0x00, 0x00, 0x00, 0x00, 0x00, 0x00, 0x00, 0x00,
    0x00, 0x00, 0x00, 0x00, 0x00, 0x00, 0x00, 0x00, 0x00, 0x00, 0x00, 0x00, 0x00, 0x00, 0x00, 0x00,
    0x00, 0x00, 0x00, 0x00, 0x00, 0x00, 0x00, 0x10, 0xa4, 0x88, 0xa3, 0xa8, 0x83, 0xa8, 0x84, 0xb0,
    0xa4, 0xb0, 0xc4, 0x88, 0xa3, 0x20, 0xa3, 0x18, 0xa3, 0x18, 0xa3, 0x18, 0x82, 0x20, 0xa3, 0x90,
    0x84, 0xc0, 0x84, 0xb8, 0x84, 0xb8, 0x84, 0xb8, 0xa4, 0xb8, 0xa4, 0xc0, 0x63, 0xa8, 0xe3, 0x88,
    0x2f, 0xb4, 0xde, 0xff, 0xd7, 0xbd, 0x96, 0xb5, 0x6e, 0x73, 0x0c, 0x5b, 0xba, 0xd6, 0x38, 0xe6,
    0xdb, 0xf6, 0x7d, 0xf7, 0xd3, 0x9c, 0x04, 0x21, 0x00, 0x00, 0x21, 0x08, 0x21, 0x00, 0x21, 0x00,
    0x21, 0x00, 0x21, 0x00, 0x21, 0x00, 0x21, 0x00, 0x21, 0x00, 0x21, 0x00, 0x21, 0x00, 0x21, 0x00,
    0x21, 0x00, 0x21, 0x00, 0x21, 0x00, 0x21, 0x00, 0x00, 0x00, 0xa3, 0x18, 0xa7, 0x39, 0x46, 0x31,
    0xa7, 0x39, 0xc7, 0x39, 0xa7, 0x39, 0xa7, 0x39, 0x46, 0x29, 0x86, 0x31, 0x66, 0x31, 0x00, 0x00,
    0x21, 0x00, 0x21, 0x00, 0x21, 0x00, 0x01, 0x00, 0x01, 0x00, 0x21, 0x00, 0x00, 0x00, 0x83, 0x10,
    0x66, 0x31, 0x62, 0x08, 0x46, 0x29, 0x82, 0x10, 0x00, 0x00, 0x21, 0x00, 0x21, 0x00, 0x21, 0x00,
    0x21, 0x00, 0x21, 0x00, 0x21, 0x00, 0x21, 0x00, 0x21, 0x00, 0x21, 0x00, 0x21, 0x00, 0x21, 0x00,
    0x21, 0x00, 0x21, 0x00, 0x21, 0x00, 0x21, 0x00, 0x21, 0x00, 0x21, 0x00, 0x21, 0x00, 0x21, 0x00,
    0x21, 0x00, 0x21, 0x00, 0x21, 0x00, 0x21, 0x00, 0x21, 0x00, 0x21, 0x00, 0x21, 0x00, 0x21, 0x00,
    0x21, 0x00, 0x21, 0x00, 0x21, 0x00, 0x21, 0x00, 0x00, 0x00, 0x86, 0x31, 0xc8, 0x39, 0x41, 0x08,
    0x01, 0x00, 0x21, 0x00, 0x21, 0x00, 0x21, 0x00, 0x21, 0x00, 0x21, 0x00, 0x21, 0x00, 0x21, 0x00,
    0x21, 0x00, 0x21, 0x00, 0x21, 0x00, 0x21, 0x00, 0x21, 0x00, 0x01, 0x00, 0x00, 0x00, 0xe4, 0x18,
    0x08, 0x42, 0x49, 0x4a, 0xc8, 0x39, 0x86, 0x31, 0x86, 0x31, 0x21, 0x08, 0x00, 0x00, 0x21, 0x00,
    0x21, 0x00, 0x21, 0x00, 0x21, 0x00, 0x21, 0x08, 0x00, 0x00, 0x66, 0x31, 0x6a, 0x52, 0x59, 0xce,
    0xec, 0x62, 0x18, 0xc6, 0xff, 0xff, 0x30, 0x84, 0xa6, 0x31, 0x8a, 0x52, 0x5d, 0xe7, 0xeb, 0xc2,
    0x22, 0xa8, 0xa4, 0xb0, 0x42, 0xa0, 0x42, 0x98, 0x22, 0x88, 0x63, 0x88, 0x83, 0x98, 0x63, 0x90,
    0x83, 0xa0, 0xa4, 0xb8, 0xa3, 0xb8, 0xa4, 0xc0, 0xa4, 0xc0, 0xa4, 0xc0, 0xa4, 0xb8, 0xa4, 0xc0,
    0xc4, 0xa0, 0x82, 0x20, 0xa3, 0x18, 0xa3, 0x18, 0xa3, 0x18, 0xa3, 0x18, 0x82, 0x40, 0x63, 0x88,
    0xa4, 0xb8, 0xa3, 0xb8, 0x83, 0xc0, 0xc4, 0xa8, 0x21, 0x18, 0x00, 0x00, 0x00, 0x00, 0x00, 0x00,
    0x00, 0x00, 0x00, 0x00, 0x00, 0x00, 0x00, 0x00, 0x00, 0x00, 0x00, 0x00, 0x00, 0x00, 0x00, 0x00,
    0x00, 0x00, 0x00, 0x00, 0x00, 0x00, 0x00, 0x00, 0x00, 0x00, 0x00, 0x00, 0x00, 0x00, 0x00, 0x00,
    0x00, 0x00, 0x00, 0x00, 0x00, 0x00, 0x00, 0x08, 0xa3, 0x80, 0x83, 0xa0, 0x83, 0xa8, 0xa4, 0xa8,
    0xa3, 0xa8, 0xa3, 0x88, 0x83, 0x28, 0xa3, 0x18, 0xa3, 0x18, 0xa3, 0x18, 0x82, 0x18, 0xa4, 0x80,
    0xa4, 0xc0, 0x84, 0xb8, 0x84, 0xc0, 0xa4, 0xb8, 0x63, 0xb8, 0xa3, 0xa8, 0xeb, 0xba, 0xba, 0xf6,
    0x9e, 0xf7, 0xd0, 0x7b, 0x00, 0x00, 0xc3, 0x18, 0x59, 0xce, 0xe3, 0x18, 0xf3, 0xa4, 0x7d, 0xef,
    0x51, 0x8c, 0x25, 0x21, 0x00, 0x00, 0x00, 0x00, 0x21, 0x08, 0x21, 0x00, 0x21, 0x00, 0x21, 0x00,
    0x21, 0x00, 0x21, 0x00, 0x21, 0x00, 0x21, 0x00, 0x21, 0x00, 0x21, 0x00, 0x21, 0x00, 0x21, 0x00,
    0x21, 0x00, 0x21, 0x00, 0x21, 0x00, 0x21, 0x00, 0x21, 0x00, 0x00, 0x00, 0xa3, 0x10, 0xa7, 0x39,
    0x66, 0x31, 0xa7, 0x39, 0xc7, 0x39, 0xa7, 0x39, 0xa7, 0x39, 0x05, 0x21, 0xa7, 0x39, 0x66, 0x31,
    0x00, 0x00, 0x21, 0x00, 0x21, 0x00, 0x01, 0x00, 0x01, 0x00, 0x21, 0x00, 0x21, 0x00, 0x00, 0x00,
    0xc4, 0x18, 0xa7, 0x39, 0xa3, 0x10, 0x04, 0x21, 0x21, 0x08, 0x21, 0x00, 0x21, 0x00, 0x21, 0x00,
    0x21, 0x00, 0x21, 0x00, 0x21, 0x00, 0x21, 0x00, 0x21, 0x00, 0x21, 0x00, 0x21, 0x00, 0x21, 0x00,
    0x21, 0x00, 0x21, 0x00, 0x21, 0x00, 0x21, 0x00, 0x21, 0x00, 0x21, 0x00, 0x21, 0x00, 0x21, 0x00,
    0x21, 0x00, 0x21, 0x00, 0x21, 0x00, 0x21, 0x00, 0x21, 0x00, 0x21, 0x00, 0x21, 0x00, 0x21, 0x00,
    0x21, 0x00, 0x21, 0x00, 0x21, 0x00, 0x00, 0x00, 0x04, 0x21, 0x09, 0x42, 0x82, 0x10, 0x21, 0x00,
    0x41, 0x08, 0x21, 0x00, 0x21, 0x00, 0x21, 0x00, 0x21, 0x00, 0x21, 0x00, 0x21, 0x00, 0x21, 0x00,
    0x21, 0x00, 0x21, 0x00, 0x21, 0x00, 0x21, 0x00, 0x00, 0x00, 0x21, 0x08, 0x66, 0x29, 0x29, 0x42,
    0x29, 0x4a, 0xe8, 0x41, 0x86, 0x31, 0xa7, 0x31, 0x41, 0x08, 0x01, 0x00, 0x21, 0x00, 0x21, 0x00,
    0x21, 0x00, 0x21, 0x00, 0x01, 0x00, 0x01, 0x08, 0x21, 0x08, 0x00, 0x00, 0xa3, 0x10, 0xec, 0x5a,
    0x41, 0x08, 0xab, 0x5a, 0xf8, 0xbd, 0xbf, 0xf7, 0xec, 0x5a, 0x86, 0x31, 0x79, 0xe6, 0x05, 0xa1,
    0x01, 0xa0, 0x01, 0xa0, 0x89, 0xba, 0xb5, 0xdd, 0xeb, 0xb2, 0x61, 0x88, 0x62, 0x98, 0x83, 0xa0,
    0xa3, 0xa8, 0xa4, 0xc0, 0xa3, 0xb8, 0xa4, 0xc0, 0xa4, 0xc0, 0x84, 0xc0, 0xa4, 0xc0, 0xa4, 0xc0,
    0xc4, 0x90, 0x83, 0x20, 0xa3, 0x18, 0xa3, 0x18, 0xa3, 0x18, 0xa2, 0x20, 0xe4, 0x88, 0x83, 0x90,
    0xa4, 0xa8, 0xa4, 0xc0, 0xa3, 0xc0, 0xc4, 0xa0, 0x00, 0x10, 0x00, 0x00, 0x00, 0x00, 0x00, 0x00,
    0x00, 0x00, 0x00, 0x00, 0x00, 0x00, 0x00, 0x00, 0x00, 0x00, 0x00, 0x00, 0x00, 0x00, 0x00, 0x00,
    0x00, 0x00, 0x00, 0x00, 0x00, 0x00, 0x00, 0x00, 0x00, 0x00, 0x00, 0x00, 0x00, 0x00, 0x00, 0x00,
    0x00, 0x00, 0x00, 0x00, 0x00, 0x00, 0x00, 0x00, 0x83, 0x68, 0x83, 0x88, 0x83, 0xa8, 0x83, 0xa8,
    0x63, 0xa0, 0xa3, 0x88, 0x82, 0x28, 0xa3, 0x10, 0xa3, 0x18, 0xa3, 0x18, 0x82, 0x18, 0xa3, 0x78,
    0xa4, 0xc0, 0x84, 0xb8, 0xa4, 0xc0, 0x83, 0xb8, 0xc7, 0xb1, 0xd6, 0xe5, 0xff, 0xff, 0xb7, 0xb5,
    0x45, 0x29, 0x00, 0x00, 0xe3, 0x20, 0x89, 0x52, 0x75, 0xad, 0xcf, 0x7b, 0x35, 0xad, 0xaa, 0x5a,
    0x00, 0x00, 0x00, 0x00, 0x41, 0x08, 0x21, 0x00, 0x21, 0x00, 0x01, 0x00, 0x41, 0x08, 0x21, 0x08,
    0x21, 0x00, 0x21, 0x00, 0x21, 0x00, 0x21, 0x00, 0x21, 0x00, 0x21, 0x00, 0x21, 0x00, 0x21, 0x00,
    0x21, 0x00, 0x21, 0x00, 0x21, 0x00, 0x21, 0x00, 0x21, 0x00, 0x21, 0x00, 0x00, 0x00, 0x83, 0x18,
    0xa7, 0x39, 0x66, 0x31, 0x87, 0x39, 0xc7, 0x39, 0xc7, 0x39, 0xc8, 0x39, 0x04, 0x21, 0x87, 0x31,
    0x45, 0x29, 0x00, 0x00, 0x21, 0x00, 0x21, 0x00, 0x01, 0x00, 0x21, 0x00, 0x21, 0x00, 0x21, 0x00,
    0x00, 0x00, 0x25, 0x21, 0xc7, 0x39, 0xc4, 0x18, 0xa3, 0x10, 0x00, 0x00, 0x21, 0x00, 0x21, 0x00,
    0x21, 0x00, 0x21, 0x00, 0x21, 0x00, 0x21, 0x00, 0x21, 0x00, 0x21, 0x00, 0x21, 0x00, 0x21, 0x00,
    0x21, 0x00, 0x21, 0x00, 0x21, 0x00, 0x21, 0x00, 0x21, 0x00, 0x21, 0x00, 0x21, 0x00, 0x21, 0x00,
    0x21, 0x00, 0x21, 0x00, 0x21, 0x00, 0x21, 0x00, 0x21, 0x00, 0x21, 0x00, 0x21, 0x00, 0x21, 0x00,
    0x21, 0x00, 0x21, 0x00, 0x00, 0x00, 0x82, 0x10, 0x29, 0x42, 0xc3, 0x18, 0x41, 0x08, 0xc4, 0x18,
    0x21, 0x00, 0x01, 0x00, 0x21, 0x00, 0x21, 0x00, 0x21, 0x00, 0x21, 0x00, 0x01, 0x00, 0x21, 0x00,
    0x21, 0x00, 0x21, 0x00, 0x21, 0x00, 0x00, 0x00, 0x82, 0x10, 0xa7, 0x31, 0x08, 0x42, 0x29, 0x42,
    0xe8, 0x39, 0xa7, 0x31, 0x86, 0x31, 0x41, 0x08, 0x01, 0x00, 0x21, 0x00, 0x21, 0x00, 0x21, 0x00,
    0x21, 0x00, 0x21, 0x00, 0x01, 0x00, 0x21, 0x00, 0x21, 0x00, 0x21, 0x00, 0x21, 0x00, 0x00, 0x00,
    0x00, 0x00, 0x00, 0x00, 0x83, 0x10, 0x08, 0x42, 0x6a, 0x52, 0x9a, 0xd6, 0x79, 0xee, 0x69, 0xaa,
    0x8d, 0xcb, 0x2f, 0xcc, 0x3b, 0xf7, 0x7e, 0xef, 0xff, 0xff, 0x95, 0xdd, 0xc6, 0xa1, 0x41, 0x98,
    0x83, 0xb0, 0xc4, 0xc0, 0xa4, 0xb8, 0xa4, 0xb8, 0xa4, 0xc0, 0xa4, 0xc0, 0xa4, 0xc0, 0xa4, 0xc0,
    0xc3, 0x88, 0x83, 0x20, 0xa3, 0x18, 0xa3, 0x18, 0xa3, 0x18, 0xa2, 0x20, 0xc4, 0x98, 0xc4, 0xc0,
    0xa4, 0xb8, 0xa4, 0xc0, 0xa4, 0xc0, 0xc4, 0x90, 0x00, 0x08, 0x00, 0x00, 0x00, 0x00, 0x00, 0x00,
    0x00, 0x00, 0x00, 0x00, 0x00, 0x00, 0x00, 0x00, 0x00, 0x00, 0x00, 0x00, 0x00, 0x00, 0x00, 0x00,
    0x00, 0x00, 0x00, 0x00, 0x00, 0x00, 0x00, 0x00, 0x00, 0x00, 0x00, 0x00, 0x00, 0x00, 0x00, 0x00,
    0x00, 0x00, 0x00, 0x00, 0x00, 0x00, 0x00, 0x00, 0x62, 0x48, 0xa3, 0x80, 0xa4, 0xa8, 0x83, 0xa0,
    0x63, 0xa0, 0xc4, 0xa0, 0x83, 0x38, 0xa3, 0x10, 0xa3, 0x18, 0xa3, 0x18, 0x82, 0x10, 0x83, 0x68,
    0xc4, 0xc0, 0x84, 0xb8, 0xa4, 0xc0, 0x43, 0xb0, 0x14, 0xe5, 0xfc, 0xd6, 0x0c, 0x63, 0x00, 0x00,
    0x00, 0x00, 0xcf, 0x7b, 0x5d, 0xef, 0xba, 0xd6, 0x69, 0x4a, 0xb3, 0x94, 0x42, 0x08, 0x00, 0x00,
    0x21, 0x08, 0x21, 0x08, 0x21, 0x00, 0x21, 0x00, 0x21, 0x00, 0x21, 0x00, 0x41, 0x08, 0x62, 0x08,
    0x21, 0x08, 0x41, 0x08, 0x21, 0x00, 0x21, 0x00, 0x21, 0x00, 0x21, 0x00, 0x21, 0x00, 0x21, 0x00,
    0x21, 0x00, 0x21, 0x00, 0x21, 0x00, 0x21, 0x00, 0x21, 0x00, 0x21, 0x00, 0x21, 0x00, 0x00, 0x00,
    0x83, 0x10, 0xa7, 0x39, 0x86, 0x31, 0x66, 0x31, 0xc7, 0x39, 0xc8, 0x41, 0xe8, 0x41, 0x04, 0x21,
    0x66, 0x31, 0x25, 0x21, 0x00, 0x00, 0x21, 0x00, 0x21, 0x00, 0x01, 0x00, 0x21, 0x00, 0x21, 0x00,
    0x21, 0x00, 0x00, 0x00, 0x46, 0x29, 0x08, 0x42, 0x66, 0x29, 0x82, 0x10, 0x00, 0x00, 0x21, 0x00,
    0x21, 0x00, 0x21, 0x00, 0x21, 0x00, 0x21, 0x00, 0x21, 0x00, 0x21, 0x00, 0x21, 0x00, 0x21, 0x00,
    0x21, 0x00, 0x21, 0x00, 0x21, 0x00, 0x21, 0x00, 0x21, 0x00, 0x21, 0x00, 0x21, 0x00, 0x21, 0x00,
    0x21, 0x00, 0x21, 0x00, 0x21, 0x00, 0x21, 0x00, 0x21, 0x00, 0x21, 0x00, 0x21, 0x00, 0x21, 0x00,
    0x21, 0x00, 0x21, 0x00, 0x21, 0x00, 0xe8, 0x39, 0x05, 0x21, 0x41, 0x08, 0x25, 0x29, 0x42, 0x08,
    0x01, 0x00, 0x01, 0x00, 0x21, 0x00, 0x21, 0x00, 0x21, 0x00, 0x21, 0x00, 0x42, 0x08, 0x21, 0x00,
    0x21, 0x00, 0x00, 0x00, 0x21, 0x00, 0x04, 0x21, 0xe8, 0x39, 0xe8, 0x41, 0x08, 0x42, 0xc7, 0x39,
    0xa7, 0x31, 0x87, 0x31, 0x41, 0x08, 0x01, 0x00, 0x21, 0x00, 0x21, 0x00, 0x21, 0x00, 0x21, 0x00,
    0x21, 0x00, 0x21, 0x00, 0x21, 0x00, 0x21, 0x00, 0x21, 0x00, 0x21, 0x00, 0x01, 0x00, 0x21, 0x00,
    0x21, 0x00, 0x21, 0x00, 0x00, 0x00, 0x00, 0x00, 0xa7, 0x39, 0x72, 0x94, 0xba, 0xd6, 0xff, 0xff,
    0xfb, 0xe6, 0xd7, 0xbd, 0xaf, 0x73, 0xb3, 0x9c, 0x2d, 0x6b, 0x9a, 0xd6, 0xbe, 0xff, 0x2f, 0xc4,
    0xe4, 0xa0, 0x62, 0xb0, 0xa3, 0xb8, 0xa4, 0xc0, 0xa4, 0xb8, 0xa4, 0xc0, 0x84, 0xb8, 0xa4, 0xc0,
    0xa3, 0x80, 0x83, 0x18, 0xa3, 0x18, 0xa3, 0x18, 0xa3, 0x10, 0x82, 0x30, 0xc4, 0xa8, 0x83, 0xc0,
    0xa4, 0xb8, 0x84, 0xb8, 0xa4, 0xc8, 0xa3, 0x80, 0x00, 0x00, 0x00, 0x00, 0x00, 0x00, 0x00, 0x00,
    0x00, 0x00, 0x00, 0x00, 0x00, 0x00, 0x00, 0x00, 0x00, 0x00, 0x00, 0x00, 0x00, 0x00, 0x00, 0x00,
    0x00, 0x00, 0x00, 0x00, 0x00, 0x00, 0x00, 0x00, 0x00, 0x00, 0x00, 0x00, 0x00, 0x00, 0x00, 0x00,
    0x00, 0x00, 0x00, 0x00, 0x00, 0x00, 0x00, 0x00, 0x83, 0x50, 0xa4, 0x90, 0x83, 0xa0, 0x84, 0xa8,
    0x84, 0xa8, 0xc4, 0xa8, 0xa2, 0x48, 0x83, 0x10, 0xa3, 0x18, 0xa3, 0x18, 0x82, 0x10, 0xa3, 0x50,
    0xc4, 0xb8, 0x84, 0xb8, 0xa4, 0xc0, 0x22, 0xb0, 0x31, 0xdc, 0x51, 0x8c, 0x00, 0x00, 0x0c, 0x63,
    0x7a, 0xd6, 0x9a, 0xd6, 0x0c, 0x63, 0x62, 0x08, 0x21, 0x08, 0x09, 0x42, 0x05, 0x21, 0x01, 0x00,
    0x21, 0x00, 0x21, 0x00, 0x00, 0x00, 0x00, 0x00, 0x21, 0x00, 0x21, 0x00, 0x21, 0x00, 0xa3, 0x18,
    0xc3, 0x18, 0xc3, 0x18, 0x41, 0x08, 0x21, 0x00, 0x21, 0x00, 0x21, 0x00, 0x21, 0x00, 0x21, 0x00,
    0x21, 0x00, 0x21, 0x00, 0x21, 0x00, 0x21, 0x00, 0x21, 0x00, 0x21, 0x00, 0x21, 0x00, 0x21, 0x00,
    0x00, 0x00, 0x82, 0x10, 0xa7, 0x39, 0x86, 0x31, 0x66, 0x31, 0xc7, 0x39, 0xc8, 0x41, 0xe8, 0x41,
    0x25, 0x21, 0x66, 0x31, 0xc3, 0x18, 0x00, 0x00, 0x21, 0x00, 0x01, 0x00, 0x21, 0x00, 0x21, 0x00,
    0x21, 0x00, 0x01, 0x00, 0x01, 0x00, 0x45, 0x29, 0x29, 0x42, 0xa7, 0x39, 0x62, 0x10, 0x00, 0x00,
    0x21, 0x00, 0x21, 0x00, 0x21, 0x00, 0x21, 0x00, 0x21, 0x00, 0x21, 0x00, 0x21, 0x00, 0x21, 0x00,
    0x21, 0x00, 0x21, 0x00, 0x21, 0x00, 0x21, 0x00, 0x21, 0x00, 0x21, 0x00, 0x21, 0x00, 0x21, 0x00,
    0x21, 0x00, 0x21, 0x00, 0x21, 0x00, 0x21, 0x00, 0x21, 0x00, 0x21, 0x00, 0x21, 0x00, 0x21, 0x00,
    0x21, 0x00, 0x00, 0x00, 0x86, 0x31, 0x45, 0x29, 0x62, 0x10, 0x66, 0x31, 0x62, 0x08, 0x00, 0x00,
    0x21, 0x00, 0x01, 0x00, 0x21, 0x00, 0x21, 0x00, 0x00, 0x00, 0xa3, 0x10, 0xc3, 0x18, 0x00, 0x00,
    0x00, 0x00, 0x62, 0x10, 0x86, 0x31, 0xe8, 0x41, 0xe8, 0x39, 0xe8, 0x41, 0x86, 0x31, 0x87, 0x31,
    0x86, 0x31, 0x21, 0x08, 0x00, 0x00, 0x21, 0x00, 0x21, 0x00, 0x21, 0x00, 0x21, 0x00, 0x21, 0x00,
    0x21, 0x00, 0x21, 0x00, 0x21, 0x00, 0x21, 0x00, 0x21, 0x00, 0x21, 0x00, 0x01, 0x00, 0x01, 0x00,
    0x00, 0x00, 0x41, 0x08, 0x21, 0x00, 0x21, 0x00, 0x00, 0x00, 0x00, 0x00, 0x66, 0x29, 0x59, 0xce,
    0xdb, 0xde, 0x62, 0x10, 0x2d, 0x63, 0xf0, 0x83, 0x82, 0x10, 0x62, 0x08, 0xaf, 0x73, 0x9e, 0xf7,
    0x99, 0xf6, 0x0b, 0xb3, 0xa2, 0x98, 0x83, 0xc0, 0xa4, 0xc0, 0xa4, 0xc0, 0x83, 0xb8, 0xa4, 0xc0,
    0xa4, 0x78, 0x82, 0x18, 0xa3, 0x18, 0xa3, 0x18, 0x83, 0x10, 0x83, 0x48, 0xa4, 0xb8, 0x83, 0xb8,
    0x84, 0xb8, 0x83, 0xb8, 0xc4, 0xc8, 0x83, 0x68, 0x00, 0x00, 0x00, 0x00, 0x00, 0x00, 0x00, 0x00,
    0x00, 0x00, 0x00, 0x00, 0x00, 0x00, 0x00, 0x00, 0x00, 0x00, 0x00, 0x00, 0x00, 0x00, 0x00, 0x00,
    0x00, 0x00, 0x00, 0x00, 0x00, 0x00, 0x00, 0x00, 0x00, 0x00, 0x00, 0x00, 0x00, 0x00, 0x00, 0x00,
    0x00, 0x00, 0x00, 0x00, 0x00, 0x00, 0x00, 0x00, 0x42, 0x40, 0xa4, 0xa0, 0x83, 0xa0, 0x84, 0xa8,
    0xa4, 0xb0, 0xc4, 0xb8, 0xa3, 0x68, 0x82, 0x10, 0xa3, 0x18, 0xa3, 0x18, 0xa3, 0x10, 0x82, 0x38,
    0xc4, 0xb0, 0xa4, 0xb8, 0xa4, 0xb8, 0x63, 0xb8, 0x29, 0xba, 0x1b, 0xe7, 0xc7, 0x39, 0x0c, 0x63,
    0x8e, 0x73, 0x21, 0x08, 0x00, 0x00, 0x21, 0x00, 0x25, 0x21, 0xc4, 0x18, 0x25, 0x21, 0xc3, 0x18,
    0x01, 0x00, 0x01, 0x00, 0xa3, 0x10, 0x86, 0x31, 0x41, 0x08, 0x01, 0x00, 0x01, 0x00, 0x82, 0x10,
    0xe3, 0x20, 0xe3, 0x20, 0xc3, 0x18, 0x21, 0x00, 0x21, 0x00, 0x21, 0x00, 0x21, 0x00, 0x21, 0x00,
    0x21, 0x00, 0x21, 0x00, 0x21, 0x00, 0x21, 0x00, 0x21, 0x00, 0x21, 0x00, 0x21, 0x00, 0x21, 0x00,
    0x21, 0x00, 0x00, 0x00, 0x62, 0x10, 0xa7, 0x39, 0x87, 0x39, 0x66, 0x31, 0xc7, 0x39, 0xc8, 0x41,
    0xe8, 0x41, 0x66, 0x31, 0x45, 0x29, 0x41, 0x08, 0x01, 0x00, 0x01, 0x00, 0x21, 0x00, 0x21, 0x00,
    0x21, 0x00, 0x21, 0x00, 0x01, 0x00, 0x21, 0x00, 0x25, 0x29, 0x09, 0x42, 0xa7, 0x39, 0x83, 0x10,
    0x21, 0x00, 0x21, 0x00, 0x21, 0x00, 0x21, 0x00, 0x21, 0x00, 0x21, 0x00, 0x21, 0x00, 0x21, 0x00,
    0x21, 0x00, 0x21, 0x00, 0x21, 0x00, 0x21, 0x00, 0x21, 0x00, 0x21, 0x00, 0x21, 0x00, 0x21, 0x00,
    0x21, 0x00, 0x21, 0x00, 0x21, 0x00, 0x21, 0x00, 0x21, 0x00, 0x21, 0x00, 0x21, 0x00, 0x21, 0x00,
    0x00, 0x00, 0x25, 0x21, 0x66, 0x29, 0x62, 0x10, 0x86, 0x31, 0x62, 0x10, 0x00, 0x00, 0x21, 0x00,
    0x21, 0x00, 0x01, 0x00, 0x21, 0x00, 0x00, 0x00, 0x41, 0x08, 0x66, 0x29, 0x21, 0x00, 0x20, 0x00,
    0xe4, 0x20, 0xc7, 0x39, 0xc8, 0x41, 0xc8, 0x39, 0xc8, 0x41, 0x46, 0x31, 0x87, 0x31, 0x66, 0x29,
    0x21, 0x00, 0x21, 0x00, 0x21, 0x00, 0x21, 0x00, 0x21, 0x00, 0x21, 0x00, 0x21, 0x00, 0x21, 0x00,
    0x21, 0x00, 0x21, 0x00, 0x21, 0x00, 0x21, 0x00, 0x21, 0x00, 0x21, 0x00, 0x01, 0x00, 0x00, 0x00,
    0x21, 0x00, 0x82, 0x10, 0x21, 0x00, 0x21, 0x00, 0x21, 0x00, 0x41, 0x08, 0x00, 0x00, 0x08, 0x42,
    0xbe, 0xf7, 0xec, 0x5a, 0x31, 0x84, 0x49, 0x4a, 0x1b, 0xe7, 0xb2, 0x94, 0x81, 0x08, 0xe3, 0x20,
    0x35, 0xa5, 0xbe, 0xff, 0x13, 0xd5, 0x04, 0xb1, 0x83, 0xc0, 0xa4, 0xc0, 0xa3, 0xc0, 0xa4, 0xc0,
    0xa3, 0x70, 0x82, 0x10, 0xa3, 0x18, 0xa3, 0x18, 0xa3, 0x10, 0xa3, 0x60, 0xa4, 0xc0, 0xa3, 0xc0,
    0xa4, 0xc0, 0x83, 0xc0, 0xa4, 0xc8, 0x62, 0x50, 0x00, 0x00, 0x00, 0x00, 0x00, 0x00, 0x00, 0x00,
    0x00, 0x00, 0x00, 0x00, 0x00, 0x00, 0x00, 0x00, 0x00, 0x00, 0x00, 0x00, 0x00, 0x00, 0x00, 0x00,
    0x00, 0x00, 0x00, 0x00, 0x00, 0x00, 0x00, 0x00, 0x00, 0x00, 0x00, 0x00, 0x00, 0x00, 0x00, 0x00,
    0x00, 0x00, 0x00, 0x00, 0x00, 0x00, 0x00, 0x00, 0x62, 0x38, 0xc4, 0x98, 0x63, 0x98, 0xa4, 0xb0,
    0xa4, 0xb8, 0xa4, 0xc0, 0xa4, 0x88, 0x82, 0x20, 0xa3, 0x18, 0xa3, 0x18, 0xa3, 0x18, 0x62, 0x28,
    0xc4, 0xa0, 0xa4, 0xc0, 0xc4, 0xb8, 0x23, 0xb8, 0x66, 0xa1, 0x9d, 0xf7, 0xaf, 0x73, 0x00, 0x00,
    0x00, 0x00, 0x00, 0x00, 0xc3, 0x18, 0x04, 0x21, 0x62, 0x08, 0x01, 0x00, 0x05, 0x21, 0xa7, 0x39,
    0x21, 0x08, 0x66, 0x29, 0x09, 0x42, 0x25, 0x21, 0x41, 0x08, 0x41, 0x08, 0x21, 0x00, 0x21, 0x08,
    0xe4, 0x20, 0x45, 0x29, 0x45, 0x29, 0x82, 0x10, 0x00, 0x00, 0x21, 0x00, 0x21, 0x00, 0x21, 0x00,
    0x21, 0x00, 0x21, 0x00, 0x21, 0x00, 0x21, 0x00, 0x21, 0x00, 0x21, 0x00, 0x21, 0x00, 0x21, 0x00,
    0x21, 0x00, 0x21, 0x00, 0x00, 0x00, 0x42, 0x08, 0x86, 0x31, 0x87, 0x39, 0x66, 0x31, 0xa7, 0x39,
    0xa7, 0x39, 0xe8, 0x41, 0xe8, 0x41, 0xc3, 0x18, 0x00, 0x00, 0x21, 0x00, 0x21, 0x00, 0x21, 0x00,
    0x21, 0x00, 0x21, 0x00, 0x21, 0x00, 0x21, 0x00, 0x01, 0x00, 0xe4, 0x20, 0x09, 0x42, 0x87, 0x31,
    0x01, 0x00, 0x01, 0x00, 0x01, 0x00, 0x21, 0x00, 0x21, 0x00, 0x21, 0x00, 0x21, 0x00, 0x21, 0x00,
    0x21, 0x00, 0x21, 0x00, 0x21, 0x00, 0x21, 0x00, 0x21, 0x00, 0x21, 0x00, 0x21, 0x00, 0x21, 0x00,
    0x21, 0x00, 0x21, 0x00, 0x21, 0x00, 0x21, 0x00, 0x21, 0x00, 0x21, 0x00, 0x01, 0x00, 0x00, 0x00,
    0x25, 0x29, 0x66, 0x31, 0x82, 0x10, 0x66, 0x31, 0x62, 0x10, 0x00, 0x00, 0x21, 0x08, 0x21, 0x00,
    0x21, 0x00, 0x21, 0x00, 0x21, 0x00, 0x00, 0x00, 0x25, 0x29, 0xa3, 0x18, 0x62, 0x08, 0x66, 0x31,
    0xe8, 0x41, 0xc7, 0x41, 0xc8, 0x41, 0xa7, 0x39, 0x25, 0x29, 0xa7, 0x39, 0x25, 0x29, 0x00, 0x00,
    0x21, 0x00, 0x21, 0x00, 0x21, 0x00, 0x21, 0x00, 0x21, 0x00, 0x21, 0x00, 0x21, 0x00, 0x21, 0x00,
    0x21, 0x00, 0x21, 0x00, 0x21, 0x00, 0x21, 0x00, 0x21, 0x00, 0x21, 0x00, 0x62, 0x10, 0x42, 0x08,
    0xc3, 0x18, 0x62, 0x08, 0x00, 0x00, 0x21, 0x00, 0x21, 0x00, 0x21, 0x00, 0x21, 0x08, 0x41, 0x08,
    0xe3, 0x18, 0x49, 0x4a, 0xec, 0x62, 0xf0, 0x83, 0xbe, 0xf7, 0x9e, 0xf7, 0x5d, 0xef, 0xaf, 0x73,
    0x41, 0x08, 0x28, 0x42, 0x7d, 0xe7, 0x8e, 0xcb, 0x22, 0xb8, 0xa4, 0xc0, 0xa3, 0xc0, 0xc4, 0xc0,
    0xa3, 0x58, 0xa2, 0x10, 0xa3, 0x18, 0xa3, 0x18, 0x83, 0x10, 0xc4, 0x78, 0xe4, 0xc8, 0xa4, 0xc0,
    0xa4, 0xc0, 0xa3, 0xc0, 0xa4, 0xc0, 0x41, 0x38, 0x00, 0x00, 0x00, 0x00, 0x00, 0x00, 0x00, 0x00,
    0x00, 0x00, 0x00, 0x00, 0x00, 0x00, 0x00, 0x00, 0x00, 0x00, 0x00, 0x00, 0x00, 0x00, 0x00, 0x00,
    0x00, 0x00, 0x00, 0x00, 0x00, 0x00, 0x00, 0x00, 0x00, 0x00, 0x00, 0x00, 0x00, 0x00, 0x00, 0x00,
    0x00, 0x00, 0x00, 0x00, 0x00, 0x00, 0x00, 0x00, 0x62, 0x38, 0xe5, 0xa8, 0x83, 0xa0, 0x83, 0xa8,
    0xa4, 0xb0, 0xa3, 0xb8, 0xc4, 0xa8, 0x62, 0x30, 0xa3, 0x10, 0xa3, 0x18, 0xa3, 0x18, 0x62, 0x20,
    0xc4, 0x88, 0xc4, 0xc0, 0x42, 0xb0, 0x04, 0xa1, 0x33, 0xdd, 0x5d, 0xef, 0xe3, 0x18, 0x00, 0x00,
    0xa3, 0x10, 0x66, 0x31, 0x86, 0x31, 0x21, 0x00, 0x21, 0x00, 0x21, 0x00, 0x42, 0x08, 0xa7, 0x31,
    0xc4, 0x18, 0x25, 0x29, 0x82, 0x10, 0xe4, 0x20, 0x08, 0x42, 0x04, 0x21, 0x00, 0x00, 0x00, 0x00,
    0xa3, 0x18, 0x45, 0x29, 0x25, 0x29, 0xa3, 0x18, 0x00, 0x00, 0x21, 0x00, 0x21, 0x00, 0x21, 0x00,
    0x21, 0x00, 0x21, 0x00, 0x21, 0x00, 0x21, 0x00, 0x21, 0x00, 0x21, 0x00, 0x21, 0x00, 0x21, 0x00,
    0x21, 0x00, 0x21, 0x00, 0x21, 0x00, 0x00, 0x00, 0x41, 0x08, 0x66, 0x31, 0xa7, 0x39, 0x66, 0x31,
    0xa7, 0x39, 0x45, 0x29, 0xa7, 0x39, 0xa7, 0x39, 0x21, 0x08, 0x01, 0x00, 0x21, 0x00, 0x21, 0x00,
    0x21, 0x00, 0x21, 0x00, 0x21, 0x00, 0x21, 0x00, 0x01, 0x00, 0x21, 0x08, 0xa3, 0x18, 0x04, 0x21,
    0xe4, 0x20, 0x42, 0x08, 0x01, 0x00, 0x21, 0x00, 0x21, 0x00, 0x21, 0x00, 0x21, 0x00, 0x21, 0x00,
    0x21, 0x00, 0x21, 0x00, 0x21, 0x00, 0x21, 0x00, 0x21, 0x00, 0x21, 0x00, 0x21, 0x00, 0x21, 0x00,
    0x21, 0x00, 0x21, 0x00, 0x21, 0x00, 0x21, 0x00, 0x21, 0x00, 0x00, 0x00, 0x62, 0x08, 0x66, 0x29,
    0xa3, 0x18, 0xe4, 0x20, 0x86, 0x31, 0x62, 0x10, 0x00, 0x00, 0x21, 0x00, 0x21, 0x00, 0x21, 0x00,
    0x21, 0x00, 0x21, 0x00, 0x00, 0x00, 0xc3, 0x18, 0x05, 0x21, 0xc3, 0x18, 0xc7, 0x39, 0xe7, 0x39,
    0xc7, 0x39, 0xc8, 0x41, 0x66, 0x31, 0x25, 0x29, 0xa7, 0x39, 0xc4, 0x18, 0x00, 0x00, 0x21, 0x00,
    0x21, 0x00, 0x21, 0x00, 0x21, 0x00, 0x21, 0x00, 0x21, 0x00, 0x21, 0x00, 0x21, 0x00, 0x21, 0x00,
    0x21, 0x00, 0x21, 0x00, 0x21, 0x00, 0x21, 0x00, 0x00, 0x00, 0x82, 0x10, 0x25, 0x29, 0x05, 0x29,
    0xe4, 0x20, 0x01, 0x00, 0x21, 0x00, 0x21, 0x00, 0x00, 0x00, 0x21, 0x00, 0x21, 0x00, 0x21, 0x00,
    0x00, 0x00, 0x66, 0x29, 0x83, 0x10, 0x25, 0x29, 0x25, 0x21, 0x04, 0x21, 0x6e, 0x6b, 0xd3, 0x9c,
    0x08, 0x42, 0x08, 0x42, 0x18, 0xc6, 0xab, 0xc2, 0x63, 0xb8, 0xa4, 0xb8, 0xa4, 0xc0, 0xc4, 0xb8,
    0xa3, 0x48, 0x83, 0x10, 0xa3, 0x18, 0xa3, 0x18, 0x82, 0x20, 0xa3, 0x68, 0xa3, 0x98, 0xa3, 0xb8,
    0xa4, 0xc8, 0xa3, 0xc0, 0xc5, 0xb0, 0x21, 0x20, 0x00, 0x00, 0x00, 0x00, 0x00, 0x00, 0x00, 0x00,
    0x00, 0x00, 0x00, 0x00, 0x00, 0x00, 0x00, 0x00, 0x00, 0x00, 0x00, 0x00, 0x00, 0x00, 0x00, 0x00,
    0x00, 0x00, 0x00, 0x00, 0x00, 0x00, 0x00, 0x00, 0x00, 0x00, 0x00, 0x00, 0x00, 0x00, 0x00, 0x00,
    0x00, 0x00, 0x00, 0x00, 0x00, 0x00, 0x00, 0x00, 0x41, 0x18, 0xc4, 0x70, 0x83, 0x90, 0x63, 0xa0,
    0x83, 0xb0, 0x83, 0xb0, 0xa4, 0xb0, 0x83, 0x50, 0x82, 0x10, 0xa3, 0x18, 0xa3, 0x18, 0xa3, 0x18,
    0x83, 0x68, 0x63, 0xa8, 0xca, 0xb2, 0xfb, 0xf6, 0xff, 0xff, 0x15, 0xa5, 0x82, 0x10, 0xc3, 0x18,
    0x66, 0x29, 0x62, 0x10, 0xe4, 0x18, 0xc3, 0x18, 0x00, 0x00, 0x21, 0x00, 0xe4, 0x18, 0xa7, 0x31,
    0xa3, 0x10, 0xe4, 0x20, 0xe7, 0x41, 0x49, 0x4a, 0x49, 0x4a, 0x04, 0x21, 0x00, 0x00, 0x21, 0x00,
    0x41, 0x08, 0xc3, 0x18, 0xe4, 0x20, 0xa3, 0x18, 0x20, 0x00, 0x21, 0x00, 0x21, 0x00, 0x21, 0x00,
    0x21, 0x00, 0x21, 0x00, 0x21, 0x00, 0x21, 0x00, 0x21, 0x00, 0x21, 0x00, 0x21, 0x00, 0x21, 0x00,
    0x21, 0x00, 0x21, 0x00, 0x21, 0x00, 0x21, 0x00, 0x01, 0x00, 0x21, 0x08, 0x46, 0x29, 0xa7, 0x39,
    0x46, 0x31, 0x87, 0x31, 0xa3, 0x18, 0x45, 0x29, 0x25, 0x29, 0x00, 0x00, 0x21, 0x00, 0x21, 0x00,
    0x01, 0x00, 0x21, 0x00, 0x21, 0x00, 0x21, 0x00, 0x01, 0x00, 0xc3, 0x18, 0xa3, 0x18, 0x41, 0x08,
    0xab, 0x5a, 0x04, 0x21, 0x00, 0x00, 0x21, 0x00, 0x21, 0x00, 0x21, 0x00, 0x21, 0x00, 0x21, 0x00,
    0x21, 0x00, 0x21, 0x00, 0x21, 0x00, 0x21, 0x00, 0x21, 0x00, 0x21, 0x00, 0x21, 0x00, 0x21, 0x00,
    0x21, 0x00, 0x21, 0x00, 0x21, 0x00, 0x21, 0x00, 0x21, 0x00, 0x00, 0x00, 0xe4, 0x20, 0x0c, 0x63,
    0x25, 0x29, 0x45, 0x29, 0x41, 0x08, 0x00, 0x00, 0x21, 0x00, 0x01, 0x00, 0x21, 0x00, 0x21, 0x00,
    0x21, 0x00, 0x00, 0x00, 0x62, 0x10, 0x25, 0x21, 0xc3, 0x18, 0xc8, 0x41, 0xa7, 0x39, 0xc7, 0x39,
    0xc8, 0x39, 0x45, 0x29, 0x46, 0x29, 0x66, 0x31, 0x62, 0x10, 0x00, 0x00, 0x21, 0x00, 0x21, 0x00,
    0x21, 0x00, 0x21, 0x00, 0x21, 0x00, 0x21, 0x00, 0x21, 0x00, 0x21, 0x00, 0x21, 0x00, 0x21, 0x00,
    0x21, 0x00, 0x21, 0x00, 0x21, 0x00, 0x21, 0x00, 0x21, 0x00, 0xa3, 0x18, 0xa3, 0x18, 0xc4, 0x20,
    0x62, 0x10, 0x01, 0x00, 0x00, 0x00, 0x83, 0x10, 0x04, 0x21, 0x00, 0x00, 0x21, 0x00, 0x21, 0x00,
    0xc3, 0x18, 0xe4, 0x18, 0xe4, 0x18, 0x62, 0x08, 0x00, 0x00, 0x00, 0x00, 0x00, 0x00, 0x00, 0x00,
    0x08, 0x42, 0x31, 0x84, 0x7a, 0xee, 0xa3, 0xa0, 0x42, 0xb8, 0xa4, 0xc0, 0xa4, 0xc0, 0xe4, 0xa8,
    0x83, 0x38, 0xa3, 0x18, 0xa3, 0x18, 0xa3, 0x18, 0x83, 0x28, 0x05, 0x89, 0xc4, 0xa0, 0xa3, 0x80,
    0xc4, 0xb0, 0xc3, 0xc8, 0xa4, 0x98, 0x00, 0x10, 0x00, 0x00, 0x00, 0x00, 0x00, 0x00, 0x00, 0x00,
    0x00, 0x00, 0x00, 0x00, 0x00, 0x00, 0x00, 0x00, 0x00, 0x00, 0x00, 0x00, 0x00, 0x00, 0x00, 0x00,
    0x00, 0x00, 0x00, 0x00, 0x00, 0x00, 0x00, 0x00, 0x00, 0x00, 0x00, 0x00, 0x00, 0x00, 0x00, 0x00,
    0x00, 0x00, 0x00, 0x00, 0x00, 0x00, 0x00, 0x00, 0x00, 0x00, 0x00, 0x00, 0x63, 0x68, 0xa4, 0xa8,
    0xa4, 0xb0, 0x83, 0xb0, 0xa4, 0xb8, 0x83, 0x68, 0x62, 0x18, 0xa3, 0x18, 0xa3, 0x18, 0x21, 0x00,
    0x04, 0x41, 0x34, 0xd5, 0xdf, 0xff, 0x76, 0xad, 0xa6, 0x31, 0x00, 0x00, 0x21, 0x00, 0x62, 0x08,
    0x00, 0x00, 0x00, 0x00, 0x62, 0x08, 0x66, 0x29, 0xc3, 0x18, 0x66, 0x29, 0x66, 0x29, 0x25, 0x21,
    0x86, 0x31, 0xa7, 0x39, 0x29, 0x4a, 0xe8, 0x41, 0x09, 0x4a, 0x04, 0x21, 0x00, 0x00, 0x21, 0x00,
    0x01, 0x00, 0x62, 0x10, 0x46, 0x31, 0x66, 0x31, 0x82, 0x10, 0x00, 0x00, 0x21, 0x00, 0x21, 0x00,
    0x21, 0x00, 0x21, 0x00, 0x21, 0x00, 0x21, 0x00, 0x21, 0x00, 0x21, 0x00, 0x21, 0x00, 0x21, 0x00,
    0x21, 0x00, 0x21, 0x00, 0x21, 0x00, 0x21, 0x00, 0x21, 0x00, 0x01, 0x00, 0x01, 0x00, 0x45, 0x29,
    0xa7, 0x39, 0x66, 0x31, 0x87, 0x31, 0x83, 0x10, 0xc4, 0x18, 0x42, 0x08, 0x01, 0x00, 0x01, 0x00,
    0x01, 0x00, 0x21, 0x00, 0x21, 0x00, 0x21, 0x00, 0x21, 0x00, 0x21, 0x00, 0xa3, 0x18, 0x62, 0x10,
    0x6a, 0x52, 0xc8, 0x39, 0x62, 0x10, 0x21, 0x08, 0x00, 0x00, 0x21, 0x00, 0x21, 0x00, 0x21, 0x00,
    0x21, 0x00, 0x21, 0x00, 0x21, 0x00, 0x21, 0x00, 0x21, 0x00, 0x21, 0x00, 0x21, 0x00, 0x21, 0x00,
    0x21, 0x00, 0x21, 0x00, 0x21, 0x00, 0x00, 0x00, 0x00, 0x00, 0x00, 0x00, 0xc8, 0x39, 0xab, 0x5a,
    0xa3, 0x18, 0x21, 0x00, 0x01, 0x00, 0x21, 0x00, 0x01, 0x00, 0x01, 0x00, 0x21, 0x00, 0x21, 0x00,
    0x00, 0x00, 0x41, 0x08, 0x04, 0x21, 0xa3, 0x18, 0xa7, 0x39, 0xc8, 0x39, 0xc8, 0x39, 0x87, 0x31,
    0x25, 0x21, 0x66, 0x31, 0x05, 0x21, 0x21, 0x00, 0x00, 0x00, 0x21, 0x00, 0x21, 0x00, 0x21, 0x00,
    0x21, 0x00, 0x01, 0x00, 0x21, 0x00, 0x21, 0x00, 0x21, 0x00, 0x21, 0x00, 0x21, 0x00, 0x21, 0x00,
    0x21, 0x00, 0x21, 0x00, 0x21, 0x00, 0x00, 0x00, 0x83, 0x10, 0x46, 0x31, 0x45, 0x29, 0x83, 0x18,
    0x01, 0x00, 0x01, 0x00, 0x62, 0x08, 0xa7, 0x31, 0x29, 0x4a, 0x45, 0x29, 0x21, 0x00, 0x41, 0x08,
    0x66, 0x29, 0xe4, 0x18, 0x62, 0x08, 0x05, 0x21, 0x45, 0x29, 0xc3, 0x18, 0x21, 0x00, 0x21, 0x00,
    0x41, 0x08, 0xe8, 0x39, 0x1c, 0xe7, 0x17, 0xee, 0x48, 0xb2, 0x62, 0xa8, 0x83, 0xc0, 0xe4, 0x98,
    0x82, 0x20, 0xa4, 0x18, 0xa3, 0x18, 0x83, 0x18, 0x83, 0x40, 0xa3, 0x80, 0xa3, 0x88, 0xc4, 0x78,
    0x62, 0x60, 0xe5, 0xb8, 0xc4, 0x88, 0x00, 0x00, 0x00, 0x00, 0x00, 0x00, 0x00, 0x00, 0x00, 0x00,
    0x00, 0x00, 0x00, 0x00, 0x00, 0x00, 0x00, 0x00, 0x00, 0x00, 0x00, 0x00, 0x00, 0x00, 0x00, 0x00,
    0x00, 0x00, 0x00, 0x00, 0x00, 0x00, 0x00, 0x00, 0x00, 0x00, 0x00, 0x00, 0x00, 0x00, 0x00, 0x00,
    0x00, 0x00, 0x00, 0x00, 0x00, 0x00, 0x00, 0x00, 0x00, 0x00, 0x00, 0x00, 0x83, 0x68, 0x83, 0xa8,
    0xa4, 0xb8, 0x84, 0xb8, 0xa4, 0xb8, 0xa4, 0x90, 0x82, 0x20, 0xa3, 0x18, 0x82, 0x10, 0x6c, 0x6b,
    0x1b, 0xe7, 0xbb, 0xd6, 0x69, 0x4a, 0x00, 0x00, 0x00, 0x00, 0x21, 0x00, 0x21, 0x00, 0x00, 0x00,
    0x01, 0x00, 0x21, 0x00, 0x21, 0x00, 0x25, 0x29, 0x66, 0x29, 0xa3, 0x10, 0x00, 0x00, 0x82, 0x10,
    0xa7, 0x31, 0xe4, 0x20, 0xc8, 0x39, 0x08, 0x42, 0x09, 0x42, 0x25, 0x21, 0x00, 0x00, 0x21, 0x00,
    0x21, 0x00, 0x41, 0x08, 0x25, 0x29, 0x66, 0x31, 0x04, 0x21, 0x21, 0x00, 0x21, 0x00, 0x21, 0x00,
    0x21, 0x00, 0x21, 0x00, 0x21, 0x00, 0x21, 0x00, 0x21, 0x00, 0x21, 0x00, 0x21, 0x00, 0x21, 0x00,
    0x21, 0x00, 0x21, 0x00, 0x21, 0x00, 0x21, 0x00, 0x21, 0x00, 0x21, 0x00, 0x01, 0x00, 0x00, 0x00,
    0x05, 0x21, 0xa7, 0x39, 0x26, 0x29, 0x87, 0x31, 0x83, 0x10, 0x01, 0x00, 0x21, 0x00, 0x21, 0x00,
    0x01, 0x00, 0x21, 0x00, 0x21, 0x00, 0x21, 0x00, 0x21, 0x00, 0x21, 0x00, 0x01, 0x00, 0x00, 0x00,
    0x29, 0x4a, 0x6a, 0x52, 0x87, 0x31, 0x46, 0x31, 0xa3, 0x10, 0x21, 0x00, 0x01, 0x00, 0x21, 0x00,
    0x21, 0x00, 0x21, 0x00, 0x21, 0x00, 0x21, 0x00, 0x21, 0x00, 0x21, 0x00, 0x21, 0x00, 0x21, 0x00,
    0x21, 0x00, 0x21, 0x00, 0x00, 0x00, 0x62, 0x08, 0x66, 0x31, 0xa3, 0x18, 0xab, 0x5a, 0xa7, 0x39,
    0x00, 0x00, 0x21, 0x00, 0x21, 0x00, 0x21, 0x00, 0x21, 0x00, 0x21, 0x00, 0x21, 0x00, 0x21, 0x00,
    0x21, 0x00, 0xe4, 0x20, 0xa3, 0x18, 0x66, 0x31, 0xc8, 0x41, 0xa7, 0x39, 0x46, 0x29, 0x25, 0x29,
    0x46, 0x29, 0xa3, 0x10, 0x00, 0x00, 0x01, 0x00, 0x21, 0x00, 0x21, 0x00, 0x21, 0x00, 0x21, 0x00,
    0x21, 0x00, 0x21, 0x00, 0x21, 0x00, 0x21, 0x00, 0x21, 0x00, 0x21, 0x00, 0x21, 0x00, 0x21, 0x00,
    0x21, 0x00, 0x21, 0x00, 0x21, 0x00, 0x21, 0x08, 0x25, 0x29, 0x66, 0x31, 0x25, 0x29, 0x62, 0x08,
    0x00, 0x00, 0x00, 0x00, 0x04, 0x21, 0xa7, 0x31, 0x66, 0x29, 0x08, 0x42, 0x45, 0x29, 0x62, 0x08,
    0xa7, 0x31, 0xe4, 0x18, 0x00, 0x00, 0x21, 0x00, 0x62, 0x08, 0x45, 0x29, 0x86, 0x31, 0xc3, 0x18,
    0x41, 0x08, 0x00, 0x00, 0x45, 0x21, 0x97, 0xb5, 0xbe, 0xff, 0x13, 0xd5, 0x66, 0xb1, 0x83, 0x80,
    0xa3, 0x18, 0xa3, 0x18, 0xa3, 0x18, 0x82, 0x10, 0xc3, 0x68, 0xc5, 0xc0, 0xa4, 0xa8, 0xa3, 0x80,
    0x21, 0x30, 0x62, 0x38, 0xa2, 0x38, 0x00, 0x00, 0x00, 0x00, 0x00, 0x00, 0x00, 0x00, 0x00, 0x00,
    0x00, 0x00, 0x00, 0x00, 0x00, 0x00, 0x00, 0x00, 0x00, 0x00, 0x00, 0x00, 0x00, 0x00, 0x00, 0x00,
    0x00, 0x00, 0x00, 0x00, 0x00, 0x00, 0x00, 0x00, 0x00, 0x00, 0x00, 0x00, 0x00, 0x00, 0x00, 0x00,
    0x00, 0x00, 0x00, 0x00, 0x00, 0x00, 0x00, 0x00, 0x00, 0x00, 0x00, 0x00, 0xc4, 0x88, 0xa4, 0xb8,
    0xa4, 0xb8, 0x84, 0xb8, 0x84, 0xb8, 0xc4, 0xa8, 0xa2, 0x38, 0x40, 0x08, 0x8e, 0x73, 0xff, 0xff,
    0xef, 0x7b, 0x61, 0x08, 0x00, 0x00, 0x21, 0x08, 0x21, 0x00, 0x21, 0x00, 0x21, 0x00, 0x21, 0x00,
    0x21, 0x00, 0x20, 0x00, 0x21, 0x08, 0x62, 0x08, 0x00, 0x00, 0x00, 0x00, 0xa3, 0x10, 0xc3, 0x18,
    0x83, 0x10, 0xe4, 0x20, 0xe4, 0x18, 0xe8, 0x41, 0x09, 0x42, 0x86, 0x31, 0x01, 0x00, 0x21, 0x00,
    0x21, 0x08, 0x21, 0x08, 0x82, 0x10, 0x86, 0x31, 0x66, 0x31, 0x00, 0x00, 0x21, 0x00, 0x21, 0x00,
    0x21, 0x00, 0x21, 0x00, 0x21, 0x00, 0x21, 0x00, 0x21, 0x00, 0x21, 0x00, 0x21, 0x00, 0x21, 0x00,
    0x21, 0x00, 0x21, 0x00, 0x21, 0x00, 0x21, 0x00, 0x21, 0x00, 0x21, 0x00, 0x21, 0x00, 0x01, 0x00,
    0x00, 0x00, 0xc4, 0x18, 0xa7, 0x39, 0x46, 0x29, 0x66, 0x31, 0x83, 0x10, 0x00, 0x00, 0x21, 0x00,
    0x21, 0x00, 0x21, 0x00, 0x21, 0x00, 0x21, 0x00, 0x21, 0x00, 0x21, 0x00, 0x21, 0x00, 0x00, 0x00,
    0xe8, 0x41, 0x6b, 0x52, 0x26, 0x29, 0xc8, 0x39, 0xc7, 0x39, 0x25, 0x29, 0x42, 0x08, 0x01, 0x00,
    0x21, 0x00, 0x21, 0x00, 0x21, 0x00, 0x21, 0x00, 0x21, 0x00, 0x21, 0x00, 0x21, 0x00, 0x21, 0x00,
    0x21, 0x00, 0x00, 0x00, 0x62, 0x08, 0x49, 0x4a, 0xc8, 0x39, 0xc3, 0x18, 0x0c, 0x63, 0xc3, 0x18,
    0x00, 0x00, 0x21, 0x00, 0x21, 0x00, 0x21, 0x00, 0x21, 0x00, 0x21, 0x00, 0x21, 0x00, 0x01, 0x00,
    0x82, 0x10, 0x83, 0x10, 0x46, 0x31, 0xa8, 0x41, 0x67, 0x31, 0x05, 0x29, 0x46, 0x29, 0x05, 0x21,
    0x41, 0x08, 0x00, 0x00, 0x21, 0x00, 0x01, 0x00, 0x01, 0x00, 0x21, 0x00, 0x21, 0x00, 0x21, 0x00,
    0x21, 0x00, 0x21, 0x00, 0x21, 0x00, 0x21, 0x00, 0x21, 0x00, 0x21, 0x00, 0x21, 0x00, 0x21, 0x00,
    0x21, 0x00, 0x21, 0x00, 0x00, 0x00, 0xa3, 0x18, 0x45, 0x31, 0x04, 0x21, 0xc3, 0x18, 0x21, 0x00,
    0x21, 0x00, 0x00, 0x00, 0xa3, 0x18, 0x08, 0x42, 0xc7, 0x39, 0xa7, 0x31, 0x25, 0x29, 0x62, 0x10,
    0x66, 0x29, 0xa3, 0x10, 0x00, 0x00, 0x01, 0x00, 0x00, 0x00, 0x45, 0x29, 0xc3, 0x18, 0xa3, 0x18,
    0x25, 0x29, 0xa3, 0x18, 0x00, 0x00, 0x00, 0x00, 0x8a, 0x52, 0xba, 0xd6, 0x3c, 0xff, 0xa9, 0x7a,
    0x00, 0x00, 0xa3, 0x18, 0xa3, 0x18, 0x62, 0x20, 0xa4, 0x88, 0xa4, 0xc0, 0xa4, 0xc0, 0xc4, 0xb8,
    0xc3, 0x88, 0x20, 0x20, 0x00, 0x00, 0x00, 0x00, 0x00, 0x00, 0x00, 0x00, 0x00, 0x00, 0x00, 0x00,
    0x00, 0x00, 0x00, 0x00, 0x00, 0x00, 0x00, 0x00, 0x00, 0x00, 0x00, 0x00, 0x00, 0x00, 0x00, 0x00,
    0x00, 0x00, 0x00, 0x00, 0x00, 0x00, 0x00, 0x00, 0x00, 0x00, 0x00, 0x00, 0x00, 0x00, 0x00, 0x00,
    0x00, 0x00, 0x00, 0x00, 0x00, 0x00, 0x00, 0x00, 0x00, 0x00, 0x20, 0x10, 0x84, 0x88, 0x84, 0xb8,
    0x83, 0xb0, 0xa4, 0xb8, 0xa4, 0xb8, 0xc4, 0xb8, 0x62, 0x58, 0x04, 0x21, 0x7a, 0xd6, 0x49, 0x4a,
    0x00, 0x00, 0x00, 0x00, 0x21, 0x08, 0x01, 0x00, 0x21, 0x00, 0x21, 0x00, 0x21, 0x00, 0x21, 0x00,
    0x21, 0x00, 0x21, 0x00, 0x21, 0x00, 0x21, 0x00, 0xa3, 0x10, 0x86, 0x31, 0xe8, 0x39, 0xc7, 0x39,
    0x87, 0x31, 0x46, 0x29, 0x25, 0x29, 0x25, 0x29, 0x09, 0x42, 0xe8, 0x41, 0x41, 0x08, 0x21, 0x00,
    0x21, 0x00, 0x00, 0x00, 0x62, 0x10, 0x29, 0x4a, 0xa7, 0x39, 0x00, 0x00, 0x01, 0x00, 0x21, 0x00,
    0x21, 0x00, 0x21, 0x00, 0x21, 0x00, 0x21, 0x00, 0x21, 0x00, 0x21, 0x00, 0x21, 0x00, 0x21, 0x00,
    0x21, 0x00, 0x21, 0x00, 0x21, 0x00, 0x21, 0x00, 0x21, 0x00, 0x21, 0x00, 0x21, 0x00, 0x21, 0x00,
    0x21, 0x00, 0x00, 0x00, 0xa3, 0x18, 0xa7, 0x39, 0x46, 0x31, 0x46, 0x29, 0x82, 0x10, 0x00, 0x00,
    0x01, 0x00, 0x21, 0x00, 0x21, 0x00, 0x21, 0x00, 0x21, 0x00, 0x21, 0x00, 0x21, 0x00, 0x00, 0x00,
    0xa8, 0x39, 0x8b, 0x5a, 0x01, 0x08, 0xc3, 0x18, 0x86, 0x31, 0xe8, 0x41, 0xa7, 0x39, 0x62, 0x08,
    0x00, 0x00, 0x21, 0x00, 0x21, 0x00, 0x21, 0x00, 0x21, 0x00, 0x21, 0x00, 0x21, 0x00, 0x21, 0x00,
    0x00, 0x00, 0x62, 0x08, 0x29, 0x4a, 0x08, 0x42, 0x41, 0x08, 0x66, 0x31, 0xcb, 0x5a, 0x41, 0x08,
    0x00, 0x00, 0x21, 0x00, 0x21, 0x00, 0x21, 0x00, 0x21, 0x00, 0x21, 0x00, 0x21, 0x00, 0x21, 0x00,
    0x21, 0x00, 0x25, 0x21, 0xc8, 0x39, 0x25, 0x29, 0x25, 0x29, 0x46, 0x29, 0xa3, 0x18, 0x01, 0x00,
    0x01, 0x00, 0x21, 0x00, 0x21, 0x00, 0x21, 0x00, 0x21, 0x00, 0x21, 0x00, 0x21, 0x00, 0x21, 0x00,
    0x21, 0x00, 0x21, 0x00, 0x21, 0x00, 0x21, 0x00, 0x21, 0x00, 0x21, 0x00, 0x21, 0x00, 0x21, 0x00,
    0x21, 0x00, 0x21, 0x00, 0x00, 0x00, 0xa3, 0x18, 0xcc, 0x6a, 0x45, 0x29, 0x20, 0x00, 0x01, 0x00,
    0x21, 0x00, 0x00, 0x00, 0x42, 0x08, 0xc8, 0x39, 0x08, 0x42, 0x08, 0x42, 0xe8, 0x41, 0x87, 0x31,
    0x82, 0x10, 0x66, 0x31, 0x45, 0x29, 0xa3, 0x10, 0x04, 0x21, 0x66, 0x29, 0x00, 0x00, 0x00, 0x00,
    0x21, 0x00, 0x62, 0x08, 0x21, 0x00, 0x21, 0x00, 0x00, 0x00, 0x62, 0x08, 0x51, 0x8c, 0x5d, 0xef,
    0xf0, 0x83, 0x82, 0x10, 0xa2, 0x10, 0x83, 0x30, 0xa5, 0xa0, 0xa4, 0xc0, 0xa3, 0xc0, 0x83, 0xb8,
    0xc4, 0xc0, 0xe4, 0x80, 0x00, 0x00, 0x00, 0x00, 0x00, 0x00, 0x00, 0x00, 0x00, 0x00, 0x00, 0x00,
    0x00, 0x00, 0x00, 0x00, 0x00, 0x00, 0x00, 0x00, 0x00, 0x00, 0x00, 0x00, 0x00, 0x00, 0x00, 0x00,
    0x00, 0x00, 0x00, 0x00, 0x00, 0x00, 0x00, 0x00, 0x00, 0x00, 0x00, 0x00, 0x00, 0x00, 0x00, 0x00,
    0x00, 0x00, 0x00, 0x00, 0x00, 0x00, 0x00, 0x00, 0x00, 0x00, 0x21, 0x18, 0xc5, 0x98, 0x84, 0xb8,
    0xa3, 0xb0, 0xa4, 0xb8, 0xa4, 0xb8, 0xc4, 0xc0, 0x42, 0x78, 0x69, 0x52, 0xd3, 0x9c, 0x00, 0x00,
    0x41, 0x08, 0x21, 0x00, 0x21, 0x00, 0x21, 0x00, 0x21, 0x00, 0x21, 0x00, 0x21, 0x00, 0x41, 0x08,
    0x21, 0x00, 0x00, 0x00, 0x21, 0x00, 0x82, 0x10, 0xe8, 0x39, 0xe8, 0x41, 0x66, 0x31, 0xa7, 0x31,
    0xc8, 0x39, 0xc8, 0x39, 0xc8, 0x39, 0x45, 0x29, 0xa7, 0x31, 0xa7, 0x39, 0x21, 0x00, 0x21, 0x00,
    0x82, 0x10, 0x62, 0x08, 0xa3, 0x18, 0x29, 0x4a, 0x87, 0x39, 0x61, 0x10, 0x62, 0x10, 0x66, 0x31,
    0x21, 0x08, 0x01, 0x00, 0x21, 0x00, 0x21, 0x00, 0x21, 0x00, 0x21, 0x00, 0x21, 0x00, 0x21, 0x00,
    0x21, 0x00, 0x21, 0x00, 0x21, 0x00, 0x21, 0x00, 0x21, 0x00, 0x21, 0x00, 0x21, 0x00, 0x21, 0x00,
    0x21, 0x00, 0x21, 0x00, 0x00, 0x00, 0x62, 0x10, 0xa7, 0x39, 0x45, 0x29, 0x05, 0x29, 0x62, 0x10,
    0x00, 0x00, 0x21, 0x00, 0x21, 0x00, 0x21, 0x00, 0x21, 0x00, 0x21, 0x00, 0x21, 0x00, 0x00, 0x00,
    0x66, 0x31, 0xcc, 0x5a, 0x21, 0x08, 0x00, 0x00, 0x41, 0x08, 0xe4, 0x20, 0xc8, 0x39, 0x86, 0x31,
    0x21, 0x00, 0x01, 0x00, 0x21, 0x00, 0x21, 0x00, 0x21, 0x00, 0x21, 0x00, 0x21, 0x00, 0x00, 0x00,
    0x82, 0x10, 0xe8, 0x41, 0x46, 0x29, 0x21, 0x08, 0x00, 0x00, 0x4a, 0x4a, 0x09, 0x4a, 0x00, 0x00,
    0x21, 0x00, 0x21, 0x00, 0x21, 0x00, 0x21, 0x00, 0x21, 0x00, 0x21, 0x00, 0x21, 0x00, 0x00, 0x00,
    0xc3, 0x18, 0xa7, 0x39, 0x05, 0x21, 0x25, 0x29, 0x25, 0x29, 0x42, 0x08, 0x00, 0x00, 0x21, 0x00,
    0x21, 0x00, 0x21, 0x00, 0x21, 0x00, 0x21, 0x00, 0x21, 0x00, 0x21, 0x00, 0x21, 0x00, 0x21, 0x00,
    0x21, 0x00, 0x21, 0x00, 0x21, 0x00, 0x21, 0x00, 0x21, 0x00, 0x21, 0x00, 0x21, 0x00, 0x21, 0x00,
    0x21, 0x00, 0x21, 0x00, 0x00, 0x00, 0xe4, 0x20, 0xab, 0x62, 0x04, 0x21, 0x41, 0x08, 0x62, 0x08,
    0x21, 0x08, 0x21, 0x00, 0x21, 0x08, 0xa7, 0x31, 0x09, 0x42, 0xe8, 0x41, 0x09, 0x42, 0xc8, 0x39,
    0x21, 0x00, 0x01, 0x00, 0xc4, 0x18, 0x86, 0x31, 0xe8, 0x39, 0x82, 0x10, 0x00, 0x00, 0x21, 0x00,
    0x01, 0x00, 0x01, 0x00, 0x21, 0x00, 0x21, 0x00, 0x41, 0x08, 0x01, 0x00, 0x00, 0x00, 0x08, 0x42,
    0xfb, 0xde, 0x35, 0xad, 0x82, 0x10, 0x83, 0x50, 0xc4, 0xb8, 0xa3, 0xc0, 0xa3, 0xc0, 0xa3, 0xb8,
    0xc4, 0xc0, 0xc5, 0x88, 0x00, 0x00, 0x00, 0x00, 0x00, 0x00, 0x00, 0x00, 0x00, 0x00, 0x00, 0x00,
    0x00, 0x00, 0x00, 0x00, 0x00, 0x00, 0x00, 0x00, 0x00, 0x00, 0x00, 0x00, 0x00, 0x00, 0x00, 0x00,
    0x00, 0x00, 0x00, 0x00, 0x00, 0x00, 0x00, 0x00, 0x00, 0x00, 0x00, 0x00, 0x00, 0x00, 0x00, 0x00,
    0x00, 0x00, 0x00, 0x00, 0x00, 0x00, 0x00, 0x00, 0x00, 0x00, 0x00, 0x00, 0xa3, 0x78, 0xa4, 0xc0,
    0x84, 0xb8, 0x83, 0xb8, 0xa3, 0xb8, 0xa4, 0xc0, 0x63, 0x98, 0x49, 0x62, 0xec, 0x5a, 0x00, 0x00,
    0x21, 0x08, 0x01, 0x00, 0x21, 0x00, 0x21, 0x00, 0x21, 0x00, 0x21, 0x00, 0x01, 0x00, 0x04, 0x21,
    0x66, 0x29, 0x62, 0x08, 0x21, 0x00, 0x00, 0x00, 0xc4, 0x18, 0x66, 0x31, 0x66, 0x31, 0xc7, 0x39,
    0xc7, 0x39, 0xc8, 0x39, 0xc8, 0x39, 0xc8, 0x39, 0x86, 0x31, 0x45, 0x29, 0x01, 0x00, 0x21, 0x00,
    0x86, 0x31, 0xc3, 0x18, 0x62, 0x10, 0xe8, 0x41, 0x86, 0x39, 0x49, 0x4a, 0x45, 0x29, 0xe8, 0x41,
    0x01, 0x00, 0x21, 0x00, 0x21, 0x00, 0x21, 0x00, 0x21, 0x00, 0x21, 0x00, 0x21, 0x00, 0x21, 0x00,
    0x21, 0x00, 0x21, 0x00, 0x21, 0x00, 0x21, 0x00, 0x21, 0x00, 0x21, 0x00, 0x21, 0x00, 0x21, 0x00,
    0x21, 0x00, 0x21, 0x00, 0x21, 0x00, 0x01, 0x00, 0x42, 0x08, 0x86, 0x31, 0x45, 0x29, 0xe4, 0x20,
    0x62, 0x08, 0x00, 0x00, 0x21, 0x00, 0x21, 0x00, 0x21, 0x00, 0x21, 0x00, 0x21, 0x00, 0x00, 0x00,
    0x05, 0x21, 0x0c, 0x63, 0x62, 0x10, 0x00, 0x00, 0x21, 0x00, 0x00, 0x00, 0x62, 0x10, 0x87, 0x31,
    0x25, 0x21, 0x00, 0x00, 0x21, 0x00, 0x21, 0x00, 0x21, 0x00, 0x21, 0x00, 0x00, 0x00, 0x62, 0x08,
    0xc7, 0x39, 0xa3, 0x18, 0x00, 0x00, 0x01, 0x00, 0x62, 0x10, 0xec, 0x62, 0x46, 0x31, 0x00, 0x00,
    0x21, 0x00, 0x21, 0x00, 0x21, 0x00, 0x21, 0x00, 0x21, 0x00, 0x21, 0x00, 0x01, 0x00, 0x42, 0x08,
    0x05, 0x29, 0xe4, 0x20, 0x26, 0x29, 0xc4, 0x18, 0x01, 0x00, 0x01, 0x00, 0x21, 0x00, 0x21, 0x00,
    0x21, 0x00, 0x21, 0x00, 0x21, 0x00, 0x21, 0x00, 0x21, 0x00, 0x21, 0x00, 0x21, 0x00, 0x21, 0x00,
    0x21, 0x00, 0x21, 0x00, 0x21, 0x00, 0x21, 0x00, 0x21, 0x00, 0x21, 0x00, 0x21, 0x00, 0x00, 0x00,
    0x45, 0x29, 0x46, 0x29, 0xc3, 0x18, 0x24, 0x29, 0x6a, 0x5a, 0xe4, 0x18, 0x21, 0x00, 0x45, 0x29,
    0xc3, 0x18, 0x01, 0x00, 0x21, 0x00, 0xa7, 0x31, 0x08, 0x42, 0xc8, 0x39, 0xe8, 0x41, 0xa7, 0x39,
    0xe4, 0x18, 0x41, 0x08, 0x00, 0x00, 0x01, 0x00, 0x62, 0x10, 0x21, 0x00, 0x21, 0x00, 0x01, 0x00,
    0x01, 0x00, 0x01, 0x00, 0x21, 0x00, 0x21, 0x00, 0x00, 0x00, 0x21, 0x00, 0x41, 0x08, 0x00, 0x00,
    0xc3, 0x18, 0xfc, 0xe6, 0xc7, 0x49, 0x63, 0x80, 0xa4, 0xc8, 0xa3, 0xb8, 0xa3, 0xc0, 0x83, 0xb8,
    0xc4, 0xc0, 0x83, 0x60, 0x00, 0x00, 0x00, 0x00, 0x00, 0x00, 0x00, 0x00, 0x00, 0x00, 0x00, 0x00,
    0x00, 0x00, 0x00, 0x00, 0x00, 0x00, 0x00, 0x00, 0x00, 0x00, 0x00, 0x00, 0x00, 0x00, 0x00, 0x00,
    0x00, 0x00, 0x00, 0x00, 0x00, 0x00, 0x00, 0x00, 0x00, 0x00, 0x00, 0x00, 0x00, 0x00, 0x00, 0x00,
    0x00, 0x00, 0x00, 0x00, 0x00, 0x00, 0x00, 0x00, 0x00, 0x00, 0x00, 0x00, 0x62, 0x48, 0xc4, 0xc0,
    0x84, 0xb8, 0x84, 0xb8, 0x84, 0xc0, 0x84, 0xc0, 0xc4, 0xb8, 0x63, 0x48, 0x01, 0x00, 0x21, 0x08,
    0x21, 0x00, 0x21, 0x00, 0x21, 0x00, 0x01, 0x00, 0xa3, 0x18, 0x41, 0x08, 0x04, 0x21, 0xa7, 0x39,
    0xa7, 0x39, 0xa7, 0x39, 0x25, 0x29, 0x62, 0x10, 0xc3, 0x18, 0x86, 0x31, 0xc7, 0x39, 0xc7, 0x39,
    0xc7, 0x39, 0xc8, 0x39, 0xc8, 0x39, 0xc8, 0x39, 0xc8, 0x39, 0xa3, 0x18, 0x00, 0x00, 0x41, 0x08,
    0xa3, 0x10, 0x00, 0x00, 0x41, 0x08, 0x09, 0x4a, 0x46, 0x31, 0xc7, 0x39, 0x24, 0x29, 0x29, 0x4a,
    0x62, 0x10, 0x00, 0x00, 0x21, 0x00, 0x21, 0x00, 0x21, 0x00, 0x21, 0x00, 0x21, 0x00, 0x21, 0x00,
    0x21, 0x00, 0x21, 0x00, 0x21, 0x00, 0x21, 0x00, 0x21, 0x00, 0x21, 0x00, 0x21, 0x00, 0x21, 0x00,
    0x21, 0x00, 0x21, 0x00, 0x21, 0x00, 0x21, 0x00, 0x00, 0x00, 0x21, 0x08, 0x46, 0x31, 0x25, 0x29,
    0xc3, 0x18, 0x41, 0x08, 0x21, 0x00, 0x21, 0x00, 0x21, 0x00, 0x21, 0x00, 0x21, 0x00, 0x00, 0x00,
    0xa3, 0x18, 0x0c, 0x6b, 0xa3, 0x18, 0x00, 0x00, 0x21, 0x00, 0x21, 0x08, 0x00, 0x00, 0x41, 0x08,
    0x86, 0x31, 0x82, 0x10, 0x00, 0x00, 0x21, 0x00, 0x21, 0x00, 0x21, 0x00, 0x01, 0x00, 0x66, 0x31,
    0xa3, 0x18, 0x00, 0x00, 0x41, 0x08, 0x00, 0x00, 0x25, 0x21, 0x2d, 0x63, 0xa3, 0x18, 0x00, 0x00,
    0x21, 0x00, 0x21, 0x00, 0x21, 0x00, 0x21, 0x00, 0x21, 0x00, 0x21, 0x00, 0x00, 0x00, 0x21, 0x00,
    0xe4, 0x20, 0x25, 0x29, 0x42, 0x08, 0x00, 0x00, 0x21, 0x00, 0x21, 0x00, 0x21, 0x00, 0x21, 0x00,
    0x21, 0x00, 0x21, 0x00, 0x21, 0x00, 0x21, 0x00, 0x21, 0x00, 0x21, 0x00, 0x21, 0x00, 0x21, 0x00,
    0x21, 0x00, 0x21, 0x00, 0x21, 0x00, 0x21, 0x00, 0x21, 0x00, 0x21, 0x00, 0x00, 0x00, 0xe4, 0x18,
    0xc7, 0x39, 0x08, 0x42, 0x21, 0x00, 0xa3, 0x18, 0x29, 0x52, 0x25, 0x29, 0x41, 0x08, 0x62, 0x08,
    0x41, 0x08, 0x21, 0x00, 0x41, 0x08, 0xa7, 0x31, 0xc8, 0x39, 0xe8, 0x41, 0x09, 0x42, 0xa7, 0x39,
    0xe8, 0x41, 0xc7, 0x39, 0x04, 0x21, 0x62, 0x08, 0x00, 0x00, 0x00, 0x00, 0x01, 0x00, 0x21, 0x00,
    0x01, 0x00, 0xe4, 0x18, 0x42, 0x08, 0x01, 0x00, 0x62, 0x08, 0x21, 0x00, 0x21, 0x00, 0x41, 0x08,
    0x00, 0x00, 0xf0, 0x8b, 0x09, 0x8a, 0x83, 0xb0, 0xa4, 0xc0, 0xa4, 0xc0, 0xa4, 0xc0, 0x83, 0xc0,
    0xc4, 0xb8, 0x41, 0x38, 0x00, 0x00, 0x00, 0x00, 0x00, 0x00, 0x00, 0x00, 0x00, 0x00, 0x00, 0x00,
    0x00, 0x00, 0x00, 0x00, 0x00, 0x00, 0x00, 0x00, 0x00, 0x00, 0x00, 0x00, 0x00, 0x00, 0x00, 0x00,
    0x00, 0x00, 0x00, 0x00, 0x00, 0x00, 0x00, 0x00, 0x00, 0x00, 0x00, 0x00, 0x00, 0x00, 0x00, 0x00,
    0x00, 0x00, 0x00, 0x00, 0x00, 0x00, 0x00, 0x00, 0x00, 0x00, 0x00, 0x00, 0x21, 0x20, 0xc5, 0xa8,
    0x84, 0xc0, 0x84, 0xb8, 0xa4, 0xc0, 0x84, 0xc0, 0xc4, 0xc0, 0xa3, 0x80, 0x00, 0x08, 0x21, 0x00,
    0x21, 0x00, 0x21, 0x00, 0x21, 0x00, 0x00, 0x00, 0xe4, 0x18, 0xa3, 0x18, 0x45, 0x29, 0xe8, 0x39,
    0xe4, 0x20, 0xa7, 0x39, 0xe8, 0x41, 0xa7, 0x39, 0xc8, 0x39, 0xc8, 0x39, 0xc8, 0x39, 0xc7, 0x39,
    0xc7, 0x39, 0xc8, 0x39, 0xc8, 0x39, 0xc7, 0x39, 0xe8, 0x39, 0x83, 0x10, 0x00, 0x00, 0x21, 0x00,
    0x21, 0x00, 0x21, 0x00, 0x42, 0x08, 0x29, 0x4a, 0x25, 0x29, 0x66, 0x31, 0x25, 0x29, 0x29, 0x4a,
    0xa7, 0x39, 0x62, 0x10, 0x00, 0x00, 0x21, 0x00, 0x21, 0x00, 0x21, 0x00, 0x21, 0x00, 0x21, 0x00,
    0x21, 0x00, 0x21, 0x00, 0x21, 0x00, 0x21, 0x00, 0x21, 0x00, 0x21, 0x00, 0x21, 0x00, 0x21, 0x00,
    0x21, 0x00, 0x21, 0x00, 0x21, 0x00, 0x21, 0x00, 0x21, 0x00, 0x01, 0x00, 0x01, 0x08, 0x05, 0x21,
    0x05, 0x21, 0x42, 0x08, 0x21, 0x00, 0x21, 0x00, 0x21, 0x00, 0x21, 0x00, 0x21, 0x00, 0x00, 0x00,
    0x62, 0x10, 0x0c, 0x63, 0xe4, 0x20, 0x00, 0x00, 0x21, 0x00, 0x01, 0x00, 0x21, 0x00, 0x00, 0x00,
    0xa3, 0x18, 0x45, 0x29, 0x00, 0x00, 0x21, 0x00, 0x21, 0x00, 0x00, 0x00, 0x05, 0x21, 0x05, 0x21,
    0x00, 0x00, 0x21, 0x00, 0x21, 0x00, 0x00, 0x00, 0xa7, 0x31, 0xec, 0x62, 0x41, 0x08, 0x00, 0x00,
    0x21, 0x00, 0x21, 0x00, 0x21, 0x00, 0x21, 0x00, 0x21, 0x00, 0x00, 0x00, 0x21, 0x08, 0x25, 0x21,
    0xe4, 0x20, 0x21, 0x08, 0x00, 0x00, 0x21, 0x00, 0x21, 0x00, 0x21, 0x00, 0x21, 0x00, 0x21, 0x00,
    0x21, 0x00, 0x21, 0x00, 0x21, 0x00, 0x21, 0x00, 0x21, 0x00, 0x21, 0x00, 0x21, 0x00, 0x21, 0x00,
    0x21, 0x00, 0x21, 0x00, 0x21, 0x00, 0x21, 0x00, 0x21, 0x00, 0x00, 0x00, 0xa3, 0x10, 0x29, 0x42,
    0x86, 0x31, 0xe8, 0x39, 0x21, 0x00, 0x04, 0x21, 0x49, 0x52, 0xe4, 0x20, 0x21, 0x00, 0x21, 0x00,
    0x01, 0x00, 0x01, 0x00, 0x62, 0x08, 0xe8, 0x39, 0x09, 0x42, 0x09, 0x42, 0x09, 0x42, 0x09, 0x42,
    0xe8, 0x41, 0x08, 0x42, 0x08, 0x42, 0xe8, 0x39, 0x66, 0x29, 0xc4, 0x18, 0x42, 0x08, 0x00, 0x00,
    0x41, 0x08, 0xa7, 0x39, 0x62, 0x08, 0x41, 0x08, 0xa7, 0x39, 0x82, 0x10, 0x00, 0x00, 0x21, 0x08,
    0x21, 0x00, 0x41, 0x18, 0xc4, 0x98, 0xa4, 0xc0, 0xa4, 0xc0, 0xa4, 0xc0, 0x84, 0xc0, 0x84, 0xc0,
    0xc4, 0xa8, 0x20, 0x10, 0x00, 0x00, 0x00, 0x00, 0x00, 0x00, 0x00, 0x00, 0x00, 0x00, 0x00, 0x00,
    0x00, 0x00, 0x00, 0x00, 0x00, 0x00, 0x00, 0x00, 0x00, 0x00, 0x00, 0x00, 0x00, 0x00, 0x00, 0x00,
    0x00, 0x00, 0x00, 0x00, 0x00, 0x00, 0x00, 0x00, 0x00, 0x00, 0x00, 0x00, 0x00, 0x00, 0x00, 0x00,
    0x00, 0x00, 0x00, 0x00, 0x00, 0x00, 0x00, 0x00, 0x00, 0x00, 0x00, 0x00, 0x00, 0x00, 0xa4, 0x80,
    0xa4, 0xc0, 0x84, 0xc0, 0x84, 0xc0, 0xa4, 0xc0, 0xa3, 0xb8, 0xe5, 0xb0, 0x61, 0x30, 0x01, 0x00,
    0x21, 0x08, 0x01, 0x00, 0x21, 0x00, 0x01, 0x00, 0x62, 0x08, 0x66, 0x31, 0xa7, 0x31, 0xe8, 0x41,
    0xe4, 0x20, 0x04, 0x21, 0xe8, 0x39, 0xc7, 0x39, 0xc7, 0x39, 0xc8, 0x39, 0xc8, 0x39, 0xc7, 0x39,
    0xc7, 0x39, 0xc8, 0x39, 0xc8, 0x39, 0xc8, 0x39, 0xc8, 0x39, 0x82, 0x10, 0x01, 0x00, 0x21, 0x00,
    0x00, 0x00, 0x00, 0x00, 0x41, 0x08, 0x08, 0x42, 0x66, 0x31, 0x25, 0x29, 0xc3, 0x20, 0xe8, 0x41,
    0x86, 0x31, 0xc7, 0x39, 0x21, 0x08, 0x01, 0x00, 0x21, 0x00, 0x21, 0x00, 0x21, 0x00, 0x21, 0x00,
    0x21, 0x00, 0x21, 0x00, 0x21, 0x00, 0x21, 0x00, 0x21, 0x00, 0x21, 0x00, 0x21, 0x00, 0x21, 0x00,
    0x21, 0x00, 0x21, 0x00, 0x21, 0x00, 0x21, 0x00, 0x21, 0x00, 0x21, 0x00, 0x01, 0x00, 0x00, 0x00,
    0xe4, 0x20, 0xc3, 0x18, 0x00, 0x00, 0x21, 0x00, 0x21, 0x00, 0x21, 0x00, 0x21, 0x00, 0x01, 0x00,
    0x21, 0x08, 0xcc, 0x5a, 0x46, 0x29, 0x00, 0x00, 0x21, 0x00, 0x21, 0x00, 0x21, 0x00, 0x21, 0x00,
    0x00, 0x00, 0x46, 0x29, 0xa3, 0x10, 0x00, 0x00, 0x00, 0x00, 0x62, 0x10, 0x86, 0x31, 0x21, 0x08,
    0x01, 0x00, 0x21, 0x00, 0x21, 0x00, 0x00, 0x00, 0x08, 0x42, 0xaa, 0x52, 0x00, 0x00, 0x00, 0x00,
    0x21, 0x00, 0x21, 0x00, 0x21, 0x00, 0x21, 0x00, 0x00, 0x00, 0x62, 0x08, 0x45, 0x29, 0xa3, 0x18,
    0x00, 0x00, 0x21, 0x00, 0x21, 0x00, 0x21, 0x00, 0x21, 0x00, 0x21, 0x00, 0x21, 0x00, 0x21, 0x00,
    0x21, 0x00, 0x21, 0x00, 0x21, 0x00, 0x21, 0x00, 0x21, 0x00, 0x21, 0x00, 0x21, 0x00, 0x21, 0x00,
    0x21, 0x00, 0x21, 0x00, 0x21, 0x00, 0x21, 0x00, 0x01, 0x00, 0x21, 0x00, 0x08, 0x42, 0x87, 0x31,
    0xe8, 0x39, 0x66, 0x29, 0x00, 0x00, 0x25, 0x29, 0xab, 0x62, 0xa3, 0x18, 0x00, 0x00, 0x21, 0x00,
    0x21, 0x00, 0x01, 0x00, 0x62, 0x08, 0xe8, 0x39, 0x08, 0x42, 0x08, 0x42, 0x09, 0x42, 0x09, 0x42,
    0x08, 0x42, 0x08, 0x42, 0xe8, 0x41, 0xe8, 0x41, 0x08, 0x42, 0x08, 0x42, 0xa7, 0x39, 0x66, 0x29,
    0xa7, 0x31, 0xe8, 0x39, 0x21, 0x00, 0xc3, 0x18, 0x29, 0x4a, 0xa7, 0x39, 0x41, 0x08, 0x21, 0x00,
    0x21, 0x00, 0x41, 0x30, 0xc4, 0xb0, 0xa4, 0xb8, 0xa4, 0xc0, 0xa4, 0xc0, 0xa4, 0xc0, 0xa4, 0xc8,
    0xa3, 0x80, 0x00, 0x00, 0x00, 0x00, 0x00, 0x00, 0x00, 0x00, 0x00, 0x00, 0x00, 0x00, 0x00, 0x00,
    0x00, 0x00, 0x00, 0x00, 0x00, 0x00, 0x00, 0x00, 0x00, 0x00, 0x00, 0x00, 0x00, 0x00, 0x00, 0x00,
    0x00, 0x00, 0x00, 0x00, 0x00, 0x00, 0x00, 0x00, 0x00, 0x00, 0x00, 0x00, 0x00, 0x00, 0x00, 0x00,
    0x00, 0x00, 0x00, 0x00, 0x00, 0x00, 0x00, 0x00, 0x00, 0x00, 0x00, 0x00, 0x00, 0x00, 0x82, 0x50,
    0xc4, 0xc0, 0x64, 0xc0, 0x84, 0xc0, 0xa4, 0xc0, 0xa4, 0xb8, 0xa5, 0xc0, 0xa3, 0x70, 0x00, 0x00,
    0x21, 0x00, 0x21, 0x00, 0x21, 0x00, 0x21, 0x00, 0x01, 0x00, 0x66, 0x29, 0xe8, 0x41, 0xe8, 0x41,
    0x66, 0x31, 0x62, 0x08, 0xc7, 0x39, 0xa7, 0x39, 0xc7, 0x39, 0xc7, 0x39, 0xa8, 0x39, 0xa7, 0x39,
    0xa7, 0x39, 0xc8, 0x39, 0xa7, 0x39, 0xc8, 0x39, 0xa7, 0x39, 0x42, 0x08, 0x21, 0x00, 0x41, 0x08,
    0x61, 0x08, 0x20, 0x00, 0x41, 0x08, 0xc7, 0x39, 0x82, 0x10, 0xe4, 0x20, 0x41, 0x08, 0x45, 0x29,
    0xa7, 0x39, 0xa7, 0x31, 0xa7, 0x39, 0x21, 0x00, 0x21, 0x00, 0x21, 0x00, 0x21, 0x00, 0x21, 0x00,
    0x21, 0x00, 0x00, 0x00, 0x00, 0x00, 0x00, 0x00, 0x00, 0x00, 0x21, 0x00, 0x21, 0x00, 0x21, 0x00,
    0x21, 0x00, 0x21, 0x00, 0x21, 0x00, 0x21, 0x00, 0x21, 0x00, 0x21, 0x00, 0x21, 0x00, 0x01, 0x00,
    0x00, 0x00, 0xa3, 0x18, 0x82, 0x10, 0x01, 0x00, 0x21, 0x00, 0x21, 0x00, 0x21, 0x00, 0x21, 0x00,
    0x01, 0x00, 0x8b, 0x52, 0xa7, 0x39, 0x00, 0x00, 0x21, 0x00, 0x01, 0x00, 0x21, 0x00, 0x21, 0x00,
    0x00, 0x00, 0x82, 0x10, 0xc3, 0x18, 0x21, 0x00, 0x01, 0x00, 0xa3, 0x18, 0xa3, 0x18, 0x00, 0x00,
    0x21, 0x00, 0x21, 0x00, 0x21, 0x00, 0x00, 0x00, 0x6a, 0x4a, 0x49, 0x4a, 0x00, 0x00, 0x21, 0x00,
    0x21, 0x00, 0x21, 0x00, 0x21, 0x00, 0x00, 0x00, 0x62, 0x08, 0x25, 0x21, 0x62, 0x08, 0x00, 0x00,
    0x21, 0x00, 0x21, 0x00, 0x21, 0x00, 0x21, 0x00, 0x21, 0x00, 0x21, 0x00, 0x21, 0x00, 0x21, 0x00,
    0x21, 0x00, 0x21, 0x00, 0x01, 0x00, 0x00, 0x00, 0x00, 0x00, 0x00, 0x00, 0x21, 0x00, 0x21, 0x00,
    0x21, 0x00, 0x21, 0x00, 0x21, 0x00, 0x21, 0x00, 0x00, 0x00, 0xa7, 0x31, 0xa7, 0x31, 0xc7, 0x39,
    0x87, 0x31, 0x62, 0x08, 0x41, 0x08, 0xe3, 0x18, 0x49, 0x52, 0x45, 0x29, 0x41, 0x08, 0x62, 0x08,
    0x21, 0x08, 0x21, 0x08, 0x21, 0x08, 0xa7, 0x39, 0x08, 0x42, 0xe8, 0x41, 0xe8, 0x41, 0xe8, 0x41,
    0xe8, 0x41, 0x08, 0x42, 0x08, 0x42, 0xe8, 0x41, 0x08, 0x42, 0x86, 0x31, 0x87, 0x31, 0x29, 0x4a,
    0x29, 0x42, 0xa7, 0x39, 0x21, 0x08, 0xa6, 0x31, 0x49, 0x4a, 0xa7, 0x39, 0x01, 0x00, 0x21, 0x00,
    0x00, 0x00, 0x83, 0x68, 0xc5, 0xc0, 0xa4, 0xb8, 0xa3, 0xc0, 0xa3, 0xc0, 0x83, 0xb8, 0xc4, 0xb8,
    0x62, 0x50, 0x00, 0x00, 0x00, 0x00, 0x00, 0x00, 0x00, 0x00, 0x00, 0x00, 0x00, 0x00, 0x00, 0x00,
    0x00, 0x00, 0x00, 0x00, 0x00, 0x00, 0x00, 0x00, 0x00, 0x00, 0x00, 0x00, 0x00, 0x00, 0x00, 0x00,
    0x00, 0x00, 0x00, 0x00, 0x00, 0x00, 0x00, 0x00, 0x00, 0x00, 0x00, 0x00, 0x00, 0x00, 0x00, 0x00,
    0x00, 0x00, 0x00, 0x00, 0x00, 0x00, 0x00, 0x00, 0x00, 0x00, 0x00, 0x00, 0x00, 0x00, 0x20, 0x20,
    0xc4, 0xb0, 0x83, 0xc0, 0xa4, 0xb8, 0xa4, 0xb8, 0xa4, 0xc0, 0xa4, 0xc0, 0xc4, 0xa0, 0x41, 0x20,
    0x21, 0x00, 0x21, 0x00, 0x01, 0x00, 0x21, 0x00, 0x00, 0x00, 0xc3, 0x18, 0xe8, 0x39, 0xc8, 0x39,
    0xa7, 0x39, 0x21, 0x08, 0x25, 0x29, 0xc8, 0x39, 0xa7, 0x39, 0xc7, 0x39, 0xa7, 0x39, 0xa7, 0x39,
    0xa7, 0x39, 0xc8, 0x39, 0xa7, 0x39, 0xc8, 0x39, 0x86, 0x31, 0x21, 0x08, 0x21, 0x00, 0x04, 0x21,
    0x65, 0x29, 0x45, 0x29, 0x25, 0x29, 0x08, 0x42, 0xe4, 0x20, 0xc7, 0x39, 0x66, 0x31, 0x41, 0x08,
    0x86, 0x31, 0x86, 0x31, 0xc8, 0x41, 0x66, 0x31, 0x01, 0x00, 0x21, 0x00, 0x21, 0x00, 0x21, 0x00,
    0x41, 0x08, 0xa3, 0x10, 0xc3, 0x18, 0x04, 0x21, 0xa3, 0x10, 0x01, 0x00, 0x21, 0x00, 0x21, 0x00,
    0x21, 0x00, 0x21, 0x00, 0x21, 0x00, 0x21, 0x00, 0x21, 0x00, 0x21, 0x00, 0x21, 0x00, 0x21, 0x00,
    0x21, 0x00, 0x00, 0x00, 0xa3, 0x18, 0x62, 0x08, 0x01, 0x00, 0x21, 0x00, 0x21, 0x00, 0x21, 0x00,
    0x00, 0x00, 0x4a, 0x4a, 0x09, 0x42, 0x00, 0x00, 0x21, 0x00, 0x21, 0x00, 0x21, 0x00, 0x21, 0x00,
    0x21, 0x00, 0x21, 0x00, 0x01, 0x00, 0x25, 0x29, 0x25, 0x29, 0x01, 0x00, 0x01, 0x00, 0x21, 0x00,
    0x21, 0x00, 0x21, 0x00, 0x21, 0x00, 0x21, 0x00, 0xab, 0x52, 0xe8, 0x41, 0x00, 0x00, 0x21, 0x00,
    0x21, 0x00, 0x21, 0x00, 0x01, 0x00, 0x41, 0x08, 0x04, 0x21, 0x41, 0x08, 0x00, 0x00, 0x21, 0x00,
    0x21, 0x00, 0x21, 0x00, 0x21, 0x00, 0x21, 0x00, 0x21, 0x00, 0x21, 0x00, 0x21, 0x00, 0x21, 0x00,
    0x21, 0x00, 0x01, 0x00, 0x21, 0x08, 0xa3, 0x10, 0x83, 0x10, 0x62, 0x08, 0x21, 0x00, 0x21, 0x00,
    0x21, 0x00, 0x21, 0x00, 0x21, 0x00, 0x21, 0x00, 0x86, 0x31, 0xe8, 0x39, 0xa7, 0x39, 0xe8, 0x41,
    0x41, 0x08, 0xa7, 0x39, 0x04, 0x21, 0x20, 0x08, 0x24, 0x29, 0x08, 0x42, 0x65, 0x29, 0x25, 0x29,
    0xc3, 0x18, 0x62, 0x10, 0x00, 0x00, 0x87, 0x31, 0x08, 0x42, 0xe8, 0x41, 0xe8, 0x41, 0xe8, 0x41,
    0xe8, 0x41, 0xe8, 0x41, 0xe8, 0x41, 0xe8, 0x41, 0x08, 0x42, 0x04, 0x21, 0x66, 0x31, 0x08, 0x42,
    0x08, 0x42, 0x45, 0x29, 0xa3, 0x10, 0x08, 0x42, 0x29, 0x4a, 0xa3, 0x18, 0x00, 0x00, 0x21, 0x00,
    0x20, 0x10, 0xc4, 0xa0, 0xa4, 0xc0, 0xa3, 0xb8, 0xa3, 0xc0, 0xa3, 0xc0, 0xa3, 0xc0, 0xe4, 0xa8,
    0x20, 0x18, 0x00, 0x00, 0x00, 0x00, 0x00, 0x00, 0x00, 0x00, 0x00, 0x00, 0x00, 0x00, 0x00, 0x00,
    0x00, 0x00, 0x00, 0x00, 0x00, 0x00, 0x00, 0x00, 0x00, 0x00, 0x00, 0x00, 0x00, 0x00, 0x00, 0x00,
    0x00, 0x00, 0x00, 0x00, 0x00, 0x00, 0x00, 0x00, 0x00, 0x00, 0x00, 0x00, 0x00, 0x00, 0x00, 0x00,
    0x00, 0x00, 0x00, 0x00, 0x00, 0x00, 0x00, 0x00, 0x00, 0x00, 0x00, 0x00, 0x00, 0x00, 0x00, 0x00,
    0xa4, 0x88, 0xa4, 0xc0, 0xa3, 0xb8, 0xa3, 0xb8, 0xa4, 0xb8, 0x83, 0xb8, 0xc4, 0xb8, 0x82, 0x58,
    0x00, 0x00, 0x01, 0x00, 0x62, 0x08, 0x41, 0x08, 0x00, 0x00, 0x42, 0x08, 0xa7, 0x39, 0xc8, 0x39,
    0xc8, 0x39, 0x62, 0x08, 0x83, 0x10, 0xc7, 0x39, 0xa7, 0x39, 0xc7, 0x39, 0xa7, 0x39, 0xa7, 0x39,
    0xa7, 0x39, 0xc8, 0x39, 0xa7, 0x39, 0xc8, 0x39, 0x46, 0x29, 0x00, 0x00, 0x41, 0x00, 0x45, 0x29,
    0x66, 0x31, 0x86, 0x31, 0x86, 0x31, 0x08, 0x42, 0x86, 0x31, 0x08, 0x42, 0x08, 0x42, 0x24, 0x21,
    0x21, 0x08, 0x66, 0x31, 0x87, 0x39, 0xa7, 0x39, 0x21, 0x00, 0x21, 0x00, 0x21, 0x00, 0x00, 0x00,
    0xe4, 0x18, 0x08, 0x42, 0xe8, 0x41, 0x09, 0x42, 0x09, 0x42, 0x62, 0x08, 0x01, 0x00, 0x21, 0x00,
    0x21, 0x00, 0x21, 0x00, 0x21, 0x00, 0x21, 0x00, 0x21, 0x00, 0x21, 0x00, 0x21, 0x00, 0x21, 0x00,
    0x21, 0x00, 0x01, 0x00, 0x21, 0x00, 0xa3, 0x10, 0x21, 0x00, 0x01, 0x00, 0x21, 0x00, 0x21, 0x00,
    0x00, 0x00, 0xe8, 0x41, 0x6a, 0x52, 0x00, 0x00, 0x21, 0x00, 0x21, 0x00, 0x21, 0x00, 0x21, 0x00,
    0x21, 0x00, 0x21, 0x00, 0x00, 0x00, 0x46, 0x29, 0x66, 0x31, 0x00, 0x00, 0x21, 0x08, 0x21, 0x00,
    0x21, 0x00, 0x21, 0x00, 0x21, 0x00, 0x42, 0x08, 0xcc, 0x5a, 0xc7, 0x39, 0x00, 0x00, 0x21, 0x08,
    0x21, 0x00, 0x21, 0x00, 0x00, 0x00, 0xc3, 0x18, 0x82, 0x10, 0x00, 0x00, 0x21, 0x00, 0x21, 0x00,
    0x21, 0x00, 0x21, 0x00, 0x21, 0x00, 0x21, 0x00, 0x21, 0x00, 0x21, 0x00, 0x21, 0x00, 0x21, 0x00,
    0x21, 0x00, 0x00, 0x00, 0x66, 0x29, 0x49, 0x4a, 0xc7, 0x39, 0x29, 0x42, 0xa3, 0x10, 0x00, 0x00,
    0x21, 0x00, 0x21, 0x00, 0x00, 0x00, 0x42, 0x08, 0xe8, 0x41, 0xa7, 0x31, 0xc7, 0x39, 0x41, 0x08,
    0x25, 0x29, 0x49, 0x4a, 0x66, 0x29, 0x21, 0x00, 0xa7, 0x39, 0x09, 0x4a, 0x66, 0x31, 0x25, 0x29,
    0xc3, 0x18, 0x82, 0x10, 0x00, 0x00, 0x46, 0x29, 0x08, 0x42, 0xe8, 0x39, 0xe8, 0x41, 0xe8, 0x41,
    0xe8, 0x41, 0xe8, 0x41, 0xe8, 0x41, 0xe8, 0x41, 0xe8, 0x41, 0xa3, 0x10, 0x86, 0x31, 0x08, 0x42,
    0x08, 0x42, 0xe3, 0x18, 0x25, 0x29, 0x49, 0x4a, 0x46, 0x29, 0x00, 0x00, 0x21, 0x08, 0x00, 0x00,
    0x82, 0x48, 0xe5, 0xb0, 0xc4, 0xb8, 0xc4, 0xb0, 0xc4, 0xb0, 0xa3, 0xa8, 0xa4, 0xa8, 0x83, 0x68,
    0x00, 0x00, 0x00, 0x00, 0x00, 0x00, 0x00, 0x00, 0x00, 0x00, 0x00, 0x00, 0x00, 0x00, 0x00, 0x00,
    0x00, 0x00, 0x00, 0x00, 0x00, 0x00, 0x00, 0x00, 0x00, 0x00, 0x00, 0x00, 0x00, 0x00, 0x00, 0x00,
    0x00, 0x00, 0x00, 0x00, 0x00, 0x00, 0x00, 0x00, 0x00, 0x00, 0x00, 0x00, 0x00, 0x00, 0x00, 0x00,
    0x00, 0x00, 0x00, 0x00, 0x00, 0x00, 0x00, 0x00, 0x00, 0x00, 0x00, 0x00, 0x00, 0x00, 0x00, 0x00,
    0x62, 0x48, 0xc4, 0xc0, 0x83, 0xb8, 0xa4, 0xb8, 0xa3, 0xb0, 0x83, 0xb0, 0xa4, 0xb8, 0xc4, 0x98,
    0x21, 0x10, 0x00, 0x00, 0x62, 0x08, 0x45, 0x29, 0x21, 0x08, 0x00, 0x00, 0x45, 0x29, 0xc8, 0x39,
    0xc8, 0x39, 0xc4, 0x18, 0x21, 0x08, 0x86, 0x31, 0xa7, 0x39, 0xa7, 0x39, 0xa7, 0x39, 0xa7, 0x39,
    0xa7, 0x39, 0xa7, 0x39, 0xa7, 0x39, 0xc8, 0x39, 0x04, 0x21, 0x00, 0x00, 0x41, 0x08, 0x45, 0x29,
    0x66, 0x31, 0x86, 0x31, 0xa7, 0x39, 0xe8, 0x41, 0x86, 0x31, 0xe8, 0x41, 0xe8, 0x41, 0xe8, 0x41,
    0x25, 0x21, 0x42, 0x08, 0x25, 0x29, 0x87, 0x31, 0x00, 0x00, 0x21, 0x00, 0x21, 0x00, 0x00, 0x00,
    0x04, 0x21, 0x08, 0x42, 0xe8, 0x41, 0x66, 0x31, 0xe8, 0x39, 0xa7, 0x39, 0x01, 0x00, 0x21, 0x00,
    0x21, 0x00, 0x21, 0x00, 0x21, 0x00, 0x21, 0x00, 0x21, 0x00, 0x21, 0x00, 0x21, 0x00, 0x21, 0x00,
    0x21, 0x00, 0x21, 0x00, 0x00, 0x00, 0x62, 0x08, 0x82, 0x10, 0x00, 0x00, 0x21, 0x00, 0x21, 0x00,
    0x00, 0x00, 0x87, 0x31, 0xab, 0x5a, 0x21, 0x00, 0x01, 0x00, 0x21, 0x00, 0x21, 0x00, 0x21, 0x00,
    0x21, 0x00, 0x21, 0x00, 0x00, 0x00, 0x45, 0x29, 0x46, 0x29, 0x00, 0x00, 0x21, 0x00, 0x21, 0x00,
    0x21, 0x00, 0x21, 0x00, 0x00, 0x00, 0x62, 0x08, 0xec, 0x62, 0x86, 0x31, 0x00, 0x00, 0x21, 0x08,
    0x21, 0x00, 0x21, 0x00, 0x21, 0x00, 0xc3, 0x18, 0x21, 0x00, 0x21, 0x00, 0x21, 0x00, 0x21, 0x00,
    0x21, 0x00, 0x21, 0x00, 0x21, 0x00, 0x21, 0x00, 0x21, 0x00, 0x21, 0x00, 0x21, 0x00, 0x21, 0x00,
    0x00, 0x00, 0xc3, 0x18, 0x4a, 0x4a, 0x66, 0x31, 0x87, 0x31, 0x49, 0x4a, 0xc3, 0x18, 0x00, 0x00,
    0x21, 0x00, 0x21, 0x00, 0x00, 0x00, 0x41, 0x08, 0xa7, 0x39, 0xc3, 0x18, 0x21, 0x08, 0x05, 0x21,
    0x29, 0x4a, 0x09, 0x42, 0xc7, 0x39, 0x41, 0x08, 0x66, 0x31, 0xe8, 0x41, 0x87, 0x39, 0x05, 0x29,
    0xc3, 0x18, 0xa3, 0x18, 0x00, 0x00, 0x25, 0x21, 0x08, 0x42, 0xe8, 0x39, 0xe8, 0x41, 0xe8, 0x41,
    0xe8, 0x41, 0xe8, 0x41, 0xe8, 0x39, 0xe8, 0x41, 0xa7, 0x39, 0x41, 0x08, 0xa6, 0x31, 0x08, 0x42,
    0xe7, 0x39, 0xc3, 0x18, 0xc7, 0x39, 0x08, 0x42, 0x83, 0x10, 0x41, 0x08, 0x00, 0x00, 0x20, 0x08,
    0x83, 0x58, 0xa3, 0x78, 0x62, 0x68, 0x42, 0x60, 0x82, 0x78, 0x82, 0x88, 0xa4, 0x90, 0x41, 0x28,
    0x00, 0x00, 0x00, 0x00, 0x00, 0x00, 0x00, 0x00, 0x00, 0x00, 0x00, 0x00, 0x00, 0x00, 0x00, 0x00,
    0x00, 0x00, 0x00, 0x00, 0x00, 0x00, 0x00, 0x00, 0x00, 0x00, 0x00, 0x00, 0x00, 0x00, 0x00, 0x00,
    0x00, 0x00, 0x00, 0x00, 0x00, 0x00, 0x00, 0x00, 0x00, 0x00, 0x00, 0x00, 0x00, 0x00, 0x00, 0x00,
    0x00, 0x00, 0x00, 0x00, 0x00, 0x00, 0x00, 0x00, 0x00, 0x00, 0x00, 0x00, 0x00, 0x00, 0x00, 0x00,
    0x20, 0x18, 0xc3, 0xa0, 0xa3, 0xc0, 0xa4, 0xb8, 0xa4, 0xb8, 0xa4, 0xb8, 0xa4, 0xb8, 0xc4, 0xb8,
    0x62, 0x40, 0x00, 0x00, 0x00, 0x00, 0x04, 0x21, 0x87, 0x31, 0x21, 0x00, 0xa3, 0x18, 0xc8, 0x39,
    0xc8, 0x39, 0x25, 0x29, 0x00, 0x00, 0x05, 0x21, 0xc7, 0x39, 0xa7, 0x39, 0xa7, 0x39, 0xa7, 0x39,
    0xa7, 0x39, 0xa7, 0x39, 0xa7, 0x39, 0xc8, 0x39, 0xc4, 0x18, 0x00, 0x00, 0x62, 0x08, 0x66, 0x29,
    0x66, 0x31, 0x86, 0x31, 0xa7, 0x39, 0xe8, 0x41, 0x87, 0x31, 0xe8, 0x41, 0xe8, 0x41, 0xe8, 0x41,
    0x29, 0x4a, 0x66, 0x31, 0x86, 0x31, 0x86, 0x31, 0x00, 0x00, 0x21, 0x00, 0x21, 0x00, 0x00, 0x00,
    0x45, 0x29, 0xe8, 0x41, 0xe8, 0x41, 0xc7, 0x39, 0x25, 0x29, 0x08, 0x42, 0x45, 0x29, 0x00, 0x00,
    0x21, 0x00, 0x21, 0x00, 0x21, 0x00, 0x21, 0x00, 0x21, 0x00, 0x21, 0x00, 0x21, 0x00, 0x21, 0x00,
    0x21, 0x00, 0x21, 0x00, 0x00, 0x00, 0x62, 0x08, 0xc3, 0x18, 0x00, 0x00, 0x21, 0x00, 0x21, 0x00,
    0x00, 0x00, 0x45, 0x29, 0xcb, 0x5a, 0x42, 0x08, 0x00, 0x00, 0x21, 0x00, 0x21, 0x00, 0x21, 0x00,
    0x21, 0x00, 0x21, 0x00, 0x00, 0x00, 0x46, 0x29, 0x46, 0x29, 0x00, 0x00, 0x01, 0x00, 0x21, 0x00,
    0x21, 0x00, 0x21, 0x00, 0x00, 0x00, 0x62, 0x10, 0xec, 0x62, 0x66, 0x31, 0x00, 0x00, 0x21, 0x08,
    0x21, 0x00, 0x21, 0x00, 0x21, 0x00, 0xc3, 0x18, 0x21, 0x00, 0x21, 0x00, 0x21, 0x00, 0x21, 0x00,
    0x21, 0x00, 0x21, 0x00, 0x21, 0x00, 0x21, 0x00, 0x21, 0x00, 0x21, 0x00, 0x21, 0x00, 0x00, 0x00,
    0x41, 0x08, 0x29, 0x42, 0xa7, 0x39, 0x25, 0x29, 0x09, 0x42, 0xe8, 0x39, 0x05, 0x21, 0x00, 0x00,
    0x21, 0x00, 0x21, 0x00, 0x01, 0x00, 0x41, 0x08, 0xe8, 0x41, 0x05, 0x21, 0x66, 0x31, 0x29, 0x4a,
    0x09, 0x42, 0x08, 0x42, 0x08, 0x42, 0x62, 0x10, 0x25, 0x29, 0x09, 0x42, 0xa7, 0x39, 0x05, 0x29,
    0xc3, 0x18, 0xc3, 0x18, 0x00, 0x00, 0xe4, 0x20, 0x08, 0x42, 0xe8, 0x39, 0xe8, 0x41, 0xe8, 0x41,
    0xe8, 0x41, 0xe8, 0x41, 0xe8, 0x39, 0x08, 0x42, 0x45, 0x29, 0x21, 0x00, 0xa7, 0x39, 0x08, 0x42,
    0x86, 0x31, 0x04, 0x21, 0x29, 0x4a, 0x66, 0x31, 0x05, 0x21, 0x62, 0x10, 0x00, 0x00, 0x61, 0x28,
    0x25, 0x99, 0x82, 0x60, 0x82, 0x70, 0xa3, 0x80, 0xe4, 0x90, 0xc5, 0xb8, 0xc5, 0x98, 0x00, 0x10,
    0x00, 0x00, 0x00, 0x00, 0x00, 0x00, 0x00, 0x00, 0x00, 0x00, 0x00, 0x00, 0x00, 0x00, 0x00, 0x00,
    0x00, 0x00, 0x00, 0x00, 0x00, 0x00, 0x00, 0x00, 0x00, 0x00, 0x00, 0x00, 0x00, 0x00, 0x00, 0x00,
    0x00, 0x00, 0x00, 0x00, 0x00, 0x00, 0x00, 0x00, 0x00, 0x00, 0x00, 0x00, 0x00, 0x00, 0x00, 0x00,
    0x00, 0x00, 0x00, 0x00, 0x00, 0x00, 0x00, 0x00, 0x00, 0x00, 0x00, 0x00, 0x00, 0x00, 0x00, 0x00,
    0x00, 0x00, 0xa2, 0x68, 0xc4, 0xb8, 0x84, 0xb8, 0xa4, 0xb8, 0xa4, 0xb8, 0xa4, 0xb8, 0xa4, 0xc0,
    0xe4, 0x88, 0x20, 0x08, 0x01, 0x00, 0x21, 0x08, 0x87, 0x31, 0x66, 0x31, 0x82, 0x10, 0xa7, 0x39,
    0xc8, 0x39, 0x87, 0x31, 0x21, 0x08, 0x82, 0x10, 0xc7, 0x39, 0xa7, 0x39, 0xa7, 0x39, 0xa7, 0x39,
    0xa7, 0x39, 0xa7, 0x39, 0xa7, 0x39, 0xa7, 0x39, 0xa3, 0x18, 0x00, 0x00, 0x82, 0x10, 0x66, 0x31,
    0x66, 0x29, 0x86, 0x31, 0xc7, 0x39, 0xc7, 0x39, 0xa7, 0x39, 0xe8, 0x41, 0xc8, 0x39, 0xe8, 0x41,
    0x09, 0x42, 0x87, 0x31, 0xc7, 0x39, 0x66, 0x29, 0x00, 0x00, 0x21, 0x00, 0x21, 0x00, 0x21, 0x00,
    0x86, 0x31, 0xe8, 0x41, 0xe8, 0x39, 0xc7, 0x39, 0xa7, 0x31, 0x25, 0x29, 0x29, 0x42, 0xe4, 0x18,
    0x00, 0x00, 0x21, 0x00, 0x21, 0x00, 0x21, 0x00, 0x21, 0x00, 0x21, 0x00, 0x21, 0x00, 0x21, 0x00,
    0x21, 0x00, 0x21, 0x00, 0x00, 0x00, 0x42, 0x08, 0xe4, 0x20, 0x01, 0x00, 0x21, 0x00, 0x21, 0x00,
    0x00, 0x00, 0xe4, 0x20, 0xec, 0x5a, 0x83, 0x10, 0x00, 0x00, 0x21, 0x00, 0x21, 0x00, 0x21, 0x00,
    0x21, 0x00, 0x21, 0x00, 0x00, 0x00, 0x46, 0x29, 0x46, 0x29, 0x00, 0x00, 0x21, 0x00, 0x21, 0x00,
    0x21, 0x00, 0x21, 0x00, 0x00, 0x00, 0x82, 0x10, 0xec, 0x62, 0x45, 0x29, 0x00, 0x00, 0x21, 0x08,
    0x21, 0x00, 0x21, 0x00, 0x21, 0x00, 0xe4, 0x18, 0x41, 0x08, 0x21, 0x00, 0x21, 0x00, 0x21, 0x00,
    0x21, 0x00, 0x21, 0x00, 0x21, 0x00, 0x21, 0x00, 0x21, 0x00, 0x21, 0x00, 0x01, 0x00, 0x00, 0x00,
    0xe8, 0x39, 0x08, 0x42, 0xe4, 0x20, 0x08, 0x42, 0xa7, 0x39, 0x29, 0x42, 0x66, 0x29, 0x00, 0x00,
    0x21, 0x00, 0x21, 0x00, 0x21, 0x00, 0x21, 0x00, 0xc7, 0x39, 0xc7, 0x39, 0x08, 0x42, 0x29, 0x4a,
    0x09, 0x42, 0x09, 0x42, 0x29, 0x4a, 0xa3, 0x18, 0xe4, 0x20, 0x09, 0x42, 0xc8, 0x39, 0x04, 0x29,
    0xc3, 0x18, 0xc3, 0x18, 0x00, 0x00, 0xa3, 0x18, 0xe8, 0x41, 0xe8, 0x39, 0xe8, 0x39, 0xe8, 0x39,
    0xe8, 0x39, 0xe7, 0x39, 0xe8, 0x39, 0x08, 0x42, 0xc3, 0x10, 0x41, 0x08, 0xc7, 0x39, 0x08, 0x42,
    0x45, 0x29, 0x86, 0x31, 0xe8, 0x41, 0x66, 0x31, 0xc4, 0x18, 0x00, 0x00, 0x00, 0x00, 0xc4, 0x68,
    0xc4, 0x80, 0x61, 0x60, 0xc4, 0xa8, 0xc4, 0xb0, 0x83, 0x90, 0xc5, 0xb8, 0x83, 0x58, 0x00, 0x00,
    0x00, 0x00, 0x00, 0x00, 0x00, 0x00, 0x00, 0x00, 0x00, 0x00, 0x00, 0x00, 0x00, 0x00, 0x00, 0x00,
    0x00, 0x00, 0x00, 0x00, 0x00, 0x00, 0x00, 0x00, 0x00, 0x00, 0x00, 0x00, 0x00, 0x00, 0x00, 0x00,
    0x00, 0x00, 0x00, 0x00, 0x00, 0x00, 0x00, 0x00, 0x00, 0x00, 0x00, 0x00, 0x00, 0x00, 0x00, 0x00,
    0x00, 0x00, 0x00, 0x00, 0x00, 0x00, 0x00, 0x00, 0x00, 0x00, 0x00, 0x00, 0x00, 0x00, 0x00, 0x00,
    0x00, 0x00, 0x41, 0x28, 0xe5, 0xa8, 0x84, 0xb8, 0xa4, 0xb8, 0xc4, 0xc0, 0xa4, 0xc0, 0xa3, 0xc0,
    0xe4, 0xb8, 0x41, 0x40, 0x01, 0x00, 0x01, 0x08, 0x82, 0x10, 0xc7, 0x39, 0x46, 0x29, 0x87, 0x31,
    0xa7, 0x39, 0xa7, 0x39, 0x82, 0x10, 0x01, 0x00, 0x86, 0x31, 0xa7, 0x39, 0xa7, 0x39, 0xa7, 0x31,
    0xa7, 0x31, 0xa7, 0x39, 0xa7, 0x39, 0x86, 0x31, 0x82, 0x10, 0x00, 0x00, 0x82, 0x10, 0x66, 0x29,
    0x66, 0x29, 0x66, 0x31, 0xc8, 0x39, 0xa7, 0x39, 0xa7, 0x39, 0x66, 0x29, 0xe4, 0x18, 0xe4, 0x18,
    0x08, 0x42, 0x86, 0x31, 0xc7, 0x39, 0x25, 0x29, 0x00, 0x00, 0x21, 0x00, 0x01, 0x00, 0x41, 0x08,
    0xa7, 0x39, 0xe8, 0x39, 0xe8, 0x39, 0xc8, 0x39, 0xa7, 0x39, 0xa7, 0x31, 0x46, 0x29, 0x08, 0x42,
    0xa3, 0x18, 0x00, 0x00, 0x21, 0x00, 0x21, 0x00, 0x21, 0x00, 0x21, 0x00, 0x21, 0x00, 0x21, 0x00,
    0x21, 0x00, 0x21, 0x00, 0x01, 0x00, 0x41, 0x08, 0x05, 0x21, 0x01, 0x00, 0x21, 0x00, 0x21, 0x00,
    0x00, 0x00, 0xa3, 0x18, 0xec, 0x5a, 0xe4, 0x18, 0x00, 0x00, 0x21, 0x00, 0x21, 0x00, 0x21, 0x00,
    0x21, 0x00, 0x21, 0x00, 0x00, 0x00, 0x66, 0x29, 0x66, 0x29, 0x01, 0x00, 0x21, 0x00, 0x21, 0x00,
    0x21, 0x00, 0x21, 0x00, 0x00, 0x00, 0x83, 0x10, 0xec, 0x62, 0x05, 0x21, 0x00, 0x00, 0x21, 0x00,
    0x21, 0x00, 0x21, 0x00, 0x21, 0x00, 0x04, 0x21, 0x41, 0x08, 0x01, 0x00, 0x21, 0x00, 0x21, 0x00,
    0x21, 0x00, 0x21, 0x00, 0x21, 0x00, 0x21, 0x00, 0x21, 0x00, 0x21, 0x00, 0x00, 0x00, 0x86, 0x31,
    0x49, 0x4a, 0xc3, 0x18, 0x08, 0x42, 0xc7, 0x39, 0xe8, 0x39, 0x29, 0x4a, 0x87, 0x31, 0x00, 0x00,
    0x21, 0x00, 0x21, 0x00, 0x21, 0x00, 0x01, 0x00, 0xa7, 0x31, 0xa7, 0x39, 0xc8, 0x39, 0xa7, 0x39,
    0x46, 0x29, 0xc8, 0x39, 0x29, 0x42, 0x04, 0x21, 0xa3, 0x10, 0xc8, 0x39, 0xe8, 0x41, 0x04, 0x29,
    0xc3, 0x18, 0xe4, 0x18, 0x00, 0x00, 0x62, 0x10, 0xe8, 0x41, 0xe8, 0x39, 0xc8, 0x39, 0xc8, 0x39,
    0xc8, 0x39, 0xc8, 0x39, 0xe8, 0x41, 0xc7, 0x39, 0x41, 0x08, 0x82, 0x10, 0xe8, 0x39, 0xe8, 0x41,
    0x66, 0x31, 0xc8, 0x39, 0xe8, 0x41, 0x25, 0x29, 0x01, 0x00, 0x01, 0x00, 0x41, 0x28, 0xc4, 0x78,
    0x42, 0x50, 0xa3, 0x80, 0x84, 0xb0, 0xa4, 0xb0, 0xa4, 0xa8, 0xc5, 0xa0, 0x21, 0x20, 0x00, 0x00,
    0x00, 0x00, 0x00, 0x00, 0x00, 0x00, 0x00, 0x00, 0x00, 0x00, 0x00, 0x00, 0x00, 0x00, 0x00, 0x00,
    0x00, 0x00, 0x00, 0x00, 0x00, 0x00, 0x00, 0x00, 0x00, 0x00, 0x00, 0x00, 0x00, 0x00, 0x00, 0x00,
    0x00, 0x00, 0x00, 0x00, 0x00, 0x00, 0x00, 0x00, 0x00, 0x00, 0x00, 0x00, 0x00, 0x00, 0x00, 0x00,
    0x00, 0x00, 0x00, 0x00, 0x00, 0x00, 0x00, 0x00, 0x00, 0x00, 0x00, 0x00, 0x00, 0x00, 0x00, 0x00,
    0x00, 0x00, 0x00, 0x00, 0xa3, 0x70, 0xc4, 0xb8, 0xc4, 0xb0, 0xa3, 0xa8, 0xc4, 0xb0, 0xa4, 0xb8,
    0xc4, 0xb8, 0xc4, 0x80, 0x00, 0x08, 0x21, 0x00, 0x01, 0x00, 0xe4, 0x20, 0xc8, 0x39, 0xa7, 0x39,
    0xa7, 0x39, 0xc7, 0x39, 0x04, 0x21, 0x00, 0x00, 0x05, 0x21, 0xa7, 0x39, 0xa7, 0x31, 0xa7, 0x31,
    0xa7, 0x31, 0xa7, 0x39, 0xa7, 0x39, 0x46, 0x29, 0x62, 0x10, 0x00, 0x00, 0x82, 0x10, 0x25, 0x29,
    0x46, 0x29, 0x66, 0x31, 0xe8, 0x41, 0x86, 0x31, 0xc8, 0x39, 0x66, 0x31, 0x01, 0x00, 0xe4, 0x20,
    0x09, 0x42, 0x66, 0x31, 0xc8, 0x39, 0x04, 0x21, 0x00, 0x00, 0x21, 0x00, 0x00, 0x00, 0x62, 0x10,
    0xe8, 0x39, 0xe8, 0x39, 0xc8, 0x39, 0xe8, 0x41, 0xc7, 0x39, 0x87, 0x31, 0xa7, 0x31, 0x46, 0x29,
    0xe8, 0x41, 0x82, 0x10, 0x00, 0x00, 0x21, 0x00, 0x21, 0x00, 0x21, 0x00, 0x21, 0x00, 0x21, 0x00,
    0x21, 0x00, 0x21, 0x00, 0x01, 0x00, 0x41, 0x08, 0x45, 0x29, 0x21, 0x00, 0x21, 0x00, 0x21, 0x00,
    0x00, 0x00, 0x62, 0x10, 0xcb, 0x5a, 0x04, 0x21, 0x00, 0x00, 0x21, 0x00, 0x21, 0x00, 0x21, 0x00,
    0x21, 0x00, 0x21, 0x00, 0x00, 0x00, 0x66, 0x29, 0x66, 0x31, 0x01, 0x00, 0x21, 0x00, 0x21, 0x00,
    0x21, 0x00, 0x21, 0x00, 0x00, 0x00, 0xa3, 0x10, 0xec, 0x62, 0x04, 0x21, 0x00, 0x00, 0x21, 0x00,
    0x21, 0x00, 0x21, 0x00, 0x01, 0x00, 0x05, 0x21, 0x62, 0x08, 0x01, 0x00, 0x21, 0x00, 0x21, 0x00,
    0x21, 0x00, 0x21, 0x00, 0x21, 0x00, 0x21, 0x00, 0x21, 0x00, 0x00, 0x00, 0x45, 0x29, 0x6a, 0x4a,
    0xc3, 0x18, 0xc7, 0x39, 0xc8, 0x39, 0xe8, 0x39, 0x29, 0x42, 0x29, 0x4a, 0xc7, 0x39, 0x21, 0x00,
    0x21, 0x00, 0x21, 0x00, 0x21, 0x00, 0x00, 0x00, 0x86, 0x31, 0xc7, 0x39, 0xc7, 0x39, 0x04, 0x21,
    0xa3, 0x18, 0x25, 0x21, 0x29, 0x42, 0x46, 0x29, 0x82, 0x10, 0xa7, 0x31, 0xe8, 0x41, 0x25, 0x29,
    0xa3, 0x18, 0xe4, 0x18, 0x00, 0x00, 0x41, 0x08, 0xc7, 0x39, 0xe8, 0x39, 0xc8, 0x39, 0xc8, 0x39,
    0xc8, 0x39, 0xc7, 0x39, 0xe8, 0x41, 0x66, 0x29, 0x00, 0x00, 0xa3, 0x18, 0xe8, 0x41, 0xc8, 0x39,
    0xc8, 0x39, 0xe8, 0x41, 0xa7, 0x39, 0x41, 0x08, 0x00, 0x00, 0x00, 0x08, 0xa3, 0x78, 0xe5, 0xb8,
    0x83, 0x88, 0xa3, 0x98, 0xa4, 0xb0, 0x83, 0xa8, 0xa4, 0xb8, 0xa3, 0x80, 0x00, 0x00, 0x00, 0x00,
    0x00, 0x00, 0x00, 0x00, 0x00, 0x00, 0x00, 0x00, 0x00, 0x00, 0x00, 0x00, 0x00, 0x00, 0x00, 0x00,
    0x00, 0x00, 0x00, 0x00, 0x00, 0x00, 0x00, 0x00, 0x00, 0x00, 0x00, 0x00, 0x00, 0x00, 0x00, 0x00,
    0x00, 0x00, 0x00, 0x00, 0x00, 0x00, 0x00, 0x00, 0x00, 0x00, 0x00, 0x00, 0x00, 0x00, 0x00, 0x00,
    0x00, 0x00, 0x00, 0x00, 0x00, 0x00, 0x00, 0x00, 0x00, 0x00, 0x00, 0x00, 0x00, 0x00, 0x00, 0x00,
    0x00, 0x00, 0x00, 0x00, 0x62, 0x30, 0xc4, 0x88, 0x83, 0x90, 0x83, 0x90, 0x83, 0x98, 0x83, 0xa0,
    0x83, 0xa0, 0xc4, 0x98, 0x42, 0x30, 0x21, 0x00, 0x21, 0x08, 0x21, 0x00, 0x46, 0x29, 0xa7, 0x39,
    0xa7, 0x39, 0xa7, 0x39, 0x86, 0x31, 0x21, 0x00, 0x83, 0x10, 0xa7, 0x39, 0x87, 0x31, 0x87, 0x31,
    0x87, 0x31, 0xa7, 0x39, 0xa7, 0x39, 0x05, 0x21, 0x62, 0x10, 0x00, 0x00, 0xa3, 0x18, 0x04, 0x21,
    0x45, 0x29, 0x86, 0x31, 0xc8, 0x41, 0x66, 0x31, 0xc8, 0x39, 0x08, 0x42, 0xa7, 0x39, 0xe8, 0x39,
    0xe8, 0x41, 0x66, 0x31, 0xe8, 0x41, 0xe4, 0x18, 0x00, 0x00, 0x21, 0x00, 0x00, 0x00, 0xc3, 0x18,
    0xe8, 0x39, 0xc7, 0x39, 0xc8, 0x39, 0xc8, 0x39, 0xe8, 0x41, 0xa7, 0x39, 0x87, 0x31, 0x87, 0x31,
    0x46, 0x29, 0xe7, 0x41, 0x82, 0x10, 0x00, 0x00, 0x21, 0x00, 0x01, 0x00, 0x21, 0x00, 0x21, 0x00,
    0x21, 0x00, 0x21, 0x00, 0x01, 0x00, 0x41, 0x08, 0x45, 0x29, 0x21, 0x00, 0x21, 0x00, 0x21, 0x00,
    0x01, 0x00, 0x42, 0x08, 0xab, 0x52, 0x45, 0x29, 0x00, 0x00, 0x21, 0x00, 0x21, 0x00, 0x21, 0x00,
    0x21, 0x00, 0x21, 0x00, 0x00, 0x00, 0x66, 0x29, 0x66, 0x29, 0x00, 0x00, 0x21, 0x00, 0x21, 0x00,
    0x21, 0x00, 0x21, 0x00, 0x00, 0x00, 0xa3, 0x18, 0xec, 0x62, 0xe4, 0x20, 0x00, 0x00, 0x21, 0x00,
    0x21, 0x00, 0x21, 0x00, 0x00, 0x00, 0x25, 0x29, 0x82, 0x10, 0x00, 0x00, 0x21, 0x00, 0x21, 0x00,
    0x21, 0x00, 0x21, 0x00, 0x21, 0x00, 0x21, 0x00, 0x00, 0x00, 0x05, 0x21, 0x6a, 0x4a, 0xc3, 0x18,
    0x87, 0x31, 0xc8, 0x39, 0xc7, 0x39, 0x29, 0x4a, 0x09, 0x42, 0x29, 0x42, 0xe8, 0x41, 0x42, 0x08,
    0x00, 0x00, 0x21, 0x00, 0x21, 0x00, 0x00, 0x00, 0x66, 0x29, 0xe8, 0x41, 0xa7, 0x39, 0xa7, 0x39,
    0xe4, 0x20, 0xa7, 0x39, 0x09, 0x42, 0xa7, 0x31, 0x62, 0x10, 0x66, 0x31, 0x08, 0x42, 0x45, 0x29,
    0xc3, 0x18, 0xe4, 0x18, 0x21, 0x00, 0x21, 0x08, 0xa7, 0x39, 0xe8, 0x41, 0xc8, 0x39, 0xc8, 0x39,
    0xc8, 0x39, 0xc7, 0x39, 0xe8, 0x41, 0xe4, 0x18, 0x00, 0x00, 0x04, 0x21, 0xe8, 0x41, 0xc7, 0x39,
    0xc7, 0x39, 0xe8, 0x41, 0xa3, 0x18, 0x00, 0x00, 0x00, 0x00, 0x41, 0x30, 0xe5, 0xb0, 0xa4, 0xb8,
    0xa3, 0xa8, 0xa4, 0xb0, 0xc4, 0xb0, 0x83, 0xb0, 0xe5, 0xb0, 0x62, 0x40, 0x00, 0x00, 0x00, 0x00,
    0x00, 0x00, 0x00, 0x00, 0x00, 0x00, 0x00, 0x00, 0x00, 0x00, 0x00, 0x00, 0x00, 0x00, 0x00, 0x00,
    0x00, 0x00, 0x00, 0x00, 0x00, 0x00, 0x00, 0x00, 0x00, 0x00, 0x00, 0x00, 0x00, 0x00, 0x00, 0x00,
    0x00, 0x00, 0x00, 0x00, 0x00, 0x00, 0x00, 0x00, 0x00, 0x00, 0x00, 0x00, 0x00, 0x00, 0x00, 0x00,
    0x00, 0x00, 0x00, 0x00, 0x00, 0x00, 0x00, 0x00, 0x00, 0x00, 0x00, 0x00, 0x00, 0x00, 0x00, 0x00,
    0x00, 0x00, 0x00, 0x00, 0x00, 0x00, 0xc3, 0x68, 0xc4, 0xa0, 0xa4, 0xa8, 0xa4, 0xb0, 0xa3, 0xa8,
    0x83, 0xa8, 0xa3, 0xa8, 0xc4, 0x78, 0x00, 0x08, 0x21, 0x08, 0x01, 0x00, 0x62, 0x10, 0xa7, 0x39,
    0xa7, 0x39, 0xa7, 0x39, 0xa7, 0x39, 0x62, 0x10, 0x21, 0x08, 0x86, 0x31, 0xa7, 0x39, 0xa7, 0x31,
    0x87, 0x31, 0xa7, 0x39, 0x87, 0x31, 0xe4, 0x20, 0x62, 0x10, 0x00, 0x00, 0xa3, 0x10, 0xe4, 0x18,
    0x66, 0x31, 0x87, 0x31, 0xc8, 0x41, 0x66, 0x31, 0xc8, 0x39, 0xc7, 0x39, 0xe8, 0x39, 0xc7, 0x39,
    0xc8, 0x39, 0x46, 0x29, 0xe8, 0x41, 0xc3, 0x18, 0x00, 0x00, 0x21, 0x00, 0x00, 0x00, 0x04, 0x21,
    0xe8, 0x39, 0xc7, 0x39, 0xc8, 0x39, 0xc8, 0x39, 0xc8, 0x39, 0xe8, 0x41, 0x87, 0x31, 0xa7, 0x31,
    0x86, 0x31, 0x45, 0x29, 0xe7, 0x39, 0x62, 0x10, 0x00, 0x00, 0x41, 0x08, 0x01, 0x00, 0x21, 0x00,
    0x21, 0x00, 0x21, 0x00, 0x00, 0x00, 0x62, 0x08, 0x66, 0x29, 0x21, 0x00, 0x21, 0x00, 0x21, 0x00,
    0x01, 0x00, 0x41, 0x08, 0x8b, 0x52, 0x86, 0x31, 0x00, 0x00, 0x21, 0x00, 0x21, 0x00, 0x21, 0x00,
    0x21, 0x00, 0x21, 0x00, 0x00, 0x00, 0x66, 0x29, 0x66, 0x29, 0x00, 0x00, 0x21, 0x00, 0x21, 0x00,
    0x21, 0x00, 0x21, 0x00, 0x00, 0x00, 0xc3, 0x18, 0xec, 0x5a, 0xe4, 0x20, 0x00, 0x00, 0x21, 0x00,
    0x21, 0x00, 0x21, 0x00, 0x00, 0x00, 0x45, 0x29, 0x82, 0x10, 0x00, 0x00, 0x21, 0x00, 0x21, 0x00,
    0x21, 0x00, 0x21, 0x00, 0x21, 0x00, 0x00, 0x00, 0x25, 0x21, 0x49, 0x4a, 0xe4, 0x18, 0xa6, 0x31,
    0xe8, 0x41, 0xc7, 0x39, 0x29, 0x42, 0x09, 0x42, 0x09, 0x42, 0x09, 0x42, 0x09, 0x42, 0x82, 0x10,
    0x00, 0x00, 0x21, 0x00, 0x21, 0x00, 0x00, 0x00, 0x45, 0x29, 0xe9, 0x41, 0xa7, 0x39, 0x09, 0x42,
    0x09, 0x42, 0x09, 0x42, 0xe8, 0x41, 0xe8, 0x41, 0x62, 0x10, 0x25, 0x29, 0x29, 0x4a, 0x86, 0x31,
    0xe3, 0x20, 0xe3, 0x18, 0x21, 0x08, 0x01, 0x00, 0x66, 0x31, 0xe8, 0x41, 0xc8, 0x39, 0xc8, 0x39,
    0xc8, 0x39, 0xc7, 0x39, 0xc8, 0x39, 0x82, 0x10, 0x00, 0x00, 0x45, 0x29, 0xe8, 0x39, 0xc7, 0x39,
    0xe8, 0x41, 0x45, 0x29, 0x01, 0x00, 0x21, 0x00, 0x00, 0x08, 0xa3, 0x78, 0xc4, 0xb8, 0x83, 0xa8,
    0x83, 0xa8, 0xa4, 0xb0, 0xa4, 0xb8, 0xa4, 0xb8, 0xa3, 0x88, 0x00, 0x08, 0x00, 0x00, 0x00, 0x00,
    0x00, 0x00, 0x00, 0x00, 0x00, 0x00, 0x00, 0x00, 0x00, 0x00, 0x00, 0x00, 0x00, 0x00, 0x00, 0x00,
    0x00, 0x00, 0x00, 0x00, 0x00, 0x00, 0x00, 0x00, 0x00, 0x00, 0x00, 0x00, 0x00, 0x00, 0x00, 0x00,
    0x00, 0x00, 0x00, 0x00, 0x00, 0x00, 0x00, 0x00, 0x00, 0x00, 0x00, 0x00, 0x00, 0x00, 0x00, 0x00,
    0x00, 0x00, 0x00, 0x00, 0x00, 0x00, 0x00, 0x00, 0x00, 0x00, 0x00, 0x00, 0x00, 0x00, 0x00, 0x00,
    0x00, 0x00, 0x00, 0x00, 0x00, 0x00, 0x62, 0x40, 0xa4, 0xa8, 0x84, 0xb0, 0x84, 0xa8, 0x83, 0xb0,
    0xa4, 0xb8, 0xc4, 0xb8, 0xe4, 0xb8, 0x41, 0x40, 0x00, 0x00, 0x21, 0x08, 0x01, 0x00, 0x04, 0x21,
    0xc7, 0x39, 0xa7, 0x31, 0xc7, 0x39, 0xe4, 0x20, 0x00, 0x00, 0x25, 0x29, 0xa7, 0x39, 0x87, 0x31,
    0xa7, 0x31, 0xa7, 0x39, 0x66, 0x31, 0xc3, 0x18, 0x62, 0x08, 0x00, 0x00, 0x42, 0x08, 0xe4, 0x18,
    0xa7, 0x39, 0x87, 0x31, 0xc8, 0x39, 0x66, 0x31, 0xc8, 0x39, 0xc7, 0x39, 0xc7, 0x39, 0xc7, 0x39,
    0xc8, 0x39, 0x46, 0x29, 0xe8, 0x41, 0xa3, 0x18, 0x00, 0x00, 0x21, 0x00, 0x00, 0x00, 0x04, 0x21,
    0xc8, 0x39, 0xc7, 0x39, 0xc8, 0x39, 0xc8, 0x39, 0xc8, 0x39, 0xc8, 0x39, 0xe8, 0x41, 0x86, 0x31,
    0x86, 0x31, 0xa7, 0x39, 0x25, 0x29, 0xe8, 0x41, 0xa3, 0x10, 0x41, 0x08, 0xa3, 0x18, 0x00, 0x00,
    0x01, 0x00, 0x21, 0x00, 0x00, 0x00, 0x62, 0x08, 0x86, 0x31, 0x01, 0x00, 0x21, 0x00, 0x21, 0x00,
    0x21, 0x00, 0x21, 0x00, 0x8a, 0x52, 0xa7, 0x39, 0x00, 0x00, 0x21, 0x00, 0x21, 0x00, 0x21, 0x00,
    0x21, 0x00, 0x21, 0x00, 0x00, 0x00, 0x66, 0x29, 0x66, 0x29, 0x00, 0x00, 0x21, 0x00, 0x21, 0x00,
    0x21, 0x00, 0x21, 0x00, 0x00, 0x00, 0xc3, 0x18, 0xec, 0x5a, 0xe4, 0x18, 0x00, 0x00, 0x21, 0x00,
    0x21, 0x00, 0x21, 0x00, 0x00, 0x00, 0x45, 0x29, 0xa3, 0x10, 0x00, 0x00, 0x21, 0x00, 0x01, 0x00,
    0x21, 0x00, 0x21, 0x00, 0x21, 0x00, 0x45, 0x29, 0x49, 0x4a, 0xc3, 0x18, 0x86, 0x31, 0xe8, 0x41,
    0xe8, 0x41, 0x29, 0x4a, 0x09, 0x42, 0x09, 0x42, 0x09, 0x42, 0x08, 0x42, 0x29, 0x4a, 0xc3, 0x18,
    0x00, 0x00, 0x21, 0x00, 0x21, 0x00, 0x00, 0x00, 0x25, 0x21, 0x09, 0x42, 0x87, 0x31, 0xe8, 0x41,
    0xe8, 0x41, 0xe8, 0x41, 0xe8, 0x41, 0x09, 0x42, 0xa3, 0x18, 0xa3, 0x18, 0x08, 0x42, 0xa7, 0x39,
    0x04, 0x29, 0xc3, 0x18, 0x21, 0x08, 0x00, 0x00, 0x25, 0x29, 0xe8, 0x41, 0xc7, 0x39, 0xc7, 0x39,
    0xc7, 0x39, 0xc8, 0x39, 0x87, 0x31, 0x21, 0x08, 0x21, 0x08, 0x86, 0x31, 0xc7, 0x39, 0xc7, 0x39,
    0xa7, 0x31, 0x41, 0x08, 0x01, 0x00, 0x20, 0x00, 0x41, 0x30, 0xc4, 0xa8, 0x83, 0xa8, 0x83, 0xa8,
    0xa3, 0xa8, 0x83, 0xb0, 0xa3, 0xb8, 0xc4, 0xb0, 0x42, 0x40, 0x00, 0x00, 0x00, 0x00, 0x00, 0x00,
    0x00, 0x00, 0x00, 0x00, 0x00, 0x00, 0x00, 0x00, 0x00, 0x00, 0x00, 0x00, 0x00, 0x00, 0x00, 0x00,
    0x00, 0x00, 0x00, 0x00, 0x00, 0x00, 0x00, 0x00, 0x00, 0x00, 0x00, 0x00, 0x00, 0x00, 0x00, 0x00,
    0x00, 0x00, 0x00, 0x00, 0x00, 0x00, 0x00, 0x00, 0x00, 0x00, 0x00, 0x00, 0x00, 0x00, 0x00, 0x00,
    0x00, 0x00, 0x00, 0x00, 0x00, 0x00, 0x00, 0x00, 0x00, 0x00, 0x00, 0x00, 0x00, 0x00, 0x00, 0x00,
    0x00, 0x00, 0x00, 0x00, 0x00, 0x00, 0x00, 0x08, 0xa4, 0x78, 0x84, 0xb0, 0x83, 0xa8, 0xa4, 0xb0,
    0xa4, 0xb0, 0x83, 0xa0, 0xc4, 0xb8, 0xe4, 0x88, 0x21, 0x10, 0x21, 0x00, 0x21, 0x08, 0x41, 0x08,
    0x66, 0x31, 0xa7, 0x39, 0xa7, 0x39, 0x46, 0x29, 0x00, 0x00, 0xc3, 0x18, 0xa7, 0x39, 0x87, 0x31,
    0xa7, 0x31, 0xa7, 0x39, 0x46, 0x31, 0xa3, 0x18, 0x62, 0x08, 0x00, 0x00, 0x21, 0x08, 0x04, 0x21,
    0xc7, 0x39, 0x87, 0x31, 0x86, 0x31, 0x86, 0x31, 0xe8, 0x39, 0xc7, 0x39, 0xc7, 0x39, 0xc8, 0x39,
    0xc8, 0x39, 0x46, 0x29, 0xe8, 0x41, 0x82, 0x10, 0x00, 0x00, 0x21, 0x00, 0x00, 0x00, 0xa3, 0x18,
    0xc8, 0x39, 0xc8, 0x39, 0xc8, 0x39, 0xc8, 0x39, 0xc8, 0x39, 0xc8, 0x39, 0xc8, 0x39, 0x08, 0x42,
    0x86, 0x31, 0x86, 0x31, 0xa7, 0x39, 0x25, 0x29, 0xe8, 0x41, 0xa3, 0x18, 0xc3, 0x18, 0x04, 0x21,
    0x00, 0x00, 0x21, 0x00, 0x00, 0x00, 0x62, 0x08, 0x86, 0x31, 0x01, 0x00, 0x21, 0x00, 0x21, 0x00,
    0x21, 0x00, 0x21, 0x00, 0x4a, 0x4a, 0xc8, 0x39, 0x00, 0x00, 0x21, 0x00, 0x21, 0x00, 0x21, 0x00,
    0x21, 0x00, 0x21, 0x00, 0x00, 0x00, 0x66, 0x29, 0x66, 0x29, 0x01, 0x00, 0x21, 0x00, 0x21, 0x00,
    0x21, 0x00, 0x21, 0x00, 0x00, 0x00, 0xc3, 0x18, 0xec, 0x5a, 0xc4, 0x18, 0x00, 0x00, 0x21, 0x00,
    0x21, 0x00, 0x21, 0x00, 0x00, 0x00, 0x45, 0x29, 0xa3, 0x10, 0x00, 0x00, 0x21, 0x00, 0x41, 0x08,
    0x00, 0x00, 0x41, 0x08, 0xc7, 0x39, 0x49, 0x4a, 0xc3, 0x18, 0x87, 0x31, 0xc8, 0x39, 0xc7, 0x39,
    0xe8, 0x39, 0x09, 0x42, 0x09, 0x42, 0x08, 0x42, 0x08, 0x42, 0x08, 0x42, 0x29, 0x42, 0xe4, 0x18,
    0x00, 0x00, 0x21, 0x00, 0x21, 0x00, 0x00, 0x00, 0xe4, 0x20, 0x29, 0x42, 0x87, 0x31, 0xe8, 0x41,
    0xe8, 0x41, 0xe8, 0x41, 0xe8, 0x41, 0x29, 0x42, 0xe4, 0x20, 0x62, 0x08, 0xe8, 0x41, 0xc7, 0x41,
    0x25, 0x29, 0x82, 0x18, 0x00, 0x00, 0x00, 0x00, 0x05, 0x21, 0xe8, 0x41, 0xc8, 0x39, 0xc7, 0x39,
    0xc7, 0x39, 0xe8, 0x39, 0x25, 0x29, 0x00, 0x00, 0x62, 0x10, 0xa7, 0x39, 0xa7, 0x39, 0xc8, 0x39,
    0xc4, 0x18, 0x00, 0x00, 0x21, 0x00, 0x00, 0x08, 0xa3, 0x78, 0xa4, 0xb8, 0x83, 0xa8, 0x83, 0xb0,
    0xa3, 0xa8, 0xa3, 0xb0, 0xa3, 0xb0, 0xa4, 0x88, 0x00, 0x08, 0x00, 0x00, 0x00, 0x00, 0x00, 0x00,
    0x00, 0x00, 0x00, 0x00, 0x00, 0x00, 0x00, 0x00, 0x00, 0x00, 0x00, 0x00, 0x00, 0x00, 0x00, 0x00,
    0x00, 0x00, 0x00, 0x00, 0x00, 0x00, 0x00, 0x00, 0x00, 0x00, 0x00, 0x00, 0x00, 0x00, 0x00, 0x00,
    0x00, 0x00, 0x00, 0x00, 0x00, 0x00, 0x00, 0x00, 0x00, 0x00, 0x00, 0x00, 0x00, 0x00, 0x00, 0x00,
    0x00, 0x00, 0x00, 0x00, 0x00, 0x00, 0x00, 0x00, 0x00, 0x00, 0x00, 0x00, 0x00, 0x00, 0x00, 0x00,
    0x00, 0x00, 0x00, 0x00, 0x00, 0x00, 0x00, 0x00, 0x62, 0x38, 0xc4, 0xb0, 0x83, 0xb0, 0xa4, 0xb0,
    0xa4, 0xb0, 0x63, 0x88, 0xa3, 0x98, 0x05, 0xa9, 0x62, 0x30, 0x21, 0x00, 0x21, 0x08, 0x01, 0x00,
    0xa3, 0x18, 0xa7, 0x39, 0xa7, 0x31, 0xa7, 0x31, 0x42, 0x08, 0x41, 0x08, 0x86, 0x31, 0x87, 0x31,
    0x87, 0x31, 0xa7, 0x39, 0x05, 0x21, 0xa3, 0x18, 0x41, 0x08, 0x01, 0x00, 0x42, 0x08, 0x25, 0x29,
    0xc7, 0x39, 0xa7, 0x31, 0x86, 0x31, 0xa7, 0x31, 0xe8, 0x39, 0xc8, 0x39, 0xc8, 0x39, 0xc8, 0x39,
    0xc8, 0x39, 0x46, 0x29, 0xc7, 0x39, 0x62, 0x10, 0x00, 0x00, 0x01, 0x00, 0x21, 0x00, 0x21, 0x08,
    0x86, 0x31, 0xc8, 0x39, 0xc8, 0x39, 0xc8, 0x39, 0xc7, 0x39, 0xc8, 0x39, 0xc8, 0x39, 0xc8, 0x41,
    0xe8, 0x41, 0x86, 0x31, 0x87, 0x39, 0xc7, 0x39, 0x05, 0x21, 0xc7, 0x39, 0x25, 0x29, 0xe8, 0x41,
    0xa3, 0x18, 0x00, 0x00, 0x01, 0x00, 0x62, 0x08, 0x86, 0x31, 0x01, 0x00, 0x21, 0x00, 0x21, 0x00,
    0x21, 0x00, 0x01, 0x00, 0x29, 0x4a, 0xe8, 0x41, 0x00, 0x00, 0x21, 0x00, 0x21, 0x00, 0x21, 0x00,
    0x21, 0x00, 0x21, 0x00, 0x00, 0x00, 0x66, 0x29, 0x66, 0x31, 0x01, 0x00, 0x21, 0x00, 0x21, 0x00,
    0x21, 0x00, 0x21, 0x00, 0x00, 0x00, 0xc3, 0x18, 0xec, 0x5a, 0xc4, 0x18, 0x00, 0x00, 0x21, 0x00,
    0x21, 0x00, 0x21, 0x00, 0x00, 0x00, 0x45, 0x29, 0xa3, 0x10, 0x00, 0x00, 0xe4, 0x20, 0x41, 0x08,
    0x41, 0x08, 0x08, 0x42, 0x29, 0x42, 0xc3, 0x18, 0xa7, 0x39, 0xc7, 0x39, 0xc7, 0x39, 0x08, 0x42,
    0x66, 0x31, 0x29, 0x42, 0x09, 0x42, 0x08, 0x42, 0x08, 0x42, 0x08, 0x42, 0x29, 0x42, 0xa3, 0x10,
    0x00, 0x00, 0x21, 0x00, 0x21, 0x00, 0x00, 0x00, 0xc4, 0x18, 0x29, 0x4a, 0xa7, 0x31, 0xe8, 0x41,
    0xe8, 0x41, 0x09, 0x42, 0xe8, 0x41, 0x08, 0x42, 0x45, 0x29, 0x41, 0x08, 0x86, 0x39, 0xe8, 0x41,
    0x25, 0x29, 0xc4, 0x20, 0x01, 0x00, 0x00, 0x00, 0xc4, 0x18, 0xe8, 0x41, 0xc7, 0x39, 0xc7, 0x39,
    0xc7, 0x39, 0xc7, 0x39, 0xa3, 0x10, 0x00, 0x00, 0xa3, 0x18, 0xc7, 0x39, 0xc7, 0x39, 0x66, 0x31,
    0x01, 0x00, 0x21, 0x08, 0x20, 0x00, 0x41, 0x40, 0xe4, 0xa8, 0xa3, 0xb0, 0x83, 0xb0, 0x83, 0xb0,
    0x83, 0xa8, 0x62, 0xa8, 0xa4, 0xa0, 0x62, 0x48, 0x00, 0x00, 0x00, 0x00, 0x00, 0x00, 0x00, 0x00,
    0x00, 0x00, 0x00, 0x00, 0x00, 0x00, 0x00, 0x00, 0x00, 0x00, 0x00, 0x00, 0x00, 0x00, 0x00, 0x00,
    0x00, 0x00, 0x00, 0x00, 0x00, 0x00, 0x00, 0x00, 0x00, 0x00, 0x00, 0x00, 0x00, 0x00, 0x00, 0x00,
    0x00, 0x00, 0x00, 0x00, 0x00, 0x00, 0x00, 0x00, 0x00, 0x00, 0x00, 0x00, 0x00, 0x00, 0x00, 0x00,
    0x00, 0x00, 0x00, 0x00, 0x00, 0x00, 0x00, 0x00, 0x00, 0x00, 0x00, 0x00, 0x00, 0x00, 0x00, 0x00,
    0x00, 0x00, 0x00, 0x00, 0x00, 0x00, 0x00, 0x00, 0x00, 0x00, 0xa3, 0x78, 0xa4, 0xb8, 0x83, 0xa8,
    0xa4, 0xa8, 0xa3, 0x98, 0xc4, 0x98, 0x63, 0x78, 0xe4, 0x68, 0x41, 0x18, 0x01, 0x00, 0x21, 0x08,
    0x01, 0x00, 0x25, 0x29, 0xa7, 0x39, 0xa7, 0x39, 0xc4, 0x18, 0x00, 0x00, 0x45, 0x29, 0xa7, 0x31,
    0x87, 0x31, 0xa7, 0x39, 0xc4, 0x20, 0xa3, 0x18, 0x41, 0x08, 0x01, 0x00, 0x62, 0x08, 0x45, 0x29,
    0xc7, 0x39, 0x86, 0x31, 0x46, 0x29, 0xa7, 0x39, 0xc8, 0x39, 0xa7, 0x39, 0x87, 0x31, 0xc8, 0x39,
    0xa7, 0x39, 0x66, 0x31, 0x87, 0x39, 0x62, 0x10, 0x45, 0x29, 0x41, 0x08, 0x00, 0x00, 0x20, 0x00,
    0xe4, 0x18, 0xc8, 0x39, 0xa7, 0x39, 0xc8, 0x39, 0xc8, 0x39, 0xc8, 0x39, 0xc8, 0x41, 0xc8, 0x41,
    0xc8, 0x41, 0xe8, 0x41, 0x87, 0x39, 0x86, 0x31, 0xe8, 0x41, 0x05, 0x21, 0xa7, 0x39, 0x29, 0x4a,
    0x87, 0x31, 0x21, 0x00, 0x00, 0x00, 0x62, 0x08, 0xa7, 0x31, 0x21, 0x00, 0x21, 0x00, 0x21, 0x00,
    0x21, 0x00, 0x00, 0x00, 0x29, 0x4a, 0x08, 0x42, 0x00, 0x00, 0x21, 0x00, 0x21, 0x00, 0x21, 0x00,
    0x21, 0x00, 0x21, 0x00, 0x00, 0x00, 0x66, 0x31, 0x46, 0x31, 0x00, 0x00, 0x21, 0x00, 0x21, 0x00,
    0x21, 0x00, 0x21, 0x00, 0x00, 0x00, 0xc4, 0x18, 0xec, 0x5a, 0xc4, 0x18, 0x00, 0x00, 0x21, 0x00,
    0x21, 0x00, 0x21, 0x00, 0x00, 0x00, 0x46, 0x29, 0xa3, 0x10, 0x62, 0x08, 0x66, 0x29, 0x41, 0x08,
    0x08, 0x42, 0xe8, 0x39, 0xa3, 0x18, 0xc7, 0x39, 0xc7, 0x39, 0xa7, 0x39, 0x49, 0x4a, 0x87, 0x31,
    0x46, 0x29, 0x29, 0x42, 0x08, 0x42, 0x08, 0x42, 0x08, 0x42, 0x09, 0x42, 0xc7, 0x39, 0x21, 0x00,
    0x21, 0x00, 0x00, 0x00, 0x21, 0x08, 0x04, 0x21, 0xa3, 0x10, 0x09, 0x42, 0x87, 0x31, 0xe8, 0x39,
    0x09, 0x42, 0xa7, 0x39, 0xc8, 0x39, 0xe8, 0x41, 0xa7, 0x31, 0x21, 0x08, 0x45, 0x29, 0x08, 0x42,
    0x04, 0x29, 0xc3, 0x18, 0x21, 0x08, 0x00, 0x00, 0xa3, 0x10, 0xc8, 0x39, 0xc7, 0x39, 0xc7, 0x39,
    0xc8, 0x39, 0x86, 0x31, 0x21, 0x00, 0x00, 0x00, 0x05, 0x21, 0xc7, 0x39, 0xc7, 0x39, 0x83, 0x10,
    0x01, 0x00, 0x21, 0x00, 0x00, 0x10, 0xa3, 0x88, 0xa3, 0xa8, 0x83, 0xa8, 0x83, 0xb0, 0xa4, 0xb0,
    0x83, 0xa8, 0x83, 0xa8, 0xc4, 0x80, 0x00, 0x08, 0x00, 0x00, 0x00, 0x00, 0x00, 0x00, 0x00, 0x00,
    0x00, 0x00, 0x00, 0x00, 0x00, 0x00, 0x00, 0x00, 0x00, 0x00, 0x00, 0x00, 0x00, 0x00, 0x00, 0x00,
    0x00, 0x00, 0x00, 0x00, 0x00, 0x00, 0x00, 0x00, 0x00, 0x00, 0x00, 0x00, 0x00, 0x00, 0x00, 0x00,
    0x00, 0x00, 0x00, 0x00, 0x00, 0x00, 0x00, 0x00, 0x00, 0x00, 0x00, 0x00, 0x00, 0x00, 0x00, 0x00,
    0x00, 0x00, 0x00, 0x00, 0x00, 0x00, 0x00, 0x00, 0x00, 0x00, 0x00, 0x00, 0x00, 0x00, 0x00, 0x00,
    0x00, 0x00, 0x00, 0x00, 0x00, 0x00, 0x00, 0x00, 0x00, 0x00, 0x42, 0x30, 0xc5, 0xa0, 0x83, 0xa8,
    0x84, 0xa8, 0x83, 0x90, 0xc4, 0x90, 0x61, 0x58, 0x05, 0x91, 0xc3, 0x68, 0x20, 0x08, 0x21, 0x00,
    0x01, 0x00, 0x62, 0x10, 0x87, 0x31, 0xa7, 0x39, 0x46, 0x29, 0x00, 0x00, 0xe4, 0x18, 0xa7, 0x39,
    0x86, 0x31, 0xa7, 0x39, 0xa3, 0x18, 0x83, 0x18, 0x21, 0x08, 0x41, 0x08, 0x45, 0x29, 0xa7, 0x31,
    0xa7, 0x39, 0x66, 0x31, 0x66, 0x31, 0xc8, 0x39, 0x66, 0x31, 0xc4, 0x18, 0x62, 0x10, 0xc8, 0x39,
    0x46, 0x29, 0xa7, 0x39, 0xc4, 0x20, 0x00, 0x00, 0x25, 0x29, 0xc8, 0x39, 0x82, 0x10, 0x00, 0x00,
    0x41, 0x08, 0x87, 0x31, 0xc8, 0x39, 0xc7, 0x39, 0xc7, 0x39, 0xc8, 0x39, 0xc7, 0x39, 0xc8, 0x39,
    0xc8, 0x41, 0xc7, 0x39, 0xc8, 0x41, 0xa7, 0x39, 0x86, 0x31, 0xe8, 0x41, 0xe4, 0x20, 0x66, 0x31,
    0x29, 0x4a, 0xc3, 0x18, 0x00, 0x00, 0x62, 0x08, 0xa7, 0x31, 0x21, 0x00, 0x21, 0x00, 0x21, 0x00,
    0x21, 0x00, 0x00, 0x00, 0x29, 0x4a, 0x09, 0x42, 0x00, 0x00, 0x21, 0x00, 0x21, 0x00, 0x21, 0x00,
    0x21, 0x00, 0x21, 0x00, 0x00, 0x00, 0x66, 0x29, 0x66, 0x29, 0x00, 0x00, 0x21, 0x00, 0x21, 0x00,
    0x21, 0x00, 0x21, 0x00, 0x00, 0x00, 0xc4, 0x18, 0xec, 0x5a, 0xc4, 0x18, 0x00, 0x00, 0x21, 0x00,
    0x21, 0x00, 0x21, 0x00, 0x00, 0x00, 0x46, 0x29, 0x82, 0x10, 0x25, 0x21, 0x46, 0x29, 0xe8, 0x41,
    0xc8, 0x39, 0xa3, 0x10, 0xc8, 0x39, 0xc7, 0x39, 0xa6, 0x31, 0x08, 0x42, 0x29, 0x4a, 0x25, 0x29,
    0x66, 0x29, 0x09, 0x42, 0x08, 0x42, 0x08, 0x42, 0xe8, 0x41, 0x09, 0x42, 0x05, 0x21, 0x21, 0x00,
    0x00, 0x00, 0x21, 0x08, 0xc7, 0x39, 0xa7, 0x31, 0x21, 0x00, 0xa7, 0x39, 0xc7, 0x39, 0xa7, 0x39,
    0x87, 0x31, 0x25, 0x29, 0x66, 0x31, 0xe8, 0x39, 0xc7, 0x39, 0x42, 0x08, 0x04, 0x21, 0xc7, 0x39,
    0xa3, 0x18, 0xc4, 0x18, 0x42, 0x08, 0x00, 0x00, 0x82, 0x10, 0xc7, 0x39, 0xc7, 0x39, 0xc7, 0x39,
    0xe8, 0x39, 0x25, 0x21, 0x00, 0x00, 0x21, 0x00, 0x66, 0x29, 0xc8, 0x39, 0x25, 0x29, 0x00, 0x00,
    0x21, 0x00, 0x01, 0x00, 0x82, 0x58, 0xe3, 0xa8, 0x83, 0xa8, 0x83, 0xb0, 0xc4, 0xb0, 0xa4, 0xa8,
    0x83, 0xa8, 0xe5, 0xa0, 0x42, 0x28, 0x00, 0x00, 0x00, 0x00, 0x00, 0x00, 0x00, 0x00, 0x00, 0x00,
    0x00, 0x00, 0x00, 0x00, 0x00, 0x00, 0x00, 0x00, 0x00, 0x00, 0x00, 0x00, 0x00, 0x00, 0x00, 0x00,
    0x00, 0x00, 0x00, 0x00, 0x00, 0x00, 0x00, 0x00, 0x00, 0x00, 0x00, 0x00, 0x00, 0x00, 0x00, 0x00,
    0x00, 0x00, 0x00, 0x00, 0x00, 0x00, 0x00, 0x00, 0x00, 0x00, 0x00, 0x00, 0x00, 0x00, 0x00, 0x00,
    0x00, 0x00, 0x00, 0x00, 0x00, 0x00, 0x00, 0x00, 0x00, 0x00, 0x00, 0x00, 0x00, 0x00, 0x00, 0x00,
    0x00, 0x00, 0x00, 0x00, 0x00, 0x00, 0x00, 0x00, 0x00, 0x00, 0x00, 0x00, 0xa3, 0x68, 0xc5, 0xb8,
    0x84, 0xb0, 0xa4, 0xb0, 0xc3, 0xa0, 0x61, 0x60, 0xa4, 0x98, 0x05, 0xa9, 0x62, 0x38, 0x00, 0x00,
    0x21, 0x08, 0x00, 0x00, 0xe4, 0x20, 0xc7, 0x39, 0x87, 0x31, 0x62, 0x08, 0x62, 0x10, 0x86, 0x31,
    0x86, 0x31, 0x86, 0x31, 0x82, 0x10, 0x83, 0x10, 0x01, 0x00, 0x62, 0x10, 0xc7, 0x39, 0xe8, 0x39,
    0xa7, 0x39, 0x66, 0x29, 0x66, 0x31, 0xe8, 0x41, 0x67, 0x31, 0x01, 0x00, 0x04, 0x21, 0x66, 0x31,
    0x86, 0x31, 0x46, 0x29, 0x01, 0x00, 0x21, 0x00, 0x21, 0x00, 0xe4, 0x20, 0xe8, 0x41, 0xc3, 0x18,
    0x00, 0x00, 0x05, 0x21, 0xc8, 0x39, 0xc7, 0x39, 0xc7, 0x39, 0xc8, 0x39, 0xc8, 0x39, 0x87, 0x31,
    0xc7, 0x39, 0xc7, 0x39, 0xc8, 0x39, 0xc8, 0x41, 0x87, 0x39, 0x66, 0x31, 0xe8, 0x41, 0xe4, 0x20,
    0x46, 0x29, 0xc7, 0x39, 0x20, 0x00, 0x61, 0x08, 0x87, 0x31, 0x21, 0x00, 0x21, 0x00, 0x21, 0x00,
    0x21, 0x00, 0x00, 0x00, 0x29, 0x4a, 0x29, 0x42, 0x00, 0x00, 0x21, 0x00, 0x21, 0x00, 0x21, 0x00,
    0x21, 0x00, 0x21, 0x00, 0x00, 0x00, 0x66, 0x29, 0x46, 0x29, 0x00, 0x00, 0x21, 0x00, 0x21, 0x00,
    0x21, 0x00, 0x21, 0x00, 0x00, 0x00, 0xc4, 0x18, 0xec, 0x5a, 0xc4, 0x18, 0x00, 0x00, 0x21, 0x00,
    0x21, 0x00, 0x21, 0x00, 0x00, 0x00, 0x46, 0x29, 0xc3, 0x18, 0xa7, 0x39, 0x29, 0x42, 0x66, 0x29,
    0xa3, 0x10, 0xe8, 0x41, 0xc8, 0x39, 0x87, 0x31, 0x08, 0x42, 0x08, 0x42, 0x08, 0x42, 0xc3, 0x18,
    0xa7, 0x31, 0x09, 0x42, 0xe8, 0x41, 0xe8, 0x41, 0x08, 0x42, 0x87, 0x31, 0xe4, 0x18, 0x21, 0x00,
    0x42, 0x08, 0x08, 0x42, 0xa7, 0x39, 0x21, 0x08, 0x00, 0x00, 0xa3, 0x18, 0xe8, 0x41, 0xa7, 0x39,
    0xe4, 0x20, 0xe4, 0x20, 0xc4, 0x18, 0xc7, 0x39, 0xe8, 0x41, 0xa3, 0x10, 0xa3, 0x10, 0xe8, 0x41,
    0x86, 0x31, 0xc7, 0x39, 0xc4, 0x18, 0x00, 0x00, 0x42, 0x08, 0xa7, 0x39, 0xc7, 0x39, 0xc7, 0x39,
    0xc7, 0x39, 0xa3, 0x18, 0x00, 0x00, 0x62, 0x08, 0xa7, 0x39, 0xa7, 0x39, 0x42, 0x08, 0x21, 0x00,
    0x20, 0x00, 0x41, 0x30, 0x25, 0xa9, 0xc4, 0xb0, 0x42, 0x70, 0xa3, 0x90, 0xc4, 0xb8, 0xa3, 0xb0,
    0xa4, 0xb0, 0x83, 0x60, 0x00, 0x00, 0x00, 0x00, 0x00, 0x00, 0x00, 0x00, 0x00, 0x00, 0x00, 0x00,
    0x00, 0x00, 0x00, 0x00, 0x00, 0x00, 0x00, 0x00, 0x00, 0x00, 0x00, 0x00, 0x00, 0x00, 0x00, 0x00,
    0x00, 0x00, 0x00, 0x00, 0x00, 0x00, 0x00, 0x00, 0x00, 0x00, 0x00, 0x00, 0x00, 0x00, 0x00, 0x00,
    0x00, 0x00, 0x00, 0x00, 0x00, 0x00, 0x00, 0x00, 0x00, 0x00, 0x00, 0x00, 0x00, 0x00, 0x00, 0x00,
    0x00, 0x00, 0x00, 0x00, 0x00, 0x00, 0x00, 0x00, 0x00, 0x00, 0x00, 0x00, 0x00, 0x00, 0x00, 0x00,
    0x00, 0x00, 0x00, 0x00, 0x00, 0x00, 0x00, 0x00, 0x00, 0x00, 0x00, 0x00, 0x21, 0x18, 0xe4, 0xa8,
    0x84, 0xb8, 0xa4, 0xb0, 0xc4, 0xb0, 0x83, 0x80, 0xa4, 0x90, 0xc4, 0xb0, 0xc4, 0x88, 0x20, 0x18,
    0x21, 0x00, 0x21, 0x08, 0x21, 0x08, 0x46, 0x29, 0xa7, 0x39, 0xc3, 0x18, 0x00, 0x00, 0x65, 0x29,
    0x87, 0x31, 0x66, 0x31, 0x62, 0x10, 0x82, 0x10, 0x00, 0x00, 0x83, 0x10, 0xc7, 0x39, 0xe8, 0x41,
    0x87, 0x31, 0x25, 0x29, 0x87, 0x31, 0xe8, 0x41, 0xe8, 0x39, 0x86, 0x31, 0x45, 0x29, 0x86, 0x31,
    0x86, 0x31, 0x41, 0x08, 0x21, 0x00, 0x21, 0x00, 0x25, 0x21, 0x83, 0x10, 0xa3, 0x18, 0xe8, 0x41,
    0xe4, 0x20, 0x62, 0x10, 0xa7, 0x39, 0xc7, 0x39, 0xc7, 0x39, 0xc8, 0x39, 0xe8, 0x41, 0x45, 0x29,
    0xa7, 0x39, 0xa7, 0x31, 0xa7, 0x39, 0xc8, 0x39, 0xc8, 0x39, 0xa7, 0x39, 0x86, 0x31, 0x09, 0x42,
    0xe4, 0x20, 0x65, 0x29, 0x25, 0x29, 0x41, 0x08, 0x86, 0x31, 0x21, 0x00, 0x21, 0x00, 0x21, 0x00,
    0x21, 0x00, 0x00, 0x00, 0x29, 0x4a, 0x29, 0x4a, 0x00, 0x00, 0x21, 0x00, 0x21, 0x00, 0x21, 0x00,
    0x21, 0x00, 0x21, 0x00, 0x00, 0x00, 0x66, 0x29, 0x45, 0x29, 0x00, 0x00, 0x21, 0x00, 0x21, 0x00,
    0x21, 0x00, 0x21, 0x00, 0x00, 0x00, 0xc4, 0x18, 0xcc, 0x5a, 0xc4, 0x18, 0x00, 0x00, 0x21, 0x00,
    0x21, 0x00, 0x21, 0x00, 0x00, 0x00, 0x45, 0x29, 0x25, 0x29, 0x29, 0x4a, 0x25, 0x21, 0xc3, 0x18,
    0xe8, 0x41, 0xa7, 0x39, 0x87, 0x31, 0xe8, 0x41, 0x08, 0x42, 0x08, 0x42, 0xc7, 0x39, 0x82, 0x10,
    0xc8, 0x39, 0xe8, 0x41, 0xe8, 0x41, 0xe8, 0x41, 0xe8, 0x41, 0x45, 0x29, 0x83, 0x10, 0x62, 0x10,
    0x29, 0x4a, 0x66, 0x31, 0xc3, 0x18, 0xe4, 0x18, 0x01, 0x00, 0x21, 0x00, 0x46, 0x31, 0xc8, 0x39,
    0x66, 0x29, 0x41, 0x08, 0x05, 0x21, 0xe8, 0x41, 0x08, 0x42, 0xe4, 0x20, 0x82, 0x10, 0xe8, 0x41,
    0xa7, 0x39, 0xc7, 0x39, 0x04, 0x21, 0x00, 0x00, 0x21, 0x08, 0x86, 0x31, 0xc8, 0x39, 0xc8, 0x39,
    0xa7, 0x31, 0x41, 0x08, 0x00, 0x00, 0xc3, 0x18, 0xe8, 0x41, 0xe4, 0x20, 0x00, 0x00, 0x21, 0x00,
    0x21, 0x08, 0xc4, 0x70, 0xa3, 0x90, 0xa3, 0x88, 0xa3, 0x88, 0xa3, 0x90, 0x83, 0x98, 0xa4, 0xa0,
    0xe5, 0x90, 0x20, 0x18, 0x00, 0x00, 0x00, 0x00, 0x00, 0x00, 0x00, 0x00, 0x00, 0x00, 0x00, 0x00,
    0x00, 0x00, 0x00, 0x00, 0x00, 0x00, 0x00, 0x00, 0x00, 0x00, 0x00, 0x00, 0x00, 0x00, 0x00, 0x00,
    0x00, 0x00, 0x00, 0x00, 0x00, 0x00, 0x00, 0x00, 0x00, 0x00, 0x00, 0x00, 0x00, 0x00, 0x00, 0x00,
    0x00, 0x00, 0x00, 0x00, 0x00, 0x00, 0x00, 0x00, 0x00, 0x00, 0x00, 0x00, 0x00, 0x00, 0x00, 0x00,
    0x00, 0x00, 0x00, 0x00, 0x00, 0x00, 0x00, 0x00, 0x00, 0x00, 0x00, 0x00, 0x00, 0x00, 0x00, 0x00,
    0x00, 0x00, 0x00, 0x00, 0x00, 0x00, 0x00, 0x00, 0x00, 0x00, 0x00, 0x00, 0x00, 0x00, 0x83, 0x58,
    0xc4, 0xb8, 0x83, 0xb0, 0xa4, 0xb0, 0xa4, 0xa0, 0xa3, 0x90, 0xa4, 0xb0, 0xc4, 0xa8, 0xa3, 0x68,
    0x00, 0x08, 0x21, 0x08, 0x01, 0x00, 0x83, 0x10, 0xa7, 0x39, 0x45, 0x29, 0x00, 0x00, 0x04, 0x21,
    0xa7, 0x39, 0x25, 0x29, 0x21, 0x08, 0x62, 0x10, 0x01, 0x00, 0x41, 0x08, 0x83, 0x10, 0x66, 0x29,
    0x87, 0x31, 0xe4, 0x20, 0x83, 0x10, 0x46, 0x29, 0xc8, 0x39, 0x45, 0x29, 0x86, 0x31, 0x86, 0x31,
    0x41, 0x08, 0x00, 0x00, 0x21, 0x08, 0x21, 0x00, 0xc3, 0x18, 0xc7, 0x39, 0xc3, 0x18, 0x82, 0x10,
    0xe8, 0x41, 0x25, 0x29, 0x66, 0x31, 0xc7, 0x39, 0xc7, 0x39, 0xc8, 0x39, 0xe8, 0x41, 0x46, 0x29,
    0x25, 0x29, 0xa7, 0x31, 0x66, 0x29, 0xe8, 0x41, 0xc7, 0x39, 0xc7, 0x39, 0x87, 0x39, 0x87, 0x39,
    0x08, 0x42, 0xc3, 0x18, 0xe4, 0x20, 0x83, 0x10, 0x66, 0x29, 0x21, 0x00, 0x21, 0x00, 0x21, 0x00,
    0x01, 0x00, 0x01, 0x00, 0x49, 0x4a, 0x08, 0x42, 0x00, 0x00, 0x21, 0x00, 0x21, 0x00, 0x21, 0x00,
    0x21, 0x00, 0x21, 0x00, 0x00, 0x00, 0x66, 0x29, 0x45, 0x29, 0x00, 0x00, 0x21, 0x00, 0x21, 0x00,
    0x21, 0x00, 0x21, 0x00, 0x00, 0x00, 0xc4, 0x18, 0xcc, 0x5a, 0xc4, 0x18, 0x00, 0x00, 0x21, 0x00,
    0x21, 0x00, 0x21, 0x00, 0x00, 0x00, 0x45, 0x29, 0x66, 0x31, 0x04, 0x21, 0xe4, 0x20, 0xe8, 0x41,
    0xa7, 0x39, 0x87, 0x31, 0xe8, 0x41, 0x09, 0x42, 0xe8, 0x41, 0x29, 0x4a, 0x25, 0x29, 0x62, 0x10,
    0xe8, 0x41, 0xe8, 0x41, 0xe8, 0x41, 0x08, 0x42, 0xc8, 0x39, 0xe4, 0x18, 0xa3, 0x18, 0x29, 0x4a,
    0x45, 0x29, 0xa3, 0x10, 0x29, 0x42, 0xc3, 0x18, 0x00, 0x00, 0x01, 0x00, 0x41, 0x08, 0xc7, 0x39,
    0xc7, 0x39, 0x87, 0x31, 0xc8, 0x39, 0xc7, 0x39, 0xc3, 0x18, 0x21, 0x08, 0x41, 0x08, 0xc7, 0x39,
    0xe4, 0x20, 0x82, 0x10, 0x42, 0x08, 0x01, 0x00, 0x21, 0x00, 0x66, 0x29, 0xc7, 0x39, 0xe8, 0x39,
    0x25, 0x29, 0x00, 0x00, 0x21, 0x00, 0x66, 0x29, 0xa7, 0x39, 0x21, 0x08, 0x01, 0x00, 0x00, 0x00,
    0x82, 0x48, 0x05, 0xb9, 0xe5, 0xa8, 0x05, 0x91, 0xa3, 0x90, 0xc4, 0x90, 0xa3, 0x70, 0x82, 0x58,
    0x62, 0x38, 0x00, 0x00, 0x00, 0x00, 0x00, 0x00, 0x00, 0x00, 0x00, 0x00, 0x00, 0x00, 0x00, 0x00,
    0x00, 0x00, 0x00, 0x00, 0x00, 0x00, 0x00, 0x00, 0x00, 0x00, 0x00, 0x00, 0x00, 0x00, 0x00, 0x00,
    0x00, 0x00, 0x00, 0x00, 0x00, 0x00, 0x00, 0x00, 0x00, 0x00, 0x00, 0x00, 0x00, 0x00, 0x00, 0x00,
    0x00, 0x00, 0x00, 0x00, 0x00, 0x00, 0x00, 0x00, 0x00, 0x00, 0x00, 0x00, 0x00, 0x00, 0x00, 0x00,
    0x00, 0x00, 0x00, 0x00, 0x00, 0x00, 0x00, 0x00, 0x00, 0x00, 0x00, 0x00, 0x00, 0x00, 0x00, 0x00,
    0x00, 0x00, 0x00, 0x00, 0x00, 0x00, 0x00, 0x00, 0x00, 0x00, 0x00, 0x00, 0x00, 0x00, 0x00, 0x08,
    0xc4, 0x88, 0xa4, 0xb0, 0xa4, 0xb0, 0xa3, 0xa8, 0xa3, 0x98, 0xc4, 0xa8, 0x83, 0xa8, 0xe5, 0xa8,
    0x62, 0x38, 0x01, 0x00, 0x21, 0x08, 0x01, 0x00, 0x05, 0x21, 0xa7, 0x39, 0x42, 0x08, 0x83, 0x10,
    0xc7, 0x39, 0x04, 0x21, 0x21, 0x08, 0x62, 0x10, 0x01, 0x00, 0x21, 0x00, 0x00, 0x00, 0x04, 0x21,
    0xa7, 0x39, 0xa3, 0x10, 0x01, 0x00, 0x05, 0x21, 0x25, 0x29, 0x86, 0x31, 0x66, 0x31, 0x41, 0x08,
    0x00, 0x00, 0x21, 0x00, 0x00, 0x00, 0x83, 0x10, 0x25, 0x21, 0xc4, 0x18, 0xc8, 0x39, 0x05, 0x21,
    0x82, 0x10, 0xa7, 0x39, 0xe8, 0x41, 0xc7, 0x39, 0xc7, 0x39, 0xc8, 0x39, 0xe8, 0x41, 0x87, 0x31,
    0xc3, 0x18, 0x86, 0x31, 0x25, 0x29, 0xe8, 0x41, 0xc7, 0x41, 0xc7, 0x39, 0xa7, 0x39, 0xa7, 0x39,
    0xa7, 0x39, 0xe8, 0x41, 0xc3, 0x18, 0x42, 0x08, 0x66, 0x29, 0x21, 0x00, 0x21, 0x00, 0x21, 0x00,
    0x01, 0x00, 0x01, 0x08, 0x4a, 0x52, 0xe8, 0x41, 0x00, 0x00, 0x21, 0x00, 0x21, 0x00, 0x21, 0x00,
    0x21, 0x00, 0x21, 0x00, 0x00, 0x00, 0x66, 0x29, 0x45, 0x29, 0x00, 0x00, 0x21, 0x00, 0x21, 0x00,
    0x21, 0x00, 0x21, 0x00, 0x00, 0x00, 0xc4, 0x18, 0xcc, 0x5a, 0xc4, 0x18, 0x00, 0x00, 0x21, 0x00,
    0x21, 0x00, 0x21, 0x00, 0x00, 0x00, 0x46, 0x29, 0x83, 0x10, 0x04, 0x21, 0x08, 0x42, 0xa7, 0x31,
    0xa7, 0x31, 0xe8, 0x41, 0x09, 0x42, 0x08, 0x42, 0x08, 0x42, 0x29, 0x42, 0xa3, 0x10, 0x83, 0x10,
    0x08, 0x42, 0xe8, 0x41, 0xe8, 0x41, 0x09, 0x42, 0x25, 0x29, 0xc4, 0x18, 0x29, 0x42, 0x04, 0x21,
    0xc3, 0x18, 0x29, 0x4a, 0x45, 0x29, 0xc3, 0x18, 0x21, 0x08, 0x21, 0x00, 0x00, 0x00, 0x62, 0x08,
    0xc7, 0x39, 0xa7, 0x39, 0xa7, 0x31, 0x45, 0x29, 0x82, 0x10, 0x04, 0x21, 0x00, 0x00, 0xa7, 0x39,
    0x82, 0x10, 0x00, 0x00, 0x21, 0x00, 0x21, 0x00, 0x00, 0x00, 0x45, 0x21, 0xc8, 0x39, 0xc7, 0x39,
    0xa3, 0x18, 0x00, 0x00, 0x62, 0x08, 0xc7, 0x39, 0xc3, 0x18, 0x01, 0x00, 0x21, 0x00, 0x41, 0x20,
    0x04, 0x91, 0xc3, 0xa8, 0xa3, 0x80, 0x41, 0x50, 0x21, 0x48, 0x61, 0x50, 0x82, 0x68, 0xe4, 0x78,
    0x41, 0x18, 0x00, 0x00, 0x00, 0x00, 0x00, 0x00, 0x00, 0x00, 0x00, 0x00, 0x00, 0x00, 0x00, 0x00,
    0x00, 0x00, 0x00, 0x00, 0x00, 0x00, 0x00, 0x00, 0x00, 0x00, 0x00, 0x00, 0x00, 0x00, 0x00, 0x00,
    0x00, 0x00, 0x00, 0x00, 0x00, 0x00, 0x00, 0x00, 0x00, 0x00, 0x00, 0x00, 0x00, 0x00, 0x00, 0x00,
    0x00, 0x00, 0x00, 0x00, 0x00, 0x00, 0x00, 0x00, 0x00, 0x00, 0x00, 0x00, 0x00, 0x00, 0x00, 0x00,
    0x00, 0x00, 0x00, 0x00, 0x00, 0x00, 0x00, 0x00, 0x00, 0x00, 0x00, 0x00, 0x00, 0x00, 0x00, 0x00,
    0x00, 0x00, 0x00, 0x00, 0x00, 0x00, 0x00, 0x00, 0x00, 0x00, 0x00, 0x00, 0x00, 0x00, 0x00, 0x00,
    0x41, 0x30, 0xc5, 0xa8, 0xa3, 0xb0, 0xa3, 0xa8, 0xa4, 0xa8, 0xa4, 0xa8, 0x83, 0xa0, 0x83, 0x98,
    0xc4, 0x80, 0x00, 0x18, 0x21, 0x00, 0x01, 0x00, 0x41, 0x08, 0x87, 0x31, 0xe4, 0x18, 0x21, 0x08,
    0xa7, 0x39, 0xe4, 0x18, 0x01, 0x00, 0x42, 0x08, 0x01, 0x00, 0x21, 0x00, 0x21, 0x00, 0x25, 0x29,
    0xa7, 0x31, 0x62, 0x10, 0xe4, 0x20, 0x45, 0x29, 0xa7, 0x39, 0x25, 0x29, 0x01, 0x00, 0x01, 0x00,
    0x21, 0x00, 0x21, 0x00, 0x21, 0x00, 0x21, 0x08, 0x04, 0x21, 0x25, 0x29, 0xe4, 0x20, 0xe8, 0x41,
    0x46, 0x29, 0x62, 0x10, 0xa7, 0x39, 0xe8, 0x41, 0xc8, 0x41, 0xc7, 0x39, 0xc7, 0x39, 0xc7, 0x39,
    0x83, 0x10, 0x25, 0x29, 0xe4, 0x20, 0xc8, 0x41, 0xc8, 0x41, 0xc8, 0x41, 0xc8, 0x41, 0xc7, 0x39,
    0xa7, 0x39, 0xa7, 0x39, 0xe8, 0x41, 0xa3, 0x18, 0x46, 0x29, 0x21, 0x00, 0x21, 0x00, 0x21, 0x00,
    0x01, 0x00, 0x21, 0x08, 0x6a, 0x52, 0xa7, 0x39, 0x00, 0x00, 0x21, 0x00, 0x21, 0x00, 0x21, 0x00,
    0x21, 0x00, 0x21, 0x00, 0x00, 0x00, 0x66, 0x29, 0x45, 0x29, 0x00, 0x00, 0x21, 0x00, 0x21, 0x00,
    0x21, 0x00, 0x21, 0x00, 0x00, 0x00, 0xa3, 0x18, 0xab, 0x5a, 0xc4, 0x18, 0x00, 0x00, 0x21, 0x00,
    0x21, 0x00, 0x21, 0x00, 0x00, 0x00, 0x45, 0x29, 0xe4, 0x20, 0xe8, 0x41, 0xa7, 0x31, 0xc7, 0x39,
    0x08, 0x42, 0x08, 0x42, 0x08, 0x42, 0x08, 0x42, 0x08, 0x42, 0xc7, 0x39, 0x21, 0x08, 0xc4, 0x18,
    0x08, 0x42, 0xe8, 0x39, 0xe8, 0x41, 0xc8, 0x39, 0x25, 0x29, 0x08, 0x42, 0xc4, 0x18, 0xe4, 0x20,
    0x49, 0x4a, 0x04, 0x21, 0x65, 0x29, 0x86, 0x31, 0x00, 0x00, 0x21, 0x00, 0x21, 0x00, 0x00, 0x00,
    0x41, 0x08, 0x66, 0x31, 0xe8, 0x41, 0x86, 0x31, 0x66, 0x31, 0xe4, 0x20, 0x00, 0x00, 0x66, 0x31,
    0xe4, 0x18, 0x00, 0x00, 0x21, 0x00, 0x21, 0x00, 0x00, 0x00, 0x04, 0x21, 0xe8, 0x41, 0xa7, 0x31,
    0x42, 0x08, 0x00, 0x00, 0x04, 0x21, 0x66, 0x31, 0x21, 0x00, 0x21, 0x00, 0x20, 0x08, 0xe4, 0x68,
    0xa3, 0x68, 0xc4, 0x90, 0xa4, 0xa8, 0xa4, 0xa0, 0xa4, 0xa8, 0x84, 0xa8, 0xa5, 0xb0, 0xa3, 0x58,
    0x00, 0x00, 0x00, 0x00, 0x00, 0x00, 0x00, 0x00, 0x00, 0x00, 0x00, 0x00, 0x00, 0x00, 0x00, 0x00,
    0x00, 0x00, 0x00, 0x00, 0x00, 0x00, 0x00, 0x00, 0x00, 0x00, 0x00, 0x00, 0x00, 0x00, 0x00, 0x00,
    0x00, 0x00, 0x00, 0x00, 0x00, 0x00, 0x00, 0x00, 0x00, 0x00, 0x00, 0x00, 0x00, 0x00, 0x00, 0x00,
    0x00, 0x00, 0x00, 0x00, 0x00, 0x00, 0x00, 0x00, 0x00, 0x00, 0x00, 0x00, 0x00, 0x00, 0x00, 0x00,
    0x00, 0x00, 0x00, 0x00, 0x00, 0x00, 0x00, 0x00, 0x00, 0x00, 0x00, 0x00, 0x00, 0x00, 0x00, 0x00,
    0x00, 0x00, 0x00, 0x00, 0x00, 0x00, 0x00, 0x00, 0x00, 0x00, 0x00, 0x00, 0x00, 0x00, 0x00, 0x00,
    0x00, 0x00, 0xa3, 0x58, 0xc4, 0xa8, 0xa3, 0xa8, 0x83, 0xa0, 0x83, 0xa0, 0xa4, 0xa8, 0xa4, 0xa8,
    0xc5, 0xb0, 0xa3, 0x68, 0x00, 0x00, 0x41, 0x00, 0x00, 0x00, 0xc3, 0x18, 0x87, 0x31, 0x20, 0x00,
    0x45, 0x29, 0xc3, 0x18, 0x00, 0x00, 0x21, 0x08, 0x21, 0x08, 0x21, 0x08, 0x00, 0x00, 0x66, 0x29,
    0x66, 0x31, 0x41, 0x08, 0x25, 0x29, 0xa7, 0x39, 0xc4, 0x18, 0x00, 0x00, 0x21, 0x00, 0x21, 0x00,
    0x21, 0x00, 0x21, 0x00, 0x21, 0x00, 0x21, 0x00, 0xc4, 0x18, 0x25, 0x29, 0x45, 0x29, 0xe4, 0x20,
    0xc7, 0x39, 0x66, 0x31, 0x82, 0x10, 0x66, 0x31, 0xe8, 0x41, 0xc7, 0x39, 0xc7, 0x39, 0xe8, 0x39,
    0xa3, 0x10, 0xa3, 0x18, 0xc3, 0x18, 0xa7, 0x39, 0xc8, 0x41, 0xc8, 0x41, 0xe8, 0x41, 0xe8, 0x41,
    0xe8, 0x41, 0xa7, 0x39, 0xc8, 0x39, 0xe4, 0x18, 0x45, 0x29, 0x21, 0x00, 0x21, 0x00, 0x21, 0x00,
    0x01, 0x00, 0x41, 0x08, 0x8a, 0x52, 0x86, 0x31, 0x00, 0x00, 0x21, 0x00, 0x21, 0x00, 0x21, 0x00,
    0x21, 0x00, 0x21, 0x00, 0x00, 0x00, 0x66, 0x29, 0x45, 0x29, 0x00, 0x00, 0x21, 0x00, 0x21, 0x00,
    0x21, 0x00, 0x21, 0x00, 0x00, 0x00, 0xa3, 0x18, 0xab, 0x5a, 0xe4, 0x20, 0x00, 0x00, 0x21, 0x00,
    0x21, 0x00, 0x21, 0x00, 0x00, 0x00, 0x45, 0x29, 0x25, 0x29, 0xc7, 0x39, 0xc8, 0x39, 0x08, 0x42,
    0x08, 0x42, 0x08, 0x42, 0x08, 0x42, 0xe8, 0x41, 0x09, 0x42, 0x45, 0x29, 0x00, 0x00, 0x45, 0x29,
    0x08, 0x42, 0xe8, 0x39, 0xe8, 0x39, 0xe8, 0x41, 0xc8, 0x39, 0xa3, 0x10, 0x25, 0x21, 0x29, 0x4a,
    0x04, 0x21, 0x45, 0x29, 0x08, 0x42, 0xc3, 0x18, 0x01, 0x00, 0x21, 0x00, 0x21, 0x00, 0x21, 0x00,
    0x00, 0x00, 0x01, 0x00, 0x25, 0x29, 0xe8, 0x41, 0x66, 0x31, 0x42, 0x08, 0x00, 0x00, 0x25, 0x21,
    0x04, 0x21, 0x00, 0x00, 0x82, 0x10, 0x82, 0x10, 0x00, 0x00, 0xe4, 0x18, 0xe8, 0x41, 0x45, 0x29,
    0x00, 0x00, 0x41, 0x08, 0x66, 0x29, 0x62, 0x08, 0x21, 0x00, 0x00, 0x00, 0xa3, 0x50, 0xe4, 0x78,
    0x82, 0x68, 0x84, 0x90, 0x63, 0xa8, 0xa4, 0xb8, 0xa3, 0xb8, 0xa4, 0xb8, 0xc4, 0x98, 0x21, 0x10,
    0x00, 0x00, 0x00, 0x00, 0x00, 0x00, 0x00, 0x00, 0x00, 0x00, 0x00, 0x00, 0x00, 0x00, 0x00, 0x00,
    0x00, 0x00, 0x00, 0x00, 0x00, 0x00, 0x00, 0x00, 0x00, 0x00, 0x00, 0x00, 0x00, 0x00, 0x00, 0x00,
    0x00, 0x00, 0x00, 0x00, 0x00, 0x00, 0x00, 0x00, 0x00, 0x00, 0x00, 0x00, 0x00, 0x00, 0x00, 0x00,
    0x00, 0x00, 0x00, 0x00, 0x00, 0x00, 0x00, 0x00, 0x00, 0x00, 0x00, 0x00, 0x00, 0x00, 0x00, 0x00,
    0x00, 0x00, 0x00, 0x00, 0x00, 0x00, 0x00, 0x00, 0x00, 0x00, 0x00, 0x00, 0x00, 0x00, 0x00, 0x00,
    0x00, 0x00, 0x00, 0x00, 0x00, 0x00, 0x00, 0x00, 0x00, 0x00, 0x00, 0x00, 0x00, 0x00, 0x00, 0x00,
    0x00, 0x00, 0x20, 0x08, 0xc4, 0x88, 0xa4, 0xb0, 0xa3, 0xa0, 0x83, 0xa0, 0x83, 0x98, 0x84, 0xa8,
    0x83, 0x98, 0xe4, 0x90, 0xa2, 0x50, 0x00, 0x00, 0x21, 0x00, 0x01, 0x00, 0x66, 0x29, 0x82, 0x10,
    0xc3, 0x18, 0xa3, 0x18, 0x00, 0x00, 0x01, 0x00, 0xa3, 0x18, 0x66, 0x31, 0xe4, 0x20, 0xa7, 0x39,
    0xc3, 0x18, 0xe3, 0x18, 0x86, 0x31, 0x62, 0x10, 0x00, 0x00, 0x21, 0x00, 0x21, 0x00, 0x21, 0x00,
    0x21, 0x00, 0x21, 0x00, 0x21, 0x00, 0x01, 0x00, 0x41, 0x08, 0x45, 0x29, 0x25, 0x29, 0x46, 0x29,
    0xe4, 0x20, 0xa7, 0x39, 0x87, 0x31, 0x82, 0x10, 0x46, 0x29, 0xe8, 0x41, 0xc7, 0x39, 0xe8, 0x39,
    0xe4, 0x20, 0x42, 0x08, 0xa3, 0x10, 0x87, 0x31, 0xc8, 0x41, 0xc7, 0x41, 0xc7, 0x41, 0xc7, 0x41,
    0xe8, 0x41, 0xe8, 0x41, 0xe8, 0x41, 0xe4, 0x18, 0x45, 0x29, 0x21, 0x00, 0x21, 0x00, 0x21, 0x00,
    0x00, 0x00, 0x42, 0x08, 0x8b, 0x52, 0x45, 0x29, 0x00, 0x00, 0x21, 0x00, 0x21, 0x00, 0x21, 0x00,
    0x21, 0x00, 0x21, 0x00, 0x00, 0x00, 0x66, 0x31, 0x45, 0x29, 0x00, 0x00, 0x21, 0x00, 0x21, 0x00,
    0x21, 0x00, 0x21, 0x00, 0x01, 0x00, 0x83, 0x10, 0xab, 0x5a, 0x05, 0x21, 0x00, 0x00, 0x21, 0x00,
    0x21, 0x00, 0x21, 0x00, 0x00, 0x00, 0x45, 0x29, 0x25, 0x29, 0xe8, 0x41, 0x08, 0x42, 0x08, 0x42,
    0x08, 0x42, 0x08, 0x42, 0xe8, 0x41, 0xe8, 0x41, 0x08, 0x42, 0xc3, 0x18, 0x00, 0x00, 0x86, 0x31,
    0x08, 0x42, 0xe8, 0x39, 0x08, 0x42, 0x87, 0x31, 0x62, 0x10, 0x66, 0x31, 0x29, 0x4a, 0xe4, 0x20,
    0x45, 0x29, 0x08, 0x42, 0x66, 0x31, 0x42, 0x08, 0x01, 0x00, 0x21, 0x00, 0x21, 0x00, 0x21, 0x00,
    0x21, 0x00, 0x21, 0x00, 0x00, 0x00, 0xa3, 0x18, 0xc7, 0x39, 0x46, 0x29, 0x00, 0x00, 0xc3, 0x18,
    0x66, 0x31, 0x45, 0x29, 0x08, 0x42, 0x04, 0x21, 0x00, 0x00, 0x83, 0x10, 0xe8, 0x41, 0xc3, 0x18,
    0x00, 0x00, 0xc3, 0x18, 0xc4, 0x18, 0x00, 0x00, 0x01, 0x00, 0x21, 0x20, 0xa2, 0x68, 0xa3, 0x90,
    0xa3, 0x90, 0xa3, 0x98, 0xa4, 0xb0, 0xa4, 0xb8, 0x84, 0xb8, 0xc5, 0xb0, 0x62, 0x40, 0x00, 0x00,
    0x00, 0x00, 0x00, 0x00, 0x00, 0x00, 0x00, 0x00, 0x00, 0x00, 0x00, 0x00, 0x00, 0x00, 0x00, 0x00,
    0x00, 0x00, 0x00, 0x00, 0x00, 0x00, 0x00, 0x00, 0x00, 0x00, 0x00, 0x00, 0x00, 0x00, 0x00, 0x00,
    0x00, 0x00, 0x00, 0x00, 0x00, 0x00, 0x00, 0x00, 0x00, 0x00, 0x00, 0x00, 0x00, 0x00, 0x00, 0x00,
    0x00, 0x00, 0x00, 0x00, 0x00, 0x00, 0x00, 0x00, 0x00, 0x00, 0x00, 0x00, 0x00, 0x00, 0x00, 0x00,
    0x00, 0x00, 0x00, 0x00, 0x00, 0x00, 0x00, 0x00, 0x00, 0x00, 0x00, 0x00, 0x00, 0x00, 0x00, 0x00,
    0x00, 0x00, 0x00, 0x00, 0x00, 0x00, 0x00, 0x00, 0x00, 0x00, 0x00, 0x00, 0x00, 0x00, 0x00, 0x00,
    0x00, 0x00, 0x00, 0x00, 0x42, 0x38, 0xe4, 0x98, 0xa4, 0xa8, 0xa4, 0xa0, 0x83, 0x98, 0xa4, 0x98,
    0x62, 0x68, 0xa4, 0x98, 0x05, 0xb1, 0x62, 0x40, 0x00, 0x00, 0x01, 0x00, 0x62, 0x10, 0xc3, 0x18,
    0x21, 0x08, 0x41, 0x08, 0x21, 0x00, 0x00, 0x00, 0xe4, 0x20, 0xc7, 0x39, 0x86, 0x31, 0xa7, 0x31,
    0x62, 0x10, 0xc3, 0x18, 0x21, 0x08, 0x00, 0x00, 0x21, 0x08, 0x21, 0x00, 0x21, 0x00, 0x21, 0x00,
    0x21, 0x00, 0x21, 0x00, 0x21, 0x00, 0x21, 0x00, 0x00, 0x00, 0xa3, 0x18, 0xc7, 0x39, 0x46, 0x31,
    0x86, 0x31, 0x04, 0x21, 0x87, 0x31, 0xc7, 0x39, 0x83, 0x10, 0x25, 0x29, 0xe8, 0x41, 0xc7, 0x39,
    0x46, 0x29, 0x21, 0x08, 0x62, 0x10, 0x46, 0x29, 0xe8, 0x41, 0xc8, 0x39, 0xc8, 0x39, 0xc8, 0x41,
    0xc8, 0x41, 0xe8, 0x41, 0x08, 0x42, 0xc4, 0x18, 0x25, 0x29, 0x21, 0x08, 0x01, 0x00, 0x21, 0x00,
    0x00, 0x00, 0x62, 0x10, 0x8a, 0x52, 0x04, 0x21, 0x00, 0x00, 0x21, 0x00, 0x21, 0x00, 0x21, 0x00,
    0x21, 0x00, 0x21, 0x00, 0x00, 0x00, 0x66, 0x31, 0x25, 0x29, 0x00, 0x00, 0x21, 0x00, 0x21, 0x00,
    0x21, 0x00, 0x21, 0x00, 0x01, 0x00, 0x62, 0x10, 0x8b, 0x52, 0x25, 0x29, 0x00, 0x00, 0x21, 0x00,
    0x01, 0x00, 0x01, 0x00, 0x00, 0x00, 0x45, 0x29, 0x25, 0x29, 0xe8, 0x41, 0xe8, 0x41, 0xe8, 0x41,
    0xe8, 0x41, 0xe8, 0x41, 0xe8, 0x41, 0xe8, 0x41, 0xc7, 0x39, 0x21, 0x08, 0x42, 0x08, 0xe8, 0x39,
    0xe8, 0x41, 0xe8, 0x41, 0x45, 0x29, 0x62, 0x10, 0xa7, 0x39, 0x29, 0x4a, 0xc3, 0x18, 0x66, 0x31,
    0x08, 0x42, 0x87, 0x31, 0x63, 0x10, 0x00, 0x00, 0x21, 0x00, 0x21, 0x00, 0x21, 0x00, 0x21, 0x00,
    0x21, 0x00, 0x21, 0x00, 0x21, 0x00, 0x00, 0x00, 0x42, 0x08, 0x86, 0x31, 0xc4, 0x18, 0x82, 0x10,
    0xa7, 0x39, 0xc7, 0x39, 0xe8, 0x41, 0xe4, 0x20, 0x00, 0x00, 0x62, 0x10, 0xa7, 0x39, 0x42, 0x08,
    0x21, 0x08, 0xc3, 0x18, 0x01, 0x08, 0x01, 0x00, 0x41, 0x30, 0xe4, 0x90, 0xc4, 0xa8, 0xa4, 0xb8,
    0x83, 0xb8, 0xa3, 0xb8, 0xa3, 0xb0, 0x83, 0xb8, 0xc4, 0xb8, 0x83, 0x70, 0x00, 0x00, 0x00, 0x00,
    0x00, 0x00, 0x00, 0x00, 0x00, 0x00, 0x00, 0x00, 0x00, 0x00, 0x00, 0x00, 0x00, 0x00, 0x00, 0x00,
    0x00, 0x00, 0x00, 0x00, 0x00, 0x00, 0x00, 0x00, 0x00, 0x00, 0x00, 0x00, 0x00, 0x00, 0x00, 0x00,
    0x00, 0x00, 0x00, 0x00, 0x00, 0x00, 0x00, 0x00, 0x00, 0x00, 0x00, 0x00, 0x00, 0x00, 0x00, 0x00,
    0x00, 0x00, 0x00, 0x00, 0x00, 0x00, 0x00, 0x00, 0x00, 0x00, 0x00, 0x00, 0x00, 0x00, 0x00, 0x00,
    0x00, 0x00, 0x00, 0x00, 0x00, 0x00, 0x00, 0x00, 0x00, 0x00, 0x00, 0x00, 0x00, 0x00, 0x00, 0x00,
    0x00, 0x00, 0x00, 0x00, 0x00, 0x00, 0x00, 0x00, 0x00, 0x00, 0x00, 0x00, 0x00, 0x00, 0x00, 0x00,
    0x00, 0x00, 0x00, 0x00, 0x00, 0x00, 0xa3, 0x48, 0xc4, 0xa0, 0x83, 0xa0, 0x83, 0x98, 0x83, 0x88,
    0x82, 0x80, 0xc5, 0xa8, 0xa4, 0xc0, 0xe5, 0xa8, 0x62, 0x38, 0x01, 0x00, 0x21, 0x00, 0x41, 0x08,
    0x01, 0x00, 0x01, 0x00, 0x21, 0x00, 0x00, 0x00, 0x04, 0x21, 0x66, 0x31, 0x45, 0x29, 0x86, 0x31,
    0x20, 0x00, 0x00, 0x00, 0x01, 0x00, 0x01, 0x00, 0x21, 0x00, 0x21, 0x00, 0x21, 0x00, 0x21, 0x00,
    0x21, 0x00, 0x21, 0x00, 0x21, 0x00, 0x41, 0x08, 0x21, 0x00, 0x01, 0x00, 0x25, 0x29, 0xe8, 0x41,
    0x66, 0x31, 0x87, 0x39, 0xe4, 0x20, 0x46, 0x31, 0xc8, 0x41, 0xa3, 0x18, 0xe4, 0x20, 0xc7, 0x39,
    0xa7, 0x39, 0x42, 0x08, 0x00, 0x00, 0x04, 0x21, 0xe8, 0x41, 0xc8, 0x39, 0xc8, 0x39, 0xc8, 0x41,
    0xc8, 0x41, 0xe8, 0x41, 0xe8, 0x41, 0xc4, 0x18, 0x25, 0x29, 0x21, 0x08, 0x01, 0x00, 0x21, 0x00,
    0x00, 0x00, 0xa3, 0x10, 0x8a, 0x52, 0xc3, 0x18, 0x00, 0x00, 0x21, 0x00, 0x21, 0x00, 0x21, 0x00,
    0x21, 0x00, 0x21, 0x00, 0x00, 0x00, 0x25, 0x39, 0xe4, 0x30, 0x00, 0x00, 0x21, 0x00, 0x21, 0x00,
    0x21, 0x00, 0x21, 0x00, 0x00, 0x00, 0x42, 0x08, 0x6a, 0x52, 0x46, 0x29, 0x00, 0x00, 0x21, 0x00,
    0x01, 0x00, 0x21, 0x00, 0x01, 0x00, 0x45, 0x29, 0x45, 0x29, 0xe8, 0x41, 0xe8, 0x41, 0xe8, 0x41,
    0xe8, 0x41, 0xe8, 0x41, 0xe8, 0x41, 0x08, 0x42, 0x46, 0x29, 0x00, 0x00, 0xe4, 0x18, 0x08, 0x42,
    0xc8, 0x39, 0xc3, 0x18, 0x62, 0x10, 0xe8, 0x39, 0xe8, 0x41, 0x83, 0x10, 0x66, 0x31, 0x08, 0x42,
    0xa7, 0x39, 0x83, 0x10, 0x01, 0x00, 0x21, 0x08, 0x21, 0x08, 0x21, 0x00, 0x21, 0x00, 0x21, 0x00,
    0x21, 0x00, 0x21, 0x00, 0x21, 0x00, 0x01, 0x00, 0x00, 0x00, 0x21, 0x00, 0x62, 0x08, 0x62, 0x10,
    0x66, 0x31, 0x66, 0x31, 0xe8, 0x41, 0xe4, 0x20, 0x00, 0x00, 0x63, 0x10, 0x66, 0x29, 0x01, 0x00,
    0x21, 0x08, 0x21, 0x08, 0x20, 0x00, 0x21, 0x28, 0xc4, 0xa0, 0xc4, 0xb8, 0xa4, 0xb8, 0x84, 0xb8,
    0xa3, 0xb8, 0xa3, 0xb0, 0x83, 0xb0, 0xa4, 0xb8, 0xc4, 0x90, 0x20, 0x10, 0x00, 0x00, 0x00, 0x00,
    0x00, 0x00, 0x00, 0x00, 0x00, 0x00, 0x00, 0x00, 0x00, 0x00, 0x00, 0x00, 0x00, 0x00, 0x00, 0x00,
    0x00, 0x00, 0x00, 0x00, 0x00, 0x00, 0x00, 0x00, 0x00, 0x00, 0x00, 0x00, 0x00, 0x00, 0x00, 0x00,
    0x00, 0x00, 0x00, 0x00, 0x00, 0x00, 0x00, 0x00, 0x00, 0x00, 0x00, 0x00, 0x00, 0x00, 0x00, 0x00,
    0x00, 0x00, 0x00, 0x00, 0x00, 0x00, 0x00, 0x00, 0x00, 0x00, 0x00, 0x00, 0x00, 0x00, 0x00, 0x00,
    0x00, 0x00, 0x00, 0x00, 0x00, 0x00, 0x00, 0x00, 0x00, 0x00, 0x00, 0x00, 0x00, 0x00, 0x00, 0x00,
    0x00, 0x00, 0x00, 0x00, 0x00, 0x00, 0x00, 0x00, 0x00, 0x00, 0x00, 0x00, 0x00, 0x00, 0x00, 0x00,
    0x00, 0x00, 0x00, 0x00, 0x00, 0x00, 0x00, 0x08, 0xa3, 0x68, 0x83, 0xa0, 0x63, 0x98, 0xa3, 0x98,
    0xa3, 0x90, 0xa3, 0xa0, 0x83, 0xa8, 0xc4, 0xb8, 0xe5, 0xa0, 0x21, 0x28, 0x20, 0x00, 0x21, 0x00,
    0x01, 0x00, 0x21, 0x00, 0x21, 0x00, 0x21, 0x00, 0xa3, 0x10, 0x25, 0x29, 0x25, 0x21, 0xc3, 0x18,
    0x00, 0x00, 0x00, 0x00, 0x01, 0x00, 0xa3, 0x10, 0x21, 0x00, 0x21, 0x00, 0x21, 0x00, 0x21, 0x00,
    0x21, 0x00, 0x21, 0x00, 0x00, 0x00, 0xc3, 0x10, 0x82, 0x10, 0x00, 0x00, 0x21, 0x08, 0x46, 0x31,
    0xe8, 0x41, 0xa7, 0x39, 0xa7, 0x39, 0xe4, 0x20, 0x05, 0x29, 0xe8, 0x41, 0xa3, 0x18, 0xa3, 0x18,
    0x87, 0x31, 0x83, 0x10, 0x00, 0x00, 0xa3, 0x18, 0xe8, 0x39, 0xc8, 0x39, 0xc8, 0x39, 0xc8, 0x41,
    0xc8, 0x41, 0xc7, 0x39, 0xa7, 0x31, 0xc4, 0x18, 0x25, 0x29, 0x21, 0x08, 0x01, 0x00, 0x21, 0x00,
    0x00, 0x00, 0xc4, 0x18, 0x8a, 0x52, 0xa3, 0x18, 0x00, 0x00, 0x01, 0x00, 0x21, 0x00, 0x21, 0x00,
    0x21, 0x00, 0x21, 0x00, 0x00, 0x00, 0xa3, 0x60, 0xc4, 0x78, 0x00, 0x00, 0x21, 0x00, 0x21, 0x00,
    0x21, 0x00, 0x21, 0x00, 0x00, 0x00, 0x41, 0x08, 0x8b, 0x52, 0x87, 0x31, 0x00, 0x00, 0x21, 0x08,
    0x21, 0x00, 0x21, 0x08, 0x01, 0x00, 0x45, 0x29, 0x45, 0x29, 0xe8, 0x39, 0xe8, 0x39, 0xe8, 0x41,
    0xe8, 0x41, 0xe8, 0x41, 0xe8, 0x41, 0x08, 0x42, 0xc3, 0x18, 0x00, 0x00, 0x86, 0x31, 0xc8, 0x39,
    0x82, 0x10, 0xc3, 0x18, 0x09, 0x42, 0xa7, 0x39, 0x62, 0x10, 0x66, 0x31, 0x09, 0x42, 0xc7, 0x39,
    0x83, 0x10, 0x00, 0x00, 0x21, 0x00, 0xe4, 0x20, 0x41, 0x08, 0x01, 0x00, 0x21, 0x00, 0x21, 0x00,
    0x21, 0x00, 0x21, 0x00, 0x21, 0x00, 0x62, 0x10, 0x21, 0x00, 0x01, 0x00, 0x00, 0x00, 0x21, 0x08,
    0xe4, 0x18, 0x04, 0x21, 0x86, 0x31, 0xc3, 0x18, 0x00, 0x00, 0x42, 0x08, 0x83, 0x10, 0x01, 0x00,
    0x21, 0x08, 0x01, 0x00, 0x20, 0x10, 0xa4, 0x88, 0xc4, 0xb8, 0xa3, 0xb0, 0xa3, 0xb0, 0xa3, 0xb8,
    0xa4, 0xb8, 0xa3, 0xb8, 0x84, 0xb8, 0xc5, 0xb0, 0x41, 0x30, 0x00, 0x00, 0x00, 0x00, 0x00, 0x00,
    0x00, 0x00, 0x00, 0x00, 0x00, 0x00, 0x00, 0x00, 0x00, 0x00, 0x00, 0x00, 0x00, 0x00, 0x00, 0x00,
    0x00, 0x00, 0x00, 0x00, 0x00, 0x00, 0x00, 0x00, 0x00, 0x00, 0x00, 0x00, 0x00, 0x00, 0x00, 0x00,
    0x00, 0x00, 0x00, 0x00, 0x00, 0x00, 0x00, 0x00, 0x00, 0x00, 0x00, 0x00, 0x00, 0x00, 0x00, 0x00,
    0x00, 0x00, 0x00, 0x00, 0x00, 0x00, 0x00, 0x00, 0x00, 0x00, 0x00, 0x00, 0x00, 0x00, 0x00, 0x00,
    0x00, 0x00, 0x00, 0x00, 0x00, 0x00, 0x00, 0x00, 0x00, 0x00, 0x00, 0x00, 0x00, 0x00, 0x00, 0x00,
    0x00, 0x00, 0x00, 0x00, 0x00, 0x00, 0x00, 0x00, 0x00, 0x00, 0x00, 0x00, 0x00, 0x00, 0x00, 0x00,
    0x00, 0x00, 0x00, 0x00, 0x00, 0x00, 0x00, 0x00, 0x20, 0x18, 0xa4, 0x88, 0x83, 0x98, 0xa4, 0xa0,
    0xc4, 0xa8, 0xa4, 0xa8, 0xa3, 0xa8, 0xc4, 0xb0, 0xe4, 0xb8, 0xe4, 0x90, 0x21, 0x18, 0x21, 0x00,
    0x21, 0x08, 0x21, 0x00, 0x21, 0x00, 0x01, 0x00, 0x62, 0x08, 0xa3, 0x10, 0x21, 0x00, 0x00, 0x00,
    0x00, 0x00, 0x00, 0x00, 0xa3, 0x18, 0x45, 0x29, 0x41, 0x08, 0x01, 0x00, 0x21, 0x00, 0x21, 0x00,
    0x21, 0x00, 0x21, 0x00, 0x00, 0x00, 0xa3, 0x10, 0x25, 0x21, 0x00, 0x00, 0x00, 0x00, 0x62, 0x10,
    0x66, 0x31, 0xe8, 0x41, 0x08, 0x42, 0xe8, 0x41, 0x25, 0x29, 0x25, 0x29, 0x08, 0x42, 0x83, 0x10,
    0x05, 0x21, 0x25, 0x29, 0x00, 0x00, 0x82, 0x10, 0xc7, 0x39, 0xc8, 0x39, 0xc8, 0x41, 0xc8, 0x41,
    0xc8, 0x41, 0xa7, 0x39, 0x86, 0x31, 0xe4, 0x18, 0x25, 0x29, 0x21, 0x08, 0x01, 0x00, 0x21, 0x00,
    0x00, 0x00, 0xe4, 0x20, 0x08, 0x42, 0x82, 0x10, 0x00, 0x00, 0x21, 0x00, 0x21, 0x00, 0x21, 0x00,
    0x21, 0x00, 0x21, 0x00, 0x00, 0x00, 0xa4, 0x90, 0xc5, 0xb8, 0x00, 0x10, 0x01, 0x00, 0x21, 0x00,
    0x21, 0x00, 0x21, 0x00, 0x00, 0x00, 0x41, 0x08, 0xc7, 0x39, 0x05, 0x21, 0x00, 0x00, 0x21, 0x00,
    0x21, 0x00, 0x01, 0x00, 0x00, 0x00, 0x45, 0x29, 0x45, 0x29, 0xe8, 0x41, 0xc8, 0x39, 0xe8, 0x41,
    0xe8, 0x41, 0xe8, 0x41, 0xe8, 0x41, 0xc8, 0x39, 0x21, 0x08, 0x62, 0x08, 0xe8, 0x41, 0xc3, 0x18,
    0x25, 0x21, 0x49, 0x4a, 0x86, 0x31, 0x62, 0x10, 0x87, 0x31, 0x09, 0x42, 0x09, 0x42, 0xe4, 0x20,
    0x00, 0x00, 0x00, 0x00, 0x24, 0x21, 0x86, 0x31, 0x00, 0x00, 0x21, 0x00, 0x21, 0x00, 0x21, 0x00,
    0x21, 0x00, 0x21, 0x00, 0x00, 0x00, 0xe3, 0x18, 0xc3, 0x18, 0x21, 0x00, 0x21, 0x00, 0x21, 0x00,
    0x21, 0x00, 0x41, 0x08, 0xe4, 0x20, 0x41, 0x08, 0x01, 0x00, 0x01, 0x00, 0x01, 0x00, 0x21, 0x08,
    0x21, 0x00, 0x20, 0x08, 0xa3, 0x68, 0xc4, 0xb8, 0xa3, 0xb8, 0xa4, 0xb8, 0x84, 0xb8, 0x84, 0xb8,
    0x84, 0xb8, 0x83, 0xb0, 0xc5, 0xb8, 0x83, 0x58, 0x00, 0x00, 0x00, 0x00, 0x00, 0x00, 0x00, 0x00,
    0x00, 0x00, 0x00, 0x00, 0x00, 0x00, 0x00, 0x00, 0x00, 0x00, 0x00, 0x00, 0x00, 0x00, 0x00, 0x00,
    0x00, 0x00, 0x00, 0x00, 0x00, 0x00, 0x00, 0x00, 0x00, 0x00, 0x00, 0x00, 0x00, 0x00, 0x00, 0x00,
    0x00, 0x00, 0x00, 0x00, 0x00, 0x00, 0x00, 0x00, 0x00, 0x00, 0x00, 0x00, 0x00, 0x00, 0x00, 0x00,
    0x00, 0x00, 0x00, 0x00, 0x00, 0x00, 0x00, 0x00, 0x00, 0x00, 0x00, 0x00, 0x00, 0x00, 0x00, 0x00,
    0x00, 0x00, 0x00, 0x00, 0x00, 0x00, 0x00, 0x00, 0x00, 0x00, 0x00, 0x00, 0x00, 0x00, 0x00, 0x00,
    0x00, 0x00, 0x00, 0x00, 0x00, 0x00, 0x00, 0x00, 0x00, 0x00, 0x00, 0x00, 0x00, 0x00, 0x00, 0x00,
    0x00, 0x00, 0x00, 0x00, 0x00, 0x00, 0x00, 0x00, 0x00, 0x00, 0x41, 0x30, 0xc4, 0x90, 0xa4, 0xa8,
    0xa4, 0xa8, 0xa4, 0xb0, 0xa4, 0xb8, 0xa4, 0xb0, 0xa3, 0xb8, 0xe5, 0xb8, 0xc4, 0x70, 0x00, 0x08,
    0x21, 0x00, 0x21, 0x00, 0x21, 0x00, 0x21, 0x00, 0x21, 0x00, 0x00, 0x00, 0x21, 0x00, 0x20, 0x00,
    0x41, 0x08, 0xc3, 0x20, 0x25, 0x29, 0x25, 0x29, 0x61, 0x08, 0x00, 0x00, 0x21, 0x00, 0x21, 0x00,
    0x21, 0x00, 0x21, 0x00, 0x00, 0x00, 0x62, 0x08, 0x45, 0x29, 0xe4, 0x20, 0x41, 0x08, 0x00, 0x00,
    0x82, 0x10, 0x66, 0x31, 0xe8, 0x41, 0x09, 0x4a, 0x46, 0x31, 0x21, 0x08, 0x66, 0x31, 0x86, 0x31,
    0x66, 0x29, 0xa7, 0x39, 0x20, 0x00, 0x41, 0x08, 0x87, 0x31, 0xc8, 0x39, 0xc8, 0x39, 0xc8, 0x41,
    0xc8, 0x41, 0xa7, 0x39, 0x86, 0x31, 0xe4, 0x18, 0x25, 0x29, 0x41, 0x08, 0x01, 0x00, 0x01, 0x00,
    0x01, 0x00, 0x21, 0x00, 0x21, 0x00, 0x21, 0x00, 0x21, 0x00, 0x21, 0x00, 0x21, 0x00, 0x21, 0x00,
    0x21, 0x00, 0x20, 0x00, 0x21, 0x28, 0xa4, 0xc8, 0xa4, 0xe0, 0x42, 0x50, 0x00, 0x00, 0x21, 0x00,
    0x21, 0x00, 0x21, 0x00, 0x21, 0x00, 0x21, 0x00, 0x01, 0x00, 0x00, 0x00, 0x01, 0x00, 0x21, 0x00,
    0x21, 0x00, 0x01, 0x00, 0x00, 0x00, 0x45, 0x29, 0x45, 0x29, 0xe8, 0x41, 0xc8, 0x39, 0xe8, 0x41,
    0xe8, 0x41, 0xc8, 0x41, 0xe8, 0x41, 0x46, 0x29, 0x00, 0x00, 0xe4, 0x18, 0x87, 0x31, 0xe4, 0x20,
    0x49, 0x4a, 0x46, 0x29, 0x21, 0x08, 0x87, 0x31, 0xe8, 0x41, 0xe8, 0x39, 0x86, 0x31, 0x21, 0x00,
    0x00, 0x00, 0x04, 0x21, 0x08, 0x42, 0x66, 0x29, 0x00, 0x00, 0x21, 0x00, 0x21, 0x00, 0x21, 0x00,
    0x21, 0x00, 0x21, 0x00, 0x00, 0x00, 0xc3, 0x18, 0x45, 0x29, 0xe4, 0x18, 0x21, 0x00, 0x00, 0x00,
    0x01, 0x00, 0x00, 0x00, 0x01, 0x00, 0x21, 0x00, 0x01, 0x00, 0x01, 0x00, 0x01, 0x00, 0x21, 0x00,
    0x00, 0x00, 0x83, 0x60, 0xc4, 0xb0, 0x83, 0xb0, 0xa3, 0xb8, 0xa3, 0xb8, 0xa4, 0xb8, 0xa3, 0xb8,
    0x83, 0xa8, 0x83, 0x98, 0xa4, 0x68, 0x00, 0x00, 0x00, 0x00, 0x00, 0x00, 0x00, 0x00, 0x00, 0x00,
    0x00, 0x00, 0x00, 0x00, 0x00, 0x00, 0x00, 0x00, 0x00, 0x00, 0x00, 0x00, 0x00, 0x00, 0x00, 0x00,
    0x00, 0x00, 0x00, 0x00, 0x00, 0x00, 0x00, 0x00, 0x00, 0x00, 0x00, 0x00, 0x00, 0x00, 0x00, 0x00,
    0x00, 0x00, 0x00, 0x00, 0x00, 0x00, 0x00, 0x00, 0x00, 0x00, 0x00, 0x00, 0x00, 0x00, 0x00, 0x00,
    0x00, 0x00, 0x00, 0x00, 0x00, 0x00, 0x00, 0x00, 0x00, 0x00, 0x00, 0x00, 0x00, 0x00, 0x00, 0x00,
    0x00, 0x00, 0x00, 0x00, 0x00, 0x00, 0x00, 0x00, 0x00, 0x00, 0x00, 0x00, 0x00, 0x00, 0x00, 0x00,
    0x00, 0x00, 0x00, 0x00, 0x00, 0x00, 0x00, 0x00, 0x00, 0x00, 0x00, 0x00, 0x00, 0x00, 0x00, 0x00,
    0x00, 0x00, 0x00, 0x00, 0x00, 0x00, 0x00, 0x00, 0x00, 0x00, 0x00, 0x00, 0x83, 0x58, 0xe5, 0xb0,
    0x84, 0xb8, 0xa4, 0xb8, 0xa3, 0xb8, 0xa4, 0xb8, 0xa4, 0xc0, 0xc4, 0xa8, 0xe4, 0x98, 0xc4, 0x60,
    0x00, 0x00, 0x21, 0x00, 0x21, 0x00, 0x21, 0x00, 0x21, 0x00, 0x21, 0x00, 0x21, 0x00, 0x00, 0x00,
    0xc3, 0x20, 0x25, 0x29, 0x04, 0x29, 0x25, 0x29, 0x62, 0x10, 0x00, 0x00, 0x21, 0x00, 0x21, 0x00,
    0x21, 0x00, 0x21, 0x00, 0x01, 0x00, 0x41, 0x08, 0x25, 0x21, 0x86, 0x31, 0xa6, 0x31, 0x41, 0x08,
    0x00, 0x00, 0x83, 0x18, 0x66, 0x31, 0xe8, 0x41, 0xa3, 0x18, 0x00, 0x00, 0x82, 0x10, 0xa7, 0x39,
    0x25, 0x29, 0xc7, 0x39, 0x41, 0x08, 0x00, 0x00, 0x46, 0x29, 0xe8, 0x39, 0xc8, 0x39, 0xc8, 0x41,
    0xc8, 0x41, 0xa7, 0x39, 0x66, 0x31, 0xc4, 0x18, 0x25, 0x29, 0x41, 0x08, 0x01, 0x00, 0x01, 0x00,
    0x01, 0x00, 0x21, 0x00, 0x21, 0x00, 0x21, 0x00, 0x21, 0x00, 0x21, 0x00, 0x21, 0x00, 0x21, 0x00,
    0x21, 0x00, 0x20, 0x00, 0x83, 0x78, 0x84, 0xe0, 0x83, 0xe8, 0xa4, 0xa0, 0x01, 0x08, 0x21, 0x00,
    0x21, 0x00, 0x21, 0x00, 0x21, 0x00, 0x21, 0x00, 0x21, 0x00, 0x21, 0x00, 0x21, 0x00, 0x21, 0x00,
    0x21, 0x00, 0x01, 0x00, 0x00, 0x00, 0x25, 0x29, 0x25, 0x29, 0xe8, 0x41, 0xc8, 0x39, 0xe8, 0x41,
    0xe8, 0x41, 0xc8, 0x41, 0xe8, 0x41, 0xc3, 0x18, 0x00, 0x00, 0x45, 0x29, 0x45, 0x29, 0x66, 0x29,
    0xe8, 0x39, 0x00, 0x00, 0x21, 0x08, 0xc7, 0x39, 0xc8, 0x39, 0xe8, 0x39, 0x82, 0x10, 0x00, 0x00,
    0x24, 0x29, 0xe8, 0x41, 0xe8, 0x41, 0x46, 0x29, 0x01, 0x00, 0x21, 0x00, 0x21, 0x00, 0x21, 0x00,
    0x21, 0x00, 0x21, 0x00, 0x01, 0x00, 0xe4, 0x20, 0x25, 0x29, 0x25, 0x29, 0x04, 0x21, 0x41, 0x08,
    0x21, 0x00, 0x01, 0x00, 0x01, 0x00, 0x21, 0x00, 0x01, 0x00, 0x01, 0x00, 0x01, 0x00, 0x00, 0x00,
    0x82, 0x48, 0xc4, 0xa8, 0xa3, 0xb0, 0xa4, 0xb0, 0xa4, 0xb8, 0xa4, 0xb8, 0xc4, 0xb8, 0xc4, 0xc0,
    0xe5, 0xb8, 0xa3, 0x68, 0x00, 0x08, 0x00, 0x00, 0x00, 0x00, 0x00, 0x00, 0x00, 0x00, 0x00, 0x00,
    0x00, 0x00, 0x00, 0x00, 0x00, 0x00, 0x00, 0x00, 0x00, 0x00, 0x00, 0x00, 0x00, 0x00, 0x00, 0x00,
    0x00, 0x00, 0x00, 0x00, 0x00, 0x00, 0x00, 0x00, 0x00, 0x00, 0x00, 0x00, 0x00, 0x00, 0x00, 0x00,
    0x00, 0x00, 0x00, 0x00, 0x00, 0x00, 0x00, 0x00, 0x00, 0x00, 0x00, 0x00, 0x00, 0x00, 0x00, 0x00,
    0x00, 0x00, 0x00, 0x00, 0x00, 0x00, 0x00, 0x00, 0x00, 0x00, 0x00, 0x00, 0x00, 0x00, 0x00, 0x00,
    0x00, 0x00, 0x00, 0x00, 0x00, 0x00, 0x00, 0x00, 0x00, 0x00, 0x00, 0x00, 0x00, 0x00, 0x00, 0x00,
    0x00, 0x00, 0x00, 0x00, 0x00, 0x00, 0x00, 0x00, 0x00, 0x00, 0x00, 0x00, 0x00, 0x00, 0x00, 0x00,
    0x00, 0x00, 0x00, 0x00, 0x00, 0x00, 0x00, 0x00, 0x00, 0x00, 0x00, 0x00, 0x00, 0x08, 0xa3, 0x68,
    0xc4, 0xb0, 0xc4, 0xa8, 0xc4, 0xb8, 0xa4, 0xb8, 0xa4, 0xa8, 0x82, 0x78, 0xa4, 0x90, 0xc4, 0x88,
    0xa3, 0x58, 0x00, 0x08, 0x01, 0x00, 0x21, 0x00, 0x01, 0x00, 0x01, 0x00, 0x01, 0x00, 0x00, 0x00,
    0xc3, 0x20, 0x04, 0x29, 0x04, 0x29, 0x25, 0x29, 0xa3, 0x18, 0x00, 0x00, 0x21, 0x00, 0x21, 0x00,
    0x21, 0x00, 0x21, 0x00, 0x21, 0x00, 0x21, 0x00, 0x04, 0x21, 0x04, 0x21, 0xe8, 0x41, 0x86, 0x31,
    0x21, 0x08, 0x01, 0x00, 0xa3, 0x18, 0xa7, 0x39, 0xa3, 0x18, 0x00, 0x00, 0x21, 0x08, 0xa7, 0x31,
    0x45, 0x29, 0xc7, 0x39, 0xa3, 0x18, 0x00, 0x00, 0xe4, 0x20, 0xe8, 0x41, 0xc8, 0x39, 0xc8, 0x41,
    0xc8, 0x41, 0xa7, 0x39, 0x66, 0x29, 0xc4, 0x18, 0x25, 0x29, 0x41, 0x08, 0x01, 0x00, 0x21, 0x00,
    0x21, 0x00, 0x20, 0x00, 0x00, 0x00, 0x21, 0x00, 0x21, 0x00, 0x21, 0x00, 0x21, 0x00, 0x21, 0x00,
    0x01, 0x00, 0x21, 0x28, 0xa5, 0xc8, 0x64, 0xe0, 0x63, 0xe0, 0xa4, 0xd8, 0x42, 0x48, 0x00, 0x00,
    0x21, 0x08, 0x21, 0x00, 0x21, 0x00, 0x21, 0x08, 0x21, 0x00, 0x00, 0x00, 0x21, 0x00, 0x21, 0x00,
    0x21, 0x00, 0x01, 0x00, 0x01, 0x00, 0x25, 0x29, 0x25, 0x29, 0xc8, 0x39, 0xc8, 0x39, 0xc8, 0x41,
    0xc8, 0x41, 0xe8, 0x41, 0xa7, 0x39, 0x41, 0x08, 0x01, 0x00, 0x86, 0x31, 0x25, 0x21, 0xc8, 0x39,
    0x04, 0x21, 0x00, 0x00, 0x21, 0x00, 0x66, 0x31, 0xe8, 0x41, 0xe4, 0x18, 0x00, 0x00, 0x25, 0x29,
    0xe8, 0x41, 0xe8, 0x39, 0xc8, 0x39, 0x45, 0x29, 0x01, 0x00, 0x21, 0x00, 0x21, 0x00, 0x21, 0x00,
    0x21, 0x00, 0x21, 0x00, 0x21, 0x00, 0xe4, 0x20, 0x25, 0x29, 0x25, 0x29, 0x66, 0x31, 0xc3, 0x18,
    0x00, 0x00, 0x21, 0x00, 0x21, 0x00, 0x01, 0x00, 0x01, 0x00, 0x01, 0x00, 0x00, 0x00, 0x62, 0x48,
    0xe4, 0xa8, 0xa3, 0xb0, 0xa3, 0xb0, 0x83, 0xb0, 0x83, 0xb8, 0x63, 0x90, 0x42, 0x60, 0xa3, 0x70,
    0xc4, 0x68, 0x41, 0x20, 0x00, 0x00, 0x00, 0x00, 0x00, 0x00, 0x00, 0x00, 0x00, 0x00, 0x00, 0x00,
    0x00, 0x00, 0x00, 0x00, 0x00, 0x00, 0x00, 0x00, 0x00, 0x00, 0x00, 0x00, 0x00, 0x00, 0x00, 0x00,
    0x00, 0x00, 0x00, 0x00, 0x00, 0x00, 0x00, 0x00, 0x00, 0x00, 0x00, 0x00, 0x00, 0x00, 0x00, 0x00,
    0x00, 0x00, 0x00, 0x00, 0x00, 0x00, 0x00, 0x00, 0x00, 0x00, 0x00, 0x00, 0x00, 0x00, 0x00, 0x00,
    0x00, 0x00, 0x00, 0x00, 0x00, 0x00, 0x00, 0x00, 0x00, 0x00, 0x00, 0x00, 0x00, 0x00, 0x00, 0x00,
    0x00, 0x00, 0x00, 0x00, 0x00, 0x00, 0x00, 0x00, 0x00, 0x00, 0x00, 0x00, 0x00, 0x00, 0x00, 0x00,
    0x00, 0x00, 0x00, 0x00, 0x00, 0x00, 0x00, 0x00, 0x00, 0x00, 0x00, 0x00, 0x00, 0x00, 0x00, 0x00,
    0x00, 0x00, 0x00, 0x00, 0x00, 0x00, 0x00, 0x00, 0x00, 0x00, 0x00, 0x00, 0x00, 0x00, 0x00, 0x00,
    0x41, 0x30, 0x63, 0x50, 0x63, 0x70, 0xa3, 0x98, 0xa2, 0x80, 0xc3, 0x90, 0xc4, 0xa8, 0xa3, 0xa8,
    0xe4, 0xa8, 0xa4, 0x78, 0x21, 0x10, 0x21, 0x00, 0x01, 0x08, 0x01, 0x00, 0x01, 0x00, 0x00, 0x00,
    0xa2, 0x10, 0x25, 0x29, 0x04, 0x21, 0x04, 0x29, 0xc3, 0x18, 0x00, 0x00, 0x21, 0x00, 0x21, 0x00,
    0x21, 0x00, 0x21, 0x00, 0x21, 0x00, 0x00, 0x00, 0x25, 0x29, 0x66, 0x29, 0xc3, 0x18, 0xc7, 0x39,
    0x46, 0x29, 0x21, 0x08, 0x01, 0x00, 0xe4, 0x20, 0xe4, 0x20, 0x01, 0x00, 0x00, 0x00, 0x04, 0x21,
    0x86, 0x31, 0x87, 0x31, 0x25, 0x29, 0x00, 0x00, 0xa3, 0x10, 0xc8, 0x39, 0xc8, 0x39, 0xc8, 0x41,
    0xc8, 0x41, 0xa7, 0x39, 0x66, 0x29, 0xe4, 0x18, 0x25, 0x29, 0x41, 0x08, 0x01, 0x00, 0x21, 0x00,
    0x00, 0x00, 0x62, 0x18, 0xa3, 0x30, 0x21, 0x18, 0x00, 0x00, 0x00, 0x00, 0x00, 0x00, 0x00, 0x00,
    0x00, 0x00, 0x83, 0x88, 0x84, 0xe0, 0x64, 0xe0, 0x63, 0xe0, 0x63, 0xe0, 0x84, 0xc0, 0x21, 0x20,
    0x00, 0x00, 0x20, 0x00, 0x20, 0x00, 0x00, 0x00, 0x00, 0x08, 0x82, 0x28, 0x82, 0x20, 0x21, 0x00,
    0x21, 0x00, 0x01, 0x00, 0x01, 0x00, 0x25, 0x29, 0x25, 0x29, 0xc8, 0x39, 0xc7, 0x39, 0xc7, 0x39,
    0xc7, 0x39, 0xe8, 0x41, 0x45, 0x29, 0x00, 0x00, 0x62, 0x08, 0xa7, 0x31, 0x25, 0x21, 0xe8, 0x41,
    0x62, 0x10, 0x00, 0x00, 0x41, 0x08, 0xa7, 0x39, 0x05, 0x21, 0x00, 0x00, 0x25, 0x29, 0x08, 0x42,
    0xe7, 0x39, 0x04, 0x21, 0x86, 0x31, 0x45, 0x29, 0x00, 0x00, 0x21, 0x00, 0x21, 0x00, 0x21, 0x00,
    0x21, 0x00, 0x21, 0x00, 0x21, 0x00, 0xc4, 0x18, 0xe4, 0x20, 0xe4, 0x20, 0x25, 0x29, 0x82, 0x18,
    0x00, 0x00, 0x21, 0x00, 0x21, 0x00, 0x01, 0x00, 0x21, 0x00, 0x00, 0x00, 0x61, 0x40, 0xe4, 0xa8,
    0xa3, 0xb8, 0xa3, 0xb0, 0xa3, 0xb8, 0x83, 0xb0, 0xa4, 0xb8, 0xa3, 0x80, 0xe3, 0x50, 0x41, 0x18,
    0x00, 0x00, 0x00, 0x00, 0x00, 0x00, 0x00, 0x00, 0x00, 0x00, 0x00, 0x00, 0x00, 0x00, 0x00, 0x00,
    0x00, 0x00, 0x00, 0x00, 0x00, 0x00, 0x00, 0x00, 0x00, 0x00, 0x00, 0x00, 0x00, 0x00, 0x00, 0x00,
    0x00, 0x00, 0x00, 0x00, 0x00, 0x00, 0x00, 0x00, 0x00, 0x00, 0x00, 0x00, 0x00, 0x00, 0x00, 0x00,
    0x00, 0x00, 0x00, 0x00, 0x00, 0x00, 0x00, 0x00, 0x00, 0x00, 0x00, 0x00, 0x00, 0x00, 0x00, 0x00,
    0x00, 0x00, 0x00, 0x00, 0x00, 0x00, 0x00, 0x00, 0x00, 0x00, 0x00, 0x00, 0x00, 0x00, 0x00, 0x00,
    0x00, 0x00, 0x00, 0x00, 0x00, 0x00, 0x00, 0x00, 0x00, 0x00, 0x00, 0x00, 0x00, 0x00, 0x00, 0x00,
    0x00, 0x00, 0x00, 0x00, 0x00, 0x00, 0x00, 0x00, 0x00, 0x00, 0x00, 0x00, 0x00, 0x00, 0x00, 0x00,
    0x00, 0x00, 0x00, 0x00, 0x00, 0x00, 0x00, 0x00, 0x00, 0x00, 0x00, 0x00, 0x00, 0x00, 0x00, 0x00,
    0x00, 0x00, 0xc5, 0x48, 0xc4, 0x70, 0xc4, 0x98, 0xc4, 0xa8, 0xc4, 0xb0, 0xc4, 0xb0, 0xc4, 0xb0,
    0xa3, 0xa8, 0xc5, 0xb8, 0xa4, 0x68, 0x00, 0x00, 0x01, 0x00, 0x21, 0x00, 0x01, 0x00, 0x00, 0x00,
    0xe3, 0x18, 0x45, 0x29, 0x25, 0x29, 0x29, 0x4a, 0x66, 0x31, 0x00, 0x00, 0x21, 0x00, 0x21, 0x00,
    0x21, 0x00, 0x21, 0x00, 0x21, 0x00, 0x01, 0x00, 0xc4, 0x18, 0x08, 0x42, 0x45, 0x29, 0xa3, 0x18,
    0xc7, 0x39, 0x25, 0x29, 0x20, 0x00, 0x21, 0x00, 0xc3, 0x18, 0x42, 0x08, 0x00, 0x00, 0x62, 0x10,
    0xa7, 0x39, 0x46, 0x31, 0x66, 0x31, 0x01, 0x00, 0x62, 0x08, 0xa7, 0x39, 0xc7, 0x39, 0xc7, 0x39,
    0xc8, 0x41, 0xa7, 0x39, 0x66, 0x29, 0xe4, 0x18, 0x25, 0x29, 0x41, 0x08, 0x01, 0x00, 0x21, 0x00,
    0x21, 0x00, 0x20, 0x08, 0xa3, 0x40, 0xe6, 0x90, 0x83, 0x80, 0x42, 0x60, 0x42, 0x48, 0x41, 0x38,
    0x62, 0x80, 0x84, 0xd8, 0x64, 0xe0, 0x64, 0xb8, 0x63, 0xb8, 0x63, 0xe0, 0x64, 0xe0, 0x84, 0xa0,
    0x41, 0x40, 0x61, 0x40, 0x62, 0x58, 0x83, 0x80, 0x26, 0x91, 0xe5, 0x60, 0x21, 0x10, 0x21, 0x00,
    0x21, 0x00, 0x01, 0x00, 0x01, 0x00, 0x25, 0x29, 0x25, 0x29, 0xc7, 0x39, 0xc7, 0x39, 0xc7, 0x39,
    0xc7, 0x39, 0xe8, 0x41, 0xc3, 0x18, 0x00, 0x00, 0xa3, 0x10, 0xa7, 0x31, 0x66, 0x29, 0xa6, 0x31,
    0x00, 0x00, 0x00, 0x00, 0x04, 0x19, 0x45, 0x29, 0x00, 0x00, 0x04, 0x21, 0x08, 0x42, 0xc7, 0x39,
    0xe4, 0x20, 0x45, 0x29, 0x08, 0x42, 0xe4, 0x20, 0x00, 0x00, 0x21, 0x00, 0x21, 0x00, 0x21, 0x00,
    0x21, 0x00, 0x01, 0x00, 0x41, 0x08, 0xe8, 0x39, 0x69, 0x4a, 0x29, 0x4a, 0xc3, 0x18, 0xa3, 0x18,
    0x21, 0x00, 0x01, 0x00, 0x21, 0x00, 0x21, 0x00, 0x00, 0x00, 0x61, 0x38, 0xc4, 0x98, 0xa3, 0xb0,
    0xa4, 0xb0, 0x83, 0xb8, 0x83, 0xb0, 0x83, 0xb0, 0x83, 0xb0, 0xa3, 0x80, 0x61, 0x28, 0x00, 0x00,
    0x00, 0x00, 0x00, 0x00, 0x00, 0x00, 0x00, 0x00, 0x00, 0x00, 0x00, 0x00, 0x00, 0x00, 0x00, 0x00,
    0x00, 0x00, 0x00, 0x00, 0x00, 0x00, 0x00, 0x00, 0x00, 0x00, 0x00, 0x00, 0x00, 0x00, 0x00, 0x00,
    0x00, 0x00, 0x00, 0x00, 0x00, 0x00, 0x00, 0x00, 0x00, 0x00, 0x00, 0x00, 0x00, 0x00, 0x00, 0x00,
    0x00, 0x00, 0x00, 0x00, 0x00, 0x00, 0x00, 0x00, 0x00, 0x00, 0x00, 0x00, 0x00, 0x00, 0x00, 0x00,
    0x00, 0x00, 0x00, 0x00, 0x00, 0x00, 0x00, 0x00, 0x00, 0x00, 0x00, 0x00, 0x00, 0x00, 0x00, 0x00,
    0x00, 0x00, 0x00, 0x00, 0x00, 0x00, 0x00, 0x00, 0x00, 0x00, 0x00, 0x00, 0x00, 0x00, 0x00, 0x00,
    0x00, 0x00, 0x00, 0x00, 0x00, 0x00, 0x00, 0x00, 0x00, 0x00, 0x00, 0x00, 0x00, 0x00, 0x00, 0x00,
    0x00, 0x00, 0x00, 0x00, 0x00, 0x00, 0x00, 0x00, 0x00, 0x00, 0x00, 0x00, 0x00, 0x00, 0x00, 0x00,
    0x00, 0x00, 0x00, 0x08, 0xa3, 0x48, 0xa4, 0x90, 0x82, 0x88, 0x82, 0x88, 0x83, 0x88, 0x82, 0x70,
    0x82, 0x78, 0x82, 0x80, 0x83, 0x78, 0xc4, 0x68, 0x20, 0x10, 0x00, 0x00, 0x21, 0x08, 0x00, 0x00,
    0x41, 0x08, 0xe4, 0x20, 0x04, 0x21, 0x45, 0x29, 0x45, 0x29, 0x21, 0x08, 0x01, 0x00, 0x21, 0x00,
    0x21, 0x00, 0x21, 0x00, 0x21, 0x00, 0x01, 0x00, 0x62, 0x10, 0x86, 0x31, 0x09, 0x42, 0x66, 0x31,
    0xa3, 0x18, 0xc7, 0x39, 0xe3, 0x18, 0x00, 0x00, 0x41, 0x00, 0x41, 0x08, 0x21, 0x00, 0x21, 0x00,
    0x86, 0x31, 0x66, 0x31, 0xa7, 0x39, 0x62, 0x08, 0x01, 0x00, 0x66, 0x31, 0xe8, 0x41, 0xc7, 0x39,
    0xc8, 0x41, 0x87, 0x31, 0x66, 0x29, 0xc4, 0x18, 0x25, 0x29, 0x41, 0x08, 0x01, 0x00, 0x01, 0x00,
    0x01, 0x00, 0x20, 0x00, 0x00, 0x00, 0x41, 0x48, 0xa5, 0xc8, 0x84, 0xd8, 0x84, 0xd0, 0x84, 0xd8,
    0x64, 0xe0, 0x43, 0xe0, 0x64, 0xd8, 0x21, 0x50, 0x41, 0x58, 0x84, 0xe0, 0x43, 0xe0, 0x64, 0xe0,
    0x84, 0xd8, 0x84, 0xd0, 0x84, 0xe0, 0xe5, 0xd0, 0xa3, 0x60, 0x00, 0x08, 0x00, 0x00, 0x21, 0x00,
    0x01, 0x00, 0x01, 0x00, 0x01, 0x00, 0x25, 0x29, 0x25, 0x29, 0xc7, 0x39, 0xc7, 0x39, 0xc7, 0x39,
    0xc7, 0x39, 0xa7, 0x39, 0x42, 0x08, 0x00, 0x00, 0x05, 0x21, 0x86, 0x31, 0xa6, 0x31, 0x04, 0x21,
    0x00, 0x00, 0x62, 0x08, 0x05, 0x21, 0x01, 0x00, 0x04, 0x21, 0x08, 0x42, 0x87, 0x31, 0xc3, 0x18,
    0x87, 0x31, 0x09, 0x42, 0xc8, 0x39, 0x83, 0x10, 0x01, 0x00, 0x21, 0x00, 0x21, 0x00, 0x21, 0x00,
    0x21, 0x00, 0x00, 0x00, 0xa3, 0x18, 0xcb, 0x5a, 0x6a, 0x4a, 0xe8, 0x41, 0x82, 0x10, 0x21, 0x00,
    0x21, 0x00, 0x21, 0x00, 0x21, 0x00, 0x00, 0x00, 0x62, 0x40, 0xc4, 0x98, 0xa4, 0xa8, 0xc4, 0xa8,
    0xa3, 0x90, 0xa4, 0xb8, 0xa3, 0xb0, 0xa3, 0xb0, 0xa3, 0xc0, 0xa4, 0x80, 0x00, 0x00, 0x00, 0x00,
    0x00, 0x00, 0x00, 0x00, 0x00, 0x00, 0x00, 0x00, 0x00, 0x00, 0x00, 0x00, 0x00, 0x00, 0x00, 0x00,
    0x00, 0x00, 0x00, 0x00, 0x00, 0x00, 0x00, 0x00, 0x00, 0x00, 0x00, 0x00, 0x00, 0x00, 0x00, 0x00,
    0x00, 0x00, 0x00, 0x00, 0x00, 0x00, 0x00, 0x00, 0x00, 0x00, 0x00, 0x00, 0x00, 0x00, 0x00, 0x00,
    0x00, 0x00, 0x00, 0x00, 0x00, 0x00, 0x00, 0x00, 0x00, 0x00, 0x00, 0x00, 0x00, 0x00, 0x00, 0x00,
    0x00, 0x00, 0x00, 0x00, 0x00, 0x00, 0x00, 0x00, 0x00, 0x00, 0x00, 0x00, 0x00, 0x00, 0x00, 0x00,
    0x00, 0x00, 0x00, 0x00, 0x00, 0x00, 0x00, 0x00, 0x00, 0x00, 0x00, 0x00, 0x00, 0x00, 0x00, 0x00,
    0x00, 0x00, 0x00, 0x00, 0x00, 0x00, 0x00, 0x00, 0x00, 0x00, 0x00, 0x00, 0x00, 0x00, 0x00, 0x00,
    0x00, 0x00, 0x00, 0x00, 0x00, 0x00, 0x00, 0x00, 0x00, 0x00, 0x00, 0x00, 0x00, 0x00, 0x00, 0x00,
    0x00, 0x00, 0x00, 0x00, 0x20, 0x10, 0xe4, 0x88, 0xc4, 0xb0, 0xa4, 0xb0, 0xa4, 0x98, 0xa3, 0x80,
    0xc4, 0xb0, 0xe4, 0xa8, 0xc4, 0xb0, 0xe5, 0xb8, 0xc4, 0x88, 0x41, 0x28, 0x20, 0x00, 0x21, 0x00,
    0x42, 0x08, 0x04, 0x21, 0x04, 0x21, 0x04, 0x29, 0x25, 0x29, 0x42, 0x08, 0x01, 0x00, 0x21, 0x00,
    0x21, 0x00, 0x21, 0x00, 0x21, 0x00, 0x01, 0x00, 0x42, 0x08, 0xc3, 0x18, 0x66, 0x31, 0x4a, 0x4a,
    0x46, 0x29, 0x82, 0x10, 0x45, 0x29, 0xa3, 0x10, 0x00, 0x00, 0x21, 0x00, 0x21, 0x00, 0x00, 0x00,
    0xe4, 0x20, 0x86, 0x31, 0xa7, 0x31, 0xc4, 0x18, 0x00, 0x00, 0xe4, 0x20, 0xc8, 0x41, 0xa7, 0x39,
    0xc7, 0x39, 0xa7, 0x31, 0x46, 0x29, 0xc3, 0x18, 0x25, 0x29, 0x41, 0x08, 0x01, 0x00, 0x01, 0x00,
    0x01, 0x00, 0x01, 0x00, 0x21, 0x08, 0x00, 0x00, 0x41, 0x48, 0x63, 0xd0, 0x43, 0xd8, 0x43, 0xd8,
    0x43, 0xe0, 0x43, 0xe0, 0xa5, 0xe0, 0x42, 0x40, 0x62, 0x50, 0xc5, 0xe8, 0x64, 0xe8, 0x43, 0xe0,
    0x43, 0xe0, 0x43, 0xd8, 0x64, 0xd0, 0x63, 0x68, 0x00, 0x00, 0x21, 0x00, 0x01, 0x00, 0x01, 0x00,
    0x01, 0x00, 0x01, 0x00, 0x00, 0x00, 0x25, 0x29, 0x25, 0x29, 0xc7, 0x39, 0xc7, 0x39, 0xa7, 0x39,
    0xc8, 0x41, 0x25, 0x21, 0x01, 0x00, 0x01, 0x00, 0x66, 0x29, 0x65, 0x29, 0xa7, 0x39, 0x62, 0x10,
    0x00, 0x00, 0x62, 0x08, 0x21, 0x00, 0xc3, 0x18, 0x08, 0x42, 0x87, 0x31, 0xa3, 0x10, 0xa7, 0x39,
    0x49, 0x4a, 0x09, 0x42, 0x66, 0x31, 0x62, 0x10, 0x01, 0x00, 0x21, 0x00, 0x21, 0x00, 0x21, 0x00,
    0x21, 0x00, 0x00, 0x00, 0x82, 0x10, 0xe4, 0x20, 0xc3, 0x18, 0xe4, 0x20, 0xe4, 0x18, 0x21, 0x00,
    0x01, 0x00, 0x01, 0x00, 0x00, 0x08, 0xa2, 0x58, 0xe4, 0xa8, 0xa3, 0x98, 0x82, 0x78, 0xc4, 0xa0,
    0x62, 0x80, 0xc4, 0xb0, 0xa4, 0xb8, 0x83, 0xb0, 0xc4, 0xa8, 0x42, 0x38, 0x00, 0x00, 0x00, 0x00,
    0x00, 0x00, 0x00, 0x00, 0x00, 0x00, 0x00, 0x00, 0x00, 0x00, 0x00, 0x00, 0x00, 0x00, 0x00, 0x00,
    0x00, 0x00, 0x00, 0x00, 0x00, 0x00, 0x00, 0x00, 0x00, 0x00, 0x00, 0x00, 0x00, 0x00, 0x00, 0x00,
    0x00, 0x00, 0x00, 0x00, 0x00, 0x00, 0x00, 0x00, 0x00, 0x00, 0x00, 0x00, 0x00, 0x00, 0x00, 0x00,
    0x00, 0x00, 0x00, 0x00, 0x00, 0x00, 0x00, 0x00, 0x00, 0x00, 0x00, 0x00, 0x00, 0x00, 0x00, 0x00,
    0x00, 0x00, 0x00, 0x00, 0x00, 0x00, 0x00, 0x00, 0x00, 0x00, 0x00, 0x00, 0x00, 0x00, 0x00, 0x00,
    0x00, 0x00, 0x00, 0x00, 0x00, 0x00, 0x00, 0x00, 0x00, 0x00, 0x00, 0x00, 0x00, 0x00, 0x00, 0x00,
    0x00, 0x00, 0x00, 0x00, 0x00, 0x00, 0x00, 0x00, 0x00, 0x00, 0x00, 0x00, 0x00, 0x00, 0x00, 0x00,
    0x00, 0x00, 0x00, 0x00, 0x00, 0x00, 0x00, 0x00, 0x00, 0x00, 0x00, 0x00, 0x00, 0x00, 0x00, 0x00,
    0x00, 0x00, 0x00, 0x00, 0x00, 0x00, 0x41, 0x28, 0xc5, 0x98, 0xa4, 0xb8, 0xa3, 0x90, 0xc4, 0x98,
    0xc4, 0xb8, 0xa4, 0xb0, 0xa4, 0xb8, 0xa3, 0xb8, 0xa4, 0xc0, 0xc4, 0x98, 0x41, 0x38, 0x20, 0x00,
    0x21, 0x00, 0xa3, 0x18, 0xe4, 0x20, 0x05, 0x29, 0x25, 0x29, 0x62, 0x10, 0x00, 0x00, 0x21, 0x00,
    0x21, 0x00, 0x21, 0x00, 0x21, 0x00, 0x01, 0x00, 0x62, 0x08, 0xa3, 0x18, 0x82, 0x10, 0x66, 0x31,
    0x4a, 0x4a, 0xe4, 0x20, 0x82, 0x10, 0x08, 0x42, 0x62, 0x08, 0x00, 0x00, 0x21, 0x00, 0x01, 0x00,
    0x82, 0x10, 0x87, 0x31, 0x66, 0x31, 0x25, 0x29, 0x00, 0x00, 0x62, 0x10, 0xc7, 0x39, 0xa7, 0x39,
    0xa7, 0x39, 0x87, 0x31, 0x45, 0x29, 0xc3, 0x18, 0x05, 0x21, 0x41, 0x08, 0x01, 0x00, 0x21, 0x00,
    0x01, 0x00, 0x01, 0x00, 0x21, 0x08, 0x21, 0x00, 0x20, 0x20, 0x64, 0xc0, 0x43, 0xd8, 0x43, 0xd8,
    0x64, 0xe0, 0xa5, 0xc0, 0x62, 0x78, 0x20, 0x18, 0x42, 0x28, 0x83, 0x70, 0xa3, 0xb0, 0x84, 0xe0,
    0x43, 0xe0, 0x43, 0xe0, 0x84, 0xd0, 0x21, 0x40, 0x01, 0x00, 0x21, 0x08, 0x01, 0x00, 0x01, 0x08,
    0x01, 0x08, 0x01, 0x00, 0x00, 0x00, 0x25, 0x29, 0x05, 0x21, 0xc7, 0x39, 0xa7, 0x39, 0xc7, 0x39,
    0xa7, 0x39, 0x83, 0x10, 0x00, 0x00, 0x41, 0x08, 0xa7, 0x31, 0x66, 0x29, 0x66, 0x31, 0x00, 0x00,
    0x21, 0x00, 0x00, 0x00, 0xe4, 0x20, 0x08, 0x42, 0x65, 0x29, 0x61, 0x08, 0xa7, 0x31, 0x4a, 0x4a,
    0x29, 0x4a, 0x66, 0x31, 0xa3, 0x10, 0x41, 0x08, 0x01, 0x00, 0x21, 0x00, 0x21, 0x00, 0x21, 0x00,
    0x21, 0x00, 0x00, 0x00, 0xa3, 0x18, 0x25, 0x29, 0x04, 0x21, 0x25, 0x29, 0xe4, 0x20, 0x01, 0x08,
    0x01, 0x00, 0x20, 0x10, 0xa3, 0x68, 0xe5, 0xb8, 0xa4, 0xb8, 0xc3, 0xa8, 0xa2, 0x80, 0xc4, 0xa0,
    0x62, 0x68, 0xa3, 0xa0, 0x83, 0xb0, 0xc5, 0xb0, 0x63, 0x58, 0x00, 0x00, 0x00, 0x00, 0x00, 0x00,
    0x00, 0x00, 0x00, 0x00, 0x00, 0x00, 0x00, 0x00, 0x00, 0x00, 0x00, 0x00, 0x00, 0x00, 0x00, 0x00,
    0x00, 0x00, 0x00, 0x00, 0x00, 0x00, 0x00, 0x00, 0x00, 0x00, 0x00, 0x00, 0x00, 0x00, 0x00, 0x00,
    0x00, 0x00, 0x00, 0x00, 0x00, 0x00, 0x00, 0x00, 0x00, 0x00, 0x00, 0x00, 0x00, 0x00, 0x00, 0x00,
    0x00, 0x00, 0x00, 0x00, 0x00, 0x00, 0x00, 0x00, 0x00, 0x00, 0x00, 0x00, 0x00, 0x00, 0x00, 0x00,
    0x00, 0x00, 0x00, 0x00, 0x00, 0x00, 0x00, 0x00, 0x00, 0x00, 0x00, 0x00, 0x00, 0x00, 0x00, 0x00,
    0x00, 0x00, 0x00, 0x00, 0x00, 0x00, 0x00, 0x00, 0x00, 0x00, 0x00, 0x00, 0x00, 0x00, 0x00, 0x00,
    0x00, 0x00, 0x00, 0x00, 0x00, 0x00, 0x00, 0x00, 0x00, 0x00, 0x00, 0x00, 0x00, 0x00, 0x00, 0x00,
    0x00, 0x00, 0x00, 0x00, 0x00, 0x00, 0x00, 0x00, 0x00, 0x00, 0x00, 0x00, 0x00, 0x00, 0x00, 0x00,
    0x00, 0x00, 0x00, 0x00, 0x00, 0x00, 0x00, 0x00, 0x41, 0x30, 0x05, 0x99, 0xa3, 0x80, 0xa4, 0x88,
    0xa4, 0xb0, 0x83, 0xa8, 0xa4, 0xb8, 0xa3, 0xb8, 0xa4, 0xb8, 0xa4, 0xc0, 0xc5, 0xa8, 0x62, 0x50,
    0x00, 0x00, 0x62, 0x08, 0xe4, 0x20, 0x04, 0x29, 0x25, 0x29, 0x62, 0x10, 0x00, 0x00, 0x01, 0x00,
    0x21, 0x00, 0x21, 0x00, 0x21, 0x00, 0x01, 0x00, 0x62, 0x10, 0x66, 0x31, 0x21, 0x00, 0xc3, 0x18,
    0x66, 0x31, 0x29, 0x42, 0x82, 0x10, 0x66, 0x31, 0xa7, 0x39, 0xa3, 0x18, 0x21, 0x08, 0x01, 0x00,
    0x41, 0x08, 0x86, 0x31, 0x46, 0x29, 0x66, 0x31, 0x01, 0x00, 0x01, 0x00, 0x46, 0x29, 0xa7, 0x39,
    0xa7, 0x39, 0x86, 0x31, 0x66, 0x29, 0xc3, 0x18, 0x04, 0x21, 0x41, 0x08, 0x00, 0x00, 0x00, 0x00,
    0x01, 0x00, 0x01, 0x00, 0x01, 0x00, 0x00, 0x00, 0x62, 0x60, 0x65, 0xd8, 0x43, 0xd8, 0x84, 0xd8,
    0x84, 0xa0, 0x01, 0x30, 0x41, 0x28, 0x41, 0x18, 0x20, 0x10, 0x41, 0x20, 0x00, 0x10, 0x83, 0x70,
    0xa4, 0xd0, 0x43, 0xe0, 0x63, 0xe0, 0x63, 0x88, 0x00, 0x00, 0x21, 0x00, 0x01, 0x00, 0x21, 0x00,
    0x00, 0x00, 0x20, 0x00, 0x01, 0x00, 0x25, 0x29, 0x05, 0x21, 0xc7, 0x39, 0xc7, 0x39, 0xc8, 0x39,
    0x66, 0x31, 0x21, 0x00, 0x00, 0x00, 0xa3, 0x10, 0x87, 0x31, 0x66, 0x31, 0x04, 0x21, 0x00, 0x00,
    0x21, 0x00, 0xe4, 0x18, 0x08, 0x42, 0x86, 0x31, 0x00, 0x00, 0x25, 0x29, 0x29, 0x4a, 0xa7, 0x39,
    0x86, 0x31, 0x42, 0x08, 0x04, 0x21, 0x42, 0x08, 0x01, 0x00, 0x21, 0x00, 0x21, 0x00, 0x21, 0x00,
    0x21, 0x00, 0x01, 0x00, 0xc3, 0x18, 0x25, 0x29, 0x04, 0x29, 0xe4, 0x20, 0x62, 0x10, 0x00, 0x00,
    0x41, 0x18, 0xc3, 0x80, 0xe4, 0xb8, 0xc4, 0xb8, 0xa4, 0xb8, 0xa4, 0xb8, 0xa3, 0x98, 0xc4, 0x80,
    0x62, 0x58, 0xc4, 0xa0, 0xe4, 0xb8, 0xa3, 0x68, 0x00, 0x00, 0x00, 0x00, 0x00, 0x00, 0x00, 0x00,
    0x00, 0x00, 0x00, 0x00, 0x00, 0x00, 0x00, 0x00, 0x00, 0x00, 0x00, 0x00, 0x00, 0x00, 0x00, 0x00,
    0x00, 0x00, 0x00, 0x00, 0x00, 0x00, 0x00, 0x00, 0x00, 0x00, 0x00, 0x00, 0x00, 0x00, 0x00, 0x00,
    0x00, 0x00, 0x00, 0x00, 0x00, 0x00, 0x00, 0x00, 0x00, 0x00, 0x00, 0x00, 0x00, 0x00, 0x00, 0x00,
    0x00, 0x00, 0x00, 0x00, 0x00, 0x00, 0x00, 0x00, 0x00, 0x00, 0x00, 0x00, 0x00, 0x00, 0x00, 0x00,
    0x00, 0x00, 0x00, 0x00, 0x00, 0x00, 0x00, 0x00, 0x00, 0x00, 0x00, 0x00, 0x00, 0x00, 0x00, 0x00,
    0x00, 0x00, 0x00, 0x00, 0x00, 0x00, 0x00, 0x00, 0x00, 0x00, 0x00, 0x00, 0x00, 0x00, 0x00, 0x00,
    0x00, 0x00, 0x00, 0x00, 0x00, 0x00, 0x00, 0x00, 0x00, 0x00, 0x00, 0x00, 0x00, 0x00, 0x00, 0x00,
    0x00, 0x00, 0x00, 0x00, 0x00, 0x00, 0x00, 0x00, 0x00, 0x00, 0x00, 0x00, 0x00, 0x00, 0x00, 0x00,
    0x00, 0x00, 0x00, 0x00, 0x00, 0x00, 0x00, 0x00, 0x00, 0x00, 0x62, 0x30, 0xc4, 0x60, 0xa3, 0x88,
    0xc4, 0xb8, 0xa3, 0xb0, 0xa4, 0xb8, 0xa3, 0xb8, 0xa4, 0xb8, 0xa4, 0xb8, 0xa4, 0xc0, 0xe5, 0xb0,
    0xa3, 0x68, 0x20, 0x10, 0x21, 0x00, 0xa3, 0x18, 0x25, 0x29, 0x62, 0x10, 0x00, 0x00, 0x01, 0x00,
    0x21, 0x00, 0x21, 0x00, 0x21, 0x00, 0x01, 0x00, 0x42, 0x08, 0xe8, 0x41, 0x62, 0x10, 0x21, 0x00,
    0x41, 0x08, 0x86, 0x31, 0x45, 0x29, 0x00, 0x00, 0x86, 0x31, 0xe8, 0x41, 0xa3, 0x18, 0x00, 0x00,
    0x00, 0x00, 0x45, 0x29, 0x66, 0x31, 0x86, 0x31, 0x42, 0x08, 0x00, 0x00, 0xa3, 0x18, 0xa7, 0x39,
    0xa7, 0x39, 0x66, 0x31, 0x46, 0x29, 0xc3, 0x18, 0x05, 0x21, 0x21, 0x08, 0x41, 0x10, 0x83, 0x38,
    0x20, 0x18, 0x20, 0x10, 0x20, 0x10, 0x41, 0x40, 0x84, 0xc0, 0x63, 0xe0, 0x84, 0xe0, 0x83, 0x90,
    0x00, 0x18, 0x62, 0x58, 0x06, 0xc9, 0x62, 0x40, 0x41, 0x30, 0x05, 0xc1, 0x63, 0x70, 0x00, 0x10,
    0x63, 0x68, 0x84, 0xd8, 0x43, 0xe0, 0x84, 0xc8, 0x61, 0x58, 0x41, 0x28, 0x21, 0x18, 0x20, 0x10,
    0x62, 0x28, 0x62, 0x20, 0x21, 0x00, 0x25, 0x29, 0x05, 0x21, 0xc7, 0x39, 0xa7, 0x39, 0xc8, 0x39,
    0xe4, 0x20, 0x21, 0x00, 0x00, 0x00, 0xe4, 0x18, 0x86, 0x31, 0x86, 0x31, 0x83, 0x10, 0x00, 0x00,
    0xe4, 0x18, 0xe8, 0x41, 0xa7, 0x39, 0x62, 0x08, 0x21, 0x08, 0xe8, 0x41, 0xc4, 0x18, 0x21, 0x08,
    0x01, 0x00, 0xa3, 0x10, 0x05, 0x21, 0x01, 0x00, 0x21, 0x00, 0x21, 0x00, 0x21, 0x00, 0x21, 0x00,
    0x21, 0x00, 0x01, 0x00, 0xc3, 0x18, 0x25, 0x29, 0xc3, 0x18, 0x41, 0x08, 0x00, 0x00, 0x61, 0x38,
    0xe5, 0x98, 0xc4, 0xb8, 0xa3, 0xb0, 0xa4, 0xb8, 0xa4, 0xb8, 0xa4, 0xb8, 0xa3, 0xa0, 0x61, 0x48,
    0xe4, 0x68, 0x26, 0xa9, 0xa3, 0x68, 0x00, 0x10, 0x00, 0x00, 0x00, 0x00, 0x00, 0x00, 0x00, 0x00,
    0x00, 0x00, 0x00, 0x00, 0x00, 0x00, 0x00, 0x00, 0x00, 0x00, 0x00, 0x00, 0x00, 0x00, 0x00, 0x00,
    0x00, 0x00, 0x00, 0x00, 0x00, 0x00, 0x00, 0x00, 0x00, 0x00, 0x00, 0x00, 0x00, 0x00, 0x00, 0x00,
    0x00, 0x00, 0x00, 0x00, 0x00, 0x00, 0x00, 0x00, 0x00, 0x00, 0x00, 0x00, 0x00, 0x00, 0x00, 0x00,
    0x00, 0x00, 0x00, 0x00, 0x00, 0x00, 0x00, 0x00, 0x00, 0x00, 0x00, 0x00, 0x00, 0x00, 0x00, 0x00,
    0x00, 0x00, 0x00, 0x00, 0x00, 0x00, 0x00, 0x00, 0x00, 0x00, 0x00, 0x00, 0x00, 0x00, 0x00, 0x00,
    0x00, 0x00, 0x00, 0x00, 0x00, 0x00, 0x00, 0x00, 0x00, 0x00, 0x00, 0x00, 0x00, 0x00, 0x00, 0x00,
    0x00, 0x00, 0x00, 0x00, 0x00, 0x00, 0x00, 0x00, 0x00, 0x00, 0x00, 0x00, 0x00, 0x00, 0x00, 0x00,
    0x00, 0x00, 0x00, 0x00, 0x00, 0x00, 0x00, 0x00, 0x00, 0x00, 0x00, 0x00, 0x00, 0x00, 0x00, 0x00,
    0x00, 0x00, 0x00, 0x00, 0x00, 0x00, 0x00, 0x00, 0x00, 0x00, 0x00, 0x00, 0x41, 0x18, 0x05, 0x89,
    0xa3, 0xa8, 0xa3, 0xa8, 0xa4, 0xb8, 0x83, 0xb8, 0xa4, 0xb8, 0xa4, 0xb8, 0xa4, 0xb8, 0xa3, 0xb8,
    0xc4, 0xb8, 0xe5, 0x88, 0x42, 0x30, 0x00, 0x00, 0xa3, 0x10, 0x62, 0x10, 0x00, 0x00, 0x21, 0x00,
    0x21, 0x00, 0x21, 0x00, 0x21, 0x00, 0x00, 0x00, 0x62, 0x10, 0xc7, 0x39, 0x25, 0x29, 0x62, 0x08,
    0x00, 0x00, 0x61, 0x08, 0xa7, 0x39, 0x21, 0x08, 0xe4, 0x20, 0xc8, 0x39, 0x86, 0x31, 0x20, 0x00,
    0x00, 0x00, 0xc3, 0x18, 0x87, 0x31, 0x86, 0x31, 0x83, 0x10, 0x00, 0x00, 0x21, 0x00, 0x45, 0x29,
    0xc7, 0x39, 0x66, 0x31, 0x45, 0x29, 0xa3, 0x18, 0x04, 0x21, 0x41, 0x08, 0x21, 0x08, 0xc4, 0x50,
    0xe5, 0xa8, 0xc3, 0x80, 0xc4, 0x68, 0xc5, 0xb0, 0xa5, 0xe0, 0x83, 0xe0, 0xa4, 0xc0, 0x21, 0x28,
    0x62, 0x50, 0xc5, 0xd8, 0xa4, 0xe0, 0x41, 0x38, 0x41, 0x30, 0xa5, 0xe0, 0xa4, 0xe0, 0x83, 0x70,
    0x00, 0x10, 0x84, 0xa8, 0x84, 0xe8, 0x84, 0xe0, 0xa5, 0xc0, 0xa4, 0x88, 0xa4, 0x88, 0xc4, 0xa0,
    0xa4, 0x58, 0x21, 0x18, 0x21, 0x08, 0x45, 0x29, 0x05, 0x21, 0xa7, 0x39, 0xa7, 0x39, 0xa7, 0x39,
    0x62, 0x10, 0x21, 0x00, 0x01, 0x00, 0x45, 0x29, 0x66, 0x31, 0x66, 0x29, 0x21, 0x00, 0x21, 0x08,
    0xa7, 0x31, 0xc8, 0x39, 0x25, 0x21, 0x00, 0x00, 0x25, 0x21, 0x25, 0x21, 0x00, 0x00, 0x00, 0x00,
    0x82, 0x10, 0x04, 0x21, 0x21, 0x08, 0x01, 0x00, 0x21, 0x00, 0x21, 0x00, 0x21, 0x00, 0x21, 0x00,
    0x21, 0x00, 0x21, 0x00, 0xe4, 0x18, 0xa3, 0x18, 0x21, 0x00, 0x00, 0x08, 0x82, 0x50, 0xe4, 0xa8,
    0xc4, 0xc0, 0xa4, 0xb8, 0xa4, 0xb8, 0xa3, 0xb8, 0x83, 0xb0, 0xa4, 0xb8, 0xa4, 0xa0, 0x82, 0x38,
    0xc4, 0x48, 0x41, 0x28, 0x00, 0x00, 0x00, 0x00, 0x00, 0x00, 0x00, 0x00, 0x00, 0x00, 0x00, 0x00,
    0x00, 0x00, 0x00, 0x00, 0x00, 0x00, 0x00, 0x00, 0x00, 0x00, 0x00, 0x00, 0x00, 0x00, 0x00, 0x00,
    0x00, 0x00, 0x00, 0x00, 0x00, 0x00, 0x00, 0x00, 0x00, 0x00, 0x00, 0x00, 0x00, 0x00, 0x00, 0x00,
    0x00, 0x00, 0x00, 0x00, 0x00, 0x00, 0x00, 0x00, 0x00, 0x00, 0x00, 0x00, 0x00, 0x00, 0x00, 0x00,
    0x00, 0x00, 0x00, 0x00, 0x00, 0x00, 0x00, 0x00, 0x00, 0x00, 0x00, 0x00, 0x00, 0x00, 0x00, 0x00,
    0x00, 0x00, 0x00, 0x00, 0x00, 0x00, 0x00, 0x00, 0x00, 0x00, 0x00, 0x00, 0x00, 0x00, 0x00, 0x00,
    0x00, 0x00, 0x00, 0x00, 0x00, 0x00, 0x00, 0x00, 0x00, 0x00, 0x00, 0x00, 0x00, 0x00, 0x00, 0x00,
    0x00, 0x00, 0x00, 0x00, 0x00, 0x00, 0x00, 0x00, 0x00, 0x00, 0x00, 0x00, 0x00, 0x00, 0x00, 0x00,
    0x00, 0x00, 0x00, 0x00, 0x00, 0x00, 0x00, 0x00, 0x00, 0x00, 0x00, 0x00, 0x00, 0x00, 0x00, 0x00,
    0x00, 0x00, 0x00, 0x00, 0x00, 0x00, 0x00, 0x00, 0x00, 0x00, 0x00, 0x00, 0x00, 0x00, 0x61, 0x28,
    0xe4, 0x70, 0xc4, 0x80, 0xc5, 0xa8, 0xa4, 0xb8, 0xa4, 0xb8, 0xa4, 0xc0, 0xa4, 0xc0, 0xa3, 0xb8,
    0xa3, 0xb8, 0xc4, 0xc0, 0x05, 0xa9, 0xa3, 0x50, 0x21, 0x08, 0x21, 0x00, 0x21, 0x00, 0x21, 0x00,
    0x21, 0x00, 0x21, 0x00, 0x21, 0x00, 0x01, 0x00, 0x41, 0x08, 0x04, 0x21, 0xa2, 0x18, 0x45, 0x29,
    0x04, 0x21, 0x62, 0x10, 0x66, 0x29, 0xa3, 0x18, 0x21, 0x08, 0x86, 0x31, 0xe8, 0x41, 0xe4, 0x20,
    0x00, 0x00, 0x41, 0x08, 0x87, 0x31, 0x66, 0x31, 0xe4, 0x20, 0x00, 0x00, 0x00, 0x00, 0x82, 0x10,
    0xa7, 0x39, 0x66, 0x31, 0x45, 0x29, 0xa3, 0x18, 0x04, 0x21, 0x41, 0x08, 0x01, 0x00, 0x00, 0x00,
    0x42, 0x60, 0x84, 0xb8, 0x42, 0x78, 0x21, 0x48, 0x62, 0x60, 0xa4, 0xa8, 0xa4, 0x78, 0x00, 0x10,
    0xa4, 0xb0, 0x64, 0xe0, 0xa4, 0xd8, 0x41, 0x38, 0x21, 0x38, 0xa5, 0xd8, 0x63, 0xe0, 0xa4, 0xc0,
    0x21, 0x20, 0x62, 0x50, 0xc5, 0xa0, 0x42, 0x68, 0x41, 0x48, 0x62, 0x78, 0xa5, 0xb8, 0x63, 0x70,
    0x00, 0x08, 0x21, 0x00, 0x01, 0x00, 0x25, 0x29, 0x04, 0x21, 0xa7, 0x31, 0xc7, 0x39, 0x45, 0x29,
    0x01, 0x00, 0x21, 0x00, 0x21, 0x08, 0x86, 0x31, 0x46, 0x29, 0x05, 0x21, 0x00, 0x00, 0xc3, 0x18,
    0xc7, 0x39, 0xc7, 0x39, 0x62, 0x10, 0x21, 0x00, 0x25, 0x29, 0x21, 0x00, 0x21, 0x08, 0xe4, 0x20,
    0x86, 0x31, 0x42, 0x08, 0x00, 0x00, 0x21, 0x00, 0x21, 0x00, 0x21, 0x00, 0x21, 0x00, 0x21, 0x00,
    0x21, 0x00, 0x21, 0x00, 0x42, 0x08, 0x00, 0x00, 0x21, 0x20, 0xa3, 0x80, 0xe5, 0xb8, 0xa3, 0xb8,
    0xa3, 0xb0, 0xa4, 0xb8, 0xa3, 0xb8, 0xa4, 0xb8, 0xa4, 0xb8, 0xa4, 0xb0, 0xc4, 0x90, 0x41, 0x20,
    0x20, 0x08, 0x00, 0x00, 0x00, 0x00, 0x00, 0x00, 0x00, 0x00, 0x00, 0x00, 0x00, 0x00, 0x00, 0x00,
    0x00, 0x00, 0x00, 0x00, 0x00, 0x00, 0x00, 0x00, 0x00, 0x00, 0x00, 0x00, 0x00, 0x00, 0x00, 0x00,
    0x00, 0x00, 0x00, 0x00, 0x00, 0x00, 0x00, 0x00, 0x00, 0x00, 0x00, 0x00, 0x00, 0x00, 0x00, 0x00,
    0x00, 0x00, 0x00, 0x00, 0x00, 0x00, 0x00, 0x00, 0x00, 0x00, 0x00, 0x00, 0x00, 0x00, 0x00, 0x00,
    0x00, 0x00, 0x00, 0x00, 0x00, 0x00, 0x00, 0x00, 0x00, 0x00, 0x00, 0x00, 0x00, 0x00, 0x00, 0x00,
    0x00, 0x00, 0x00, 0x00, 0x00, 0x00, 0x00, 0x00, 0x00, 0x00, 0x00, 0x00, 0x00, 0x00, 0x00, 0x00,
    0x00, 0x00, 0x00, 0x00, 0x00, 0x00, 0x00, 0x00, 0x00, 0x00, 0x00, 0x00, 0x00, 0x00, 0x00, 0x00,
    0x00, 0x00, 0x00, 0x00, 0x00, 0x00, 0x00, 0x00, 0x00, 0x00, 0x00, 0x00, 0x00, 0x00, 0x00, 0x00,
    0x00, 0x00, 0x00, 0x00, 0x00, 0x00, 0x00, 0x00, 0x00, 0x00, 0x00, 0x00, 0x00, 0x00, 0x00, 0x00,
    0x00, 0x00, 0x00, 0x00, 0x00, 0x00, 0x00, 0x00, 0x00, 0x00, 0x00, 0x00, 0x00, 0x00, 0x00, 0x00,
    0x42, 0x20, 0xa3, 0x40, 0x62, 0x38, 0x83, 0x68, 0x84, 0xa0, 0xa4, 0xb8, 0xa4, 0xb8, 0xa4, 0xb8,
    0xa4, 0xb8, 0xa4, 0xb8, 0xc4, 0xb8, 0xe4, 0xb8, 0xc4, 0x78, 0x41, 0x20, 0x00, 0x00, 0x21, 0x00,
    0x21, 0x08, 0x21, 0x00, 0x01, 0x00, 0x21, 0x00, 0x01, 0x00, 0xa3, 0x10, 0x21, 0x00, 0x21, 0x08,
    0xa3, 0x18, 0xe4, 0x20, 0x66, 0x29, 0xc3, 0x18, 0x00, 0x00, 0x82, 0x10, 0xc7, 0x39, 0x66, 0x31,
    0x00, 0x00, 0x00, 0x00, 0x46, 0x29, 0x66, 0x31, 0x25, 0x29, 0x00, 0x00, 0x01, 0x00, 0x01, 0x00,
    0x25, 0x29, 0x66, 0x31, 0x45, 0x29, 0xa3, 0x18, 0x04, 0x21, 0x41, 0x08, 0x01, 0x00, 0x21, 0x08,
    0x00, 0x00, 0x42, 0x68, 0x84, 0xd0, 0x43, 0xa0, 0x42, 0x50, 0x20, 0x30, 0x21, 0x18, 0x41, 0x28,
    0xa4, 0xc8, 0x44, 0xe0, 0xa4, 0xd8, 0x41, 0x38, 0x21, 0x38, 0x84, 0xd8, 0x43, 0xd8, 0x84, 0xd0,
    0x42, 0x48, 0x00, 0x08, 0x20, 0x30, 0x62, 0x60, 0x84, 0xa8, 0xa5, 0xd0, 0x63, 0x78, 0x00, 0x08,
    0x21, 0x00, 0x21, 0x00, 0x01, 0x00, 0x25, 0x29, 0xe4, 0x20, 0x86, 0x31, 0xc7, 0x39, 0xc3, 0x18,
    0x00, 0x00, 0x01, 0x00, 0x62, 0x10, 0x86, 0x31, 0x46, 0x29, 0xa3, 0x10, 0x00, 0x00, 0x25, 0x29,
    0xe8, 0x41, 0xc4, 0x18, 0x00, 0x00, 0x62, 0x10, 0x46, 0x29, 0xc3, 0x18, 0x25, 0x21, 0x05, 0x21,
    0x62, 0x08, 0x01, 0x00, 0x21, 0x00, 0x21, 0x00, 0x21, 0x00, 0x21, 0x00, 0x21, 0x00, 0x01, 0x00,
    0x21, 0x00, 0x01, 0x00, 0x00, 0x00, 0x62, 0x40, 0xc3, 0xa0, 0xc4, 0xb8, 0xa4, 0xb8, 0xa4, 0xb8,
    0xa4, 0xb8, 0xa4, 0xb8, 0xa3, 0xb8, 0xa4, 0xb8, 0x83, 0xb0, 0xa4, 0xc0, 0x83, 0x68, 0x00, 0x00,
    0x00, 0x00, 0x00, 0x00, 0x00, 0x00, 0x00, 0x00, 0x00, 0x00, 0x00, 0x00, 0x00, 0x00, 0x00, 0x00,
    0x00, 0x00, 0x00, 0x00, 0x00, 0x00, 0x00, 0x00, 0x00, 0x00, 0x00, 0x00, 0x00, 0x00, 0x00, 0x00,
    0x00, 0x00, 0x00, 0x00, 0x00, 0x00, 0x00, 0x00, 0x00, 0x00, 0x00, 0x00, 0x00, 0x00, 0x00, 0x00,
    0x00, 0x00, 0x00, 0x00, 0x00, 0x00, 0x00, 0x00, 0x00, 0x00, 0x00, 0x00, 0x00, 0x00, 0x00, 0x00,
    0x00, 0x00, 0x00, 0x00, 0x00, 0x00, 0x00, 0x00, 0x00, 0x00, 0x00, 0x00, 0x00, 0x00, 0x00, 0x00,
    0x00, 0x00, 0x00, 0x00, 0x00, 0x00, 0x00, 0x00, 0x00, 0x00, 0x00, 0x00, 0x00, 0x00, 0x00, 0x00,
    0x00, 0x00, 0x00, 0x00, 0x00, 0x00, 0x00, 0x00, 0x00, 0x00, 0x00, 0x00, 0x00, 0x00, 0x00, 0x00,
    0x00, 0x00, 0x00, 0x00, 0x00, 0x00, 0x00, 0x00, 0x00, 0x00, 0x00, 0x00, 0x00, 0x00, 0x00, 0x00,
    0x00, 0x00, 0x00, 0x00, 0x00, 0x00, 0x00, 0x00, 0x00, 0x00, 0x00, 0x00, 0x00, 0x00, 0x00, 0x00,
    0x00, 0x00, 0x00, 0x00, 0x00, 0x00, 0x00, 0x00, 0x00, 0x00, 0x00, 0x00, 0x00, 0x00, 0x00, 0x00,
    0x00, 0x00, 0x00, 0x00, 0x00, 0x00, 0x21, 0x10, 0xc4, 0x80, 0xa3, 0x90, 0xc4, 0xb0, 0xa4, 0xb8,
    0xa4, 0xb8, 0xa4, 0xb8, 0xa4, 0xb8, 0xa4, 0xb8, 0xc4, 0xc0, 0xe5, 0xa8, 0x82, 0x48, 0x00, 0x08,
    0x01, 0x00, 0x21, 0x00, 0x01, 0x00, 0x21, 0x00, 0x01, 0x00, 0x82, 0x10, 0x62, 0x10, 0x01, 0x00,
    0x00, 0x00, 0x21, 0x00, 0x21, 0x00, 0x21, 0x00, 0x21, 0x00, 0x00, 0x00, 0xa3, 0x18, 0xc7, 0x39,
    0x62, 0x10, 0x00, 0x00, 0xe4, 0x18, 0x86, 0x31, 0x45, 0x29, 0x21, 0x08, 0x21, 0x00, 0x00, 0x00,
    0x82, 0x10, 0x66, 0x31, 0x25, 0x29, 0xa3, 0x18, 0x04, 0x21, 0x41, 0x08, 0x01, 0x00, 0x21, 0x00,
    0x21, 0x00, 0x20, 0x10, 0x63, 0xa8, 0x23, 0xe8, 0x63, 0xd8, 0xa4, 0xb8, 0x62, 0x50, 0x41, 0x20,
    0xc4, 0xc0, 0x44, 0xe0, 0x84, 0xd8, 0x41, 0x38, 0x41, 0x38, 0x84, 0xd8, 0x43, 0xd8, 0x84, 0xd8,
    0x41, 0x40, 0x41, 0x40, 0xa4, 0xb8, 0x64, 0xd8, 0x44, 0xe8, 0x83, 0xa8, 0x20, 0x18, 0x20, 0x00,
    0x21, 0x00, 0x21, 0x00, 0x01, 0x00, 0x25, 0x21, 0xc3, 0x18, 0xa7, 0x39, 0x66, 0x31, 0x41, 0x08,
    0x21, 0x00, 0x00, 0x00, 0xa3, 0x18, 0x87, 0x31, 0x45, 0x29, 0x21, 0x08, 0x21, 0x08, 0xa7, 0x39,
    0x04, 0x21, 0x01, 0x00, 0x01, 0x00, 0x21, 0x08, 0x62, 0x10, 0x62, 0x10, 0x21, 0x08, 0x00, 0x00,
    0x01, 0x00, 0x21, 0x08, 0x82, 0x10, 0x21, 0x00, 0x21, 0x00, 0x01, 0x00, 0x01, 0x00, 0x21, 0x00,
    0x20, 0x00, 0x20, 0x20, 0x83, 0x68, 0xc4, 0xb0, 0xc4, 0xb8, 0xa4, 0xb0, 0xa4, 0xb8, 0xa4, 0xb8,
    0xa3, 0xb8, 0xa4, 0xb8, 0xa4, 0xb8, 0x83, 0xb0, 0xa4, 0xb8, 0xc4, 0x88, 0x20, 0x10, 0x00, 0x00,
    0x00, 0x00, 0x00, 0x00, 0x00, 0x00, 0x00, 0x00, 0x00, 0x00, 0x00, 0x00, 0x00, 0x00, 0x00, 0x00,
    0x00, 0x00, 0x00, 0x00, 0x00, 0x00, 0x00, 0x00, 0x00, 0x00, 0x00, 0x00, 0x00, 0x00, 0x00, 0x00,
    0x00, 0x00, 0x00, 0x00, 0x00, 0x00, 0x00, 0x00, 0x00, 0x00, 0x00, 0x00, 0x00, 0x00, 0x00, 0x00,
    0x00, 0x00, 0x00, 0x00, 0x00, 0x00, 0x00, 0x00, 0x00, 0x00, 0x00, 0x00, 0x00, 0x00, 0x00, 0x00,
    0x00, 0x00, 0x00, 0x00, 0x00, 0x00, 0x00, 0x00, 0x00, 0x00, 0x00, 0x00, 0x00, 0x00, 0x00, 0x00,
    0x00, 0x00, 0x00, 0x00, 0x00, 0x00, 0x00, 0x00, 0x00, 0x00, 0x00, 0x00, 0x00, 0x00, 0x00, 0x00,
    0x00, 0x00, 0x00, 0x00, 0x00, 0x00, 0x00, 0x00, 0x00, 0x00, 0x00, 0x00, 0x00, 0x00, 0x00, 0x00,
    0x00, 0x00, 0x00, 0x00, 0x00, 0x00, 0x00, 0x00, 0x00, 0x00, 0x00, 0x00, 0x00, 0x00, 0x00, 0x00,
    0x00, 0x00, 0x00, 0x00, 0x00, 0x00, 0x00, 0x00, 0x00, 0x00, 0x00, 0x00, 0x00, 0x00, 0x00, 0x00,
    0x00, 0x00, 0x00, 0x00, 0x00, 0x00, 0x00, 0x00, 0x00, 0x00, 0x00, 0x00, 0x00, 0x00, 0x00, 0x00,
    0x00, 0x00, 0x00, 0x00, 0x00, 0x00, 0x21, 0x10, 0xa3, 0x50, 0x61, 0x50, 0x82, 0x78, 0xc3, 0xa8,
    0xa3, 0xb8, 0xa4, 0xb8, 0xc4, 0xb8, 0xa4, 0xc0, 0xa3, 0xc0, 0xc4, 0xc8, 0xe5, 0xb8, 0xc3, 0x78,
    0x41, 0x20, 0x00, 0x00, 0x01, 0x00, 0x21, 0x08, 0x01, 0x00, 0x82, 0x10, 0xa3, 0x18, 0x00, 0x00,
    0x21, 0x00, 0x21, 0x00, 0x21, 0x00, 0x21, 0x00, 0x21, 0x00, 0x21, 0x00, 0x00, 0x00, 0x05, 0x21,
    0x04, 0x21, 0x00, 0x00, 0x42, 0x08, 0x86, 0x31, 0x46, 0x29, 0x62, 0x10, 0x00, 0x00, 0x21, 0x00,
    0x21, 0x00, 0x04, 0x21, 0x45, 0x29, 0x83, 0x10, 0x04, 0x21, 0x42, 0x08, 0x01, 0x00, 0x21, 0x00,
    0x21, 0x08, 0x01, 0x00, 0x42, 0x68, 0x64, 0xe0, 0x23, 0xe8, 0x44, 0xf0, 0xa4, 0xb8, 0x00, 0x18,
    0xa3, 0x88, 0x84, 0xe8, 0xa5, 0xd8, 0x41, 0x38, 0x41, 0x38, 0xa5, 0xe0, 0x84, 0xe0, 0xa4, 0x98,
    0x20, 0x10, 0x84, 0x98, 0x64, 0xe8, 0x64, 0xd8, 0x85, 0xe0, 0x83, 0x80, 0x01, 0x00, 0x01, 0x00,
    0x01, 0x00, 0x21, 0x00, 0x21, 0x00, 0x25, 0x21, 0xc3, 0x18, 0xa7, 0x39, 0xe4, 0x20, 0x01, 0x00,
    0x21, 0x08, 0x00, 0x00, 0x04, 0x21, 0x86, 0x31, 0x04, 0x21, 0x00, 0x00, 0xe4, 0x18, 0x66, 0x29,
    0x01, 0x00, 0x01, 0x00, 0x01, 0x00, 0x01, 0x00, 0x00, 0x00, 0x00, 0x00, 0x01, 0x00, 0x21, 0x00,
    0x00, 0x00, 0x83, 0x10, 0x62, 0x10, 0x21, 0x00, 0x21, 0x00, 0x21, 0x00, 0x01, 0x00, 0x00, 0x08,
    0x61, 0x48, 0xc4, 0x98, 0xc4, 0xb8, 0xa3, 0xb0, 0xc4, 0xb0, 0x83, 0xb0, 0x83, 0xb0, 0x83, 0xb0,
    0x83, 0xb0, 0x83, 0xb0, 0x83, 0xb0, 0xc4, 0xb8, 0xa4, 0x78, 0x20, 0x10, 0x00, 0x00, 0x00, 0x00,
    0x00, 0x00, 0x00, 0x00, 0x00, 0x00, 0x00, 0x00, 0x00, 0x00, 0x00, 0x00, 0x00, 0x00, 0x00, 0x00,
    0x00, 0x00, 0x00, 0x00, 0x00, 0x00, 0x00, 0x00, 0x00, 0x00, 0x00, 0x00, 0x00, 0x00, 0x00, 0x00,
    0x00, 0x00, 0x00, 0x00, 0x00, 0x00, 0x00, 0x00, 0x00, 0x00, 0x00, 0x00, 0x00, 0x00, 0x00, 0x00,
    0x00, 0x00, 0x00, 0x00, 0x00, 0x00, 0x00, 0x00, 0x00, 0x00, 0x00, 0x00, 0x00, 0x00, 0x00, 0x00,
    0x00, 0x00, 0x00, 0x00, 0x00, 0x00, 0x00, 0x00, 0x00, 0x00, 0x00, 0x00, 0x00, 0x00, 0x00, 0x00,
    0x00, 0x00, 0x00, 0x00, 0x00, 0x00, 0x00, 0x00, 0x00, 0x00, 0x00, 0x00, 0x00, 0x00, 0x00, 0x00,
    0x00, 0x00, 0x00, 0x00, 0x00, 0x00, 0x00, 0x00, 0x00, 0x00, 0x00, 0x00, 0x00, 0x00, 0x00, 0x00,
    0x00, 0x00, 0x00, 0x00, 0x00, 0x00, 0x00, 0x00, 0x00, 0x00, 0x00, 0x00, 0x00, 0x00, 0x00, 0x00,
    0x00, 0x00, 0x00, 0x00, 0x00, 0x00, 0x00, 0x00, 0x00, 0x00, 0x00, 0x00, 0x00, 0x00, 0x00, 0x00,
    0x00, 0x00, 0x00, 0x00, 0x00, 0x00, 0x00, 0x00, 0x00, 0x00, 0x00, 0x00, 0x00, 0x00, 0x00, 0x00,
    0x00, 0x00, 0x00, 0x00, 0x00, 0x00, 0x00, 0x00, 0x62, 0x28, 0x25, 0x81, 0xc3, 0x60, 0xa3, 0x78,
    0xc3, 0xb8, 0xa4, 0xb8, 0xa3, 0xb0, 0xc4, 0xb8, 0xa3, 0xb0, 0xa3, 0xb0, 0xa4, 0xc0, 0xc4, 0xc0,
    0xe4, 0xa8, 0xa3, 0x60, 0x41, 0x10, 0x00, 0x00, 0x01, 0x00, 0x41, 0x08, 0x82, 0x10, 0x00, 0x00,
    0x21, 0x00, 0x21, 0x00, 0x21, 0x00, 0x21, 0x00, 0x21, 0x00, 0x21, 0x00, 0x01, 0x00, 0x21, 0x00,
    0xc3, 0x18, 0x01, 0x00, 0x00, 0x00, 0x25, 0x29, 0x66, 0x29, 0xa3, 0x18, 0x00, 0x00, 0x21, 0x00,
    0x00, 0x00, 0x82, 0x10, 0x25, 0x29, 0x83, 0x10, 0x04, 0x21, 0x42, 0x08, 0x01, 0x00, 0x21, 0x00,
    0x21, 0x00, 0x01, 0x00, 0x21, 0x30, 0x83, 0x98, 0x43, 0xa0, 0x83, 0xd0, 0x84, 0xe0, 0x62, 0x68,
    0x00, 0x20, 0x62, 0x58, 0x63, 0x58, 0x41, 0x20, 0x41, 0x18, 0x63, 0x68, 0x42, 0x58, 0x20, 0x20,
    0x41, 0x50, 0x84, 0xd8, 0x64, 0xd0, 0x62, 0x98, 0x83, 0x98, 0x42, 0x40, 0x00, 0x00, 0x01, 0x00,
    0x21, 0x00, 0x21, 0x00, 0x21, 0x00, 0x25, 0x21, 0xc3, 0x18, 0x66, 0x31, 0x62, 0x10, 0x00, 0x00,
    0x21, 0x00, 0x00, 0x00, 0x25, 0x29, 0x66, 0x31, 0x83, 0x10, 0x01, 0x00, 0x45, 0x29, 0x62, 0x08,
    0x00, 0x00, 0x21, 0x00, 0x01, 0x00, 0x21, 0x00, 0x21, 0x00, 0x21, 0x00, 0x21, 0x00, 0x01, 0x00,
    0x41, 0x08, 0xa3, 0x18, 0x21, 0x00, 0x21, 0x00, 0x21, 0x00, 0x00, 0x00, 0x21, 0x20, 0x82, 0x60,
    0xc4, 0xa8, 0xa4, 0xc0, 0xa4, 0xb8, 0xa4, 0xb8, 0xa4, 0xb8, 0x83, 0xb0, 0xa4, 0xb8, 0xa4, 0xb0,
    0xa4, 0xb0, 0x83, 0xb0, 0xc4, 0xb0, 0x83, 0x60, 0x00, 0x08, 0x00, 0x00, 0x00, 0x00, 0x00, 0x00,
    0x00, 0x00, 0x00, 0x00, 0x00, 0x00, 0x00, 0x00, 0x00, 0x00, 0x00, 0x00, 0x00, 0x00, 0x00, 0x00,
    0x00, 0x00, 0x00, 0x00, 0x00, 0x00, 0x00, 0x00, 0x00, 0x00, 0x00, 0x00, 0x00, 0x00, 0x00, 0x00,
    0x00, 0x00, 0x00, 0x00, 0x00, 0x00, 0x00, 0x00, 0x00, 0x00, 0x00, 0x00, 0x00, 0x00, 0x00, 0x00,
    0x00, 0x00, 0x00, 0x00, 0x00, 0x00, 0x00, 0x00, 0x00, 0x00, 0x00, 0x00, 0x00, 0x00, 0x00, 0x00,
    0x00, 0x00, 0x00, 0x00, 0x00, 0x00, 0x00, 0x00, 0x00, 0x00, 0x00, 0x00, 0x00, 0x00, 0x00, 0x00,
    0x00, 0x00, 0x00, 0x00, 0x00, 0x00, 0x00, 0x00, 0x00, 0x00, 0x00, 0x00, 0x00, 0x00, 0x00, 0x00,
    0x00, 0x00, 0x00, 0x00, 0x00, 0x00, 0x00, 0x00, 0x00, 0x00, 0x00, 0x00, 0x00, 0x00, 0x00, 0x00,
    0x00, 0x00, 0x00, 0x00, 0x00, 0x00, 0x00, 0x00, 0x00, 0x00, 0x00, 0x00, 0x00, 0x00, 0x00, 0x00,
    0x00, 0x00, 0x00, 0x00, 0x00, 0x00, 0x00, 0x00, 0x00, 0x00, 0x00, 0x00, 0x00, 0x00, 0x00, 0x00,
    0x00, 0x00, 0x00, 0x00, 0x00, 0x00, 0x00, 0x00, 0x00, 0x00, 0x00, 0x00, 0x00, 0x00, 0x00, 0x00,
    0x00, 0x00, 0x00, 0x00, 0x00, 0x00, 0x00, 0x00, 0x00, 0x08, 0x61, 0x28, 0x41, 0x18, 0x62, 0x40,
    0xe5, 0xb0, 0xa3, 0xb8, 0xa4, 0xb0, 0xa4, 0xb0, 0xa3, 0xa0, 0xa3, 0xa0, 0xa4, 0xc0, 0xa3, 0xc0,
    0xa3, 0xc0, 0xe5, 0xc8, 0xe4, 0x98, 0x82, 0x40, 0x01, 0x10, 0x01, 0x00, 0x01, 0x00, 0x21, 0x00,
    0x21, 0x00, 0x21, 0x00, 0x21, 0x00, 0x21, 0x00, 0x21, 0x00, 0x21, 0x00, 0x21, 0x00, 0x01, 0x00,
    0x01, 0x00, 0x21, 0x08, 0x00, 0x00, 0xc3, 0x18, 0x66, 0x29, 0xc3, 0x18, 0x00, 0x00, 0x21, 0x00,
    0x01, 0x00, 0x21, 0x00, 0xe4, 0x20, 0x82, 0x10, 0x04, 0x21, 0x42, 0x08, 0x00, 0x00, 0x21, 0x00,
    0x21, 0x00, 0x21, 0x00, 0x40, 0x10, 0xa4, 0x88, 0x83, 0x90, 0x82, 0x88, 0x83, 0xc8, 0x84, 0xd8,
    0x83, 0x90, 0x42, 0x60, 0x41, 0x40, 0x22, 0x10, 0x21, 0x10, 0x41, 0x40, 0x62, 0x58, 0x83, 0x88,
    0xa4, 0xd8, 0x64, 0xd0, 0x43, 0x98, 0xa3, 0x98, 0xc4, 0x80, 0x21, 0x18, 0x00, 0x00, 0x21, 0x00,
    0x21, 0x00, 0x21, 0x00, 0x01, 0x00, 0x25, 0x21, 0xc3, 0x18, 0x04, 0x21, 0x01, 0x00, 0x01, 0x00,
    0x01, 0x00, 0x21, 0x08, 0x66, 0x29, 0x45, 0x29, 0x41, 0x08, 0x62, 0x08, 0x82, 0x10, 0x00, 0x00,
    0x21, 0x00, 0x21, 0x00, 0x21, 0x00, 0x21, 0x00, 0x21, 0x00, 0x21, 0x00, 0x21, 0x00, 0x01, 0x00,
    0xa3, 0x18, 0x42, 0x10, 0x01, 0x00, 0x00, 0x00, 0x20, 0x10, 0x62, 0x50, 0xa3, 0x98, 0xa3, 0xb0,
    0x83, 0xb0, 0xa4, 0xb8, 0xa4, 0xb0, 0x83, 0xb0, 0xa4, 0xb8, 0x84, 0xb8, 0xa3, 0xb0, 0xa3, 0xb0,
    0xc5, 0xb8, 0xe5, 0xa0, 0x62, 0x40, 0x00, 0x00, 0x00, 0x00, 0x00, 0x00, 0x00, 0x00, 0x00, 0x00,
    0x00, 0x00, 0x00, 0x00, 0x00, 0x00, 0x00, 0x00, 0x00, 0x00, 0x00, 0x00, 0x00, 0x00, 0x00, 0x00,
    0x00, 0x00, 0x00, 0x00, 0x00, 0x00, 0x00, 0x00, 0x00, 0x00, 0x00, 0x00, 0x00, 0x00, 0x00, 0x00,
    0x00, 0x00, 0x00, 0x00, 0x00, 0x00, 0x00, 0x00, 0x00, 0x00, 0x00, 0x00, 0x00, 0x00, 0x00, 0x00,
    0x00, 0x00, 0x00, 0x00, 0x00, 0x00, 0x00, 0x00, 0x00, 0x00, 0x00, 0x00, 0x00, 0x00, 0x00, 0x00,
    0x00, 0x00, 0x00, 0x00, 0x00, 0x00, 0x00, 0x00, 0x00, 0x00, 0x00, 0x00, 0x00, 0x00, 0x00, 0x00,
    0x00, 0x00, 0x00, 0x00, 0x00, 0x00, 0x00, 0x00, 0x00, 0x00, 0x00, 0x00, 0x00, 0x00, 0x00, 0x00,
    0x00, 0x00, 0x00, 0x00, 0x00, 0x00, 0x00, 0x00, 0x00, 0x00, 0x00, 0x00, 0x00, 0x00, 0x00, 0x00,
    0x00, 0x00, 0x00, 0x00, 0x00, 0x00, 0x00, 0x00, 0x00, 0x00, 0x00, 0x00, 0x00, 0x00, 0x00, 0x00,
    0x00, 0x00, 0x00, 0x00, 0x00, 0x00, 0x00, 0x00, 0x00, 0x00, 0x00, 0x00, 0x00, 0x00, 0x00, 0x00,
    0x00, 0x00, 0x00, 0x00, 0x00, 0x00, 0x00, 0x00, 0x00, 0x00, 0x00, 0x00, 0x00, 0x00, 0x00, 0x00,
    0x00, 0x00, 0x00, 0x00, 0x00, 0x00, 0x00, 0x00, 0x00, 0x00, 0x00, 0x00, 0x00, 0x00, 0x00, 0x08,
    0x83, 0x50, 0xa4, 0xa0, 0xa4, 0xb8, 0xa3, 0xb8, 0xc4, 0xb8, 0xc4, 0xb8, 0xc4, 0xc0, 0xc4, 0xc0,
    0xa4, 0xc0, 0xa4, 0xc0, 0xc4, 0xc0, 0xe4, 0xb8, 0xe4, 0x90, 0x82, 0x40, 0x20, 0x08, 0x00, 0x00,
    0x21, 0x00, 0x21, 0x00, 0x21, 0x00, 0x21, 0x00, 0x21, 0x00, 0x21, 0x00, 0x21, 0x00, 0x21, 0x00,
    0x01, 0x00, 0x01, 0x00, 0x01, 0x00, 0x42, 0x08, 0x66, 0x31, 0xe3, 0x18, 0x20, 0x00, 0x00, 0x00,
    0x00, 0x00, 0x00, 0x00, 0x83, 0x10, 0x62, 0x10, 0xe4, 0x20, 0x42, 0x08, 0x00, 0x00, 0x21, 0x00,
    0x21, 0x00, 0x21, 0x00, 0x20, 0x00, 0x22, 0x38, 0xa4, 0xa0, 0xa4, 0xb0, 0x62, 0x88, 0x63, 0xb0,
    0x65, 0xe0, 0x84, 0xe8, 0xc6, 0xd8, 0x41, 0x30, 0x41, 0x20, 0xe5, 0xd8, 0xa4, 0xf0, 0x85, 0xe8,
    0x43, 0xa0, 0x62, 0x88, 0xc4, 0xb8, 0xc5, 0xa0, 0x62, 0x38, 0x20, 0x08, 0x21, 0x08, 0x21, 0x00,
    0x21, 0x00, 0x21, 0x00, 0x01, 0x00, 0x25, 0x21, 0xc3, 0x18, 0xc4, 0x18, 0x21, 0x00, 0x21, 0x00,
    0x00, 0x00, 0x62, 0x10, 0x86, 0x31, 0xc4, 0x18, 0x01, 0x00, 0x21, 0x00, 0x01, 0x00, 0x01, 0x00,
    0x01, 0x00, 0x21, 0x00, 0x21, 0x00, 0x21, 0x00, 0x21, 0x00, 0x21, 0x00, 0x01, 0x00, 0x01, 0x08,
    0x42, 0x08, 0x00, 0x00, 0x21, 0x10, 0x81, 0x40, 0xa3, 0x88, 0xc4, 0xb8, 0xa3, 0xb8, 0x83, 0xb0,
    0x83, 0xb0, 0xa4, 0xb8, 0x83, 0xb0, 0x83, 0xb0, 0x83, 0xb0, 0x83, 0xa8, 0x63, 0xa8, 0xc5, 0xb0,
    0x83, 0x60, 0x21, 0x18, 0x00, 0x00, 0x00, 0x00, 0x00, 0x00, 0x00, 0x00, 0x00, 0x00, 0x00, 0x00,
    0x00, 0x00, 0x00, 0x00, 0x00, 0x00, 0x00, 0x00, 0x00, 0x00, 0x00, 0x00, 0x00, 0x00, 0x00, 0x00,
    0x00, 0x00, 0x00, 0x00, 0x00, 0x00, 0x00, 0x00, 0x00, 0x00, 0x00, 0x00, 0x00, 0x00, 0x00, 0x00,
    0x00, 0x00, 0x00, 0x00, 0x00, 0x00, 0x00, 0x00, 0x00, 0x00, 0x00, 0x00, 0x00, 0x00, 0x00, 0x00,
    0x00, 0x00, 0x00, 0x00, 0x00, 0x00, 0x00, 0x00, 0x00, 0x00, 0x00, 0x00, 0x00, 0x00, 0x00, 0x00,
    0x00, 0x00, 0x00, 0x00, 0x00, 0x00, 0x00, 0x00, 0x00, 0x00, 0x00, 0x00, 0x00, 0x00, 0x00, 0x00,
    0x00, 0x00, 0x00, 0x00, 0x00, 0x00, 0x00, 0x00, 0x00, 0x00, 0x00, 0x00, 0x00, 0x00, 0x00, 0x00,
    0x00, 0x00, 0x00, 0x00, 0x00, 0x00, 0x00, 0x00, 0x00, 0x00, 0x00, 0x00, 0x00, 0x00, 0x00, 0x00,
    0x00, 0x00, 0x00, 0x00, 0x00, 0x00, 0x00, 0x00, 0x00, 0x00, 0x00, 0x00, 0x00, 0x00, 0x00, 0x00,
    0x00, 0x00, 0x00, 0x00, 0x00, 0x00, 0x00, 0x00, 0x00, 0x00, 0x00, 0x00, 0x00, 0x00, 0x00, 0x00,
    0x00, 0x00, 0x00, 0x00, 0x00, 0x00, 0x00, 0x00, 0x00, 0x00, 0x00, 0x00, 0x00, 0x00, 0x00, 0x00,
    0x00, 0x00, 0x00, 0x00, 0x00, 0x00, 0x00, 0x00, 0x00, 0x00, 0x00, 0x00, 0x00, 0x00, 0x00, 0x00,
    0x20, 0x10, 0xe4, 0x78, 0xe4, 0xb0, 0xa4, 0xb8, 0xa3, 0xb0, 0xa4, 0xb8, 0xa4, 0xc0, 0xa4, 0xc0,
    0xc4, 0xc0, 0xc4, 0xc0, 0x83, 0xb0, 0xa3, 0xb8, 0x04, 0xc1, 0x25, 0xc1, 0x05, 0x81, 0x42, 0x28,
    0x01, 0x10, 0x00, 0x00, 0x21, 0x00, 0x21, 0x00, 0x21, 0x00, 0x21, 0x00, 0x21, 0x00, 0x21, 0x00,
    0x01, 0x00, 0x01, 0x00, 0x01, 0x00, 0x00, 0x00, 0x25, 0x29, 0xc3, 0x18, 0x21, 0x08, 0x01, 0x00,
    0x00, 0x00, 0x01, 0x00, 0x21, 0x08, 0x21, 0x08, 0x04, 0x21, 0x42, 0x08, 0x01, 0x00, 0x21, 0x00,
    0x21, 0x00, 0x21, 0x00, 0x21, 0x00, 0x21, 0x00, 0x20, 0x08, 0x42, 0x58, 0xa5, 0xa8, 0x62, 0x98,
    0x43, 0xa8, 0x44, 0xd8, 0x85, 0xd8, 0x41, 0x30, 0x21, 0x28, 0xa4, 0xd8, 0x63, 0xe8, 0x63, 0xb0,
    0x62, 0x98, 0xc5, 0xb8, 0x62, 0x60, 0x20, 0x08, 0x01, 0x00, 0x21, 0x08, 0x01, 0x00, 0x21, 0x00,
    0x21, 0x00, 0x21, 0x00, 0x01, 0x00, 0x25, 0x21, 0x62, 0x10, 0x41, 0x08, 0x21, 0x00, 0x21, 0x08,
    0x00, 0x00, 0xa3, 0x18, 0x66, 0x31, 0x41, 0x08, 0x01, 0x00, 0x21, 0x00, 0x21, 0x00, 0x21, 0x00,
    0x21, 0x00, 0x21, 0x00, 0x21, 0x00, 0x01, 0x00, 0x21, 0x00, 0x21, 0x00, 0x00, 0x00, 0x00, 0x00,
    0x21, 0x18, 0x82, 0x50, 0xe4, 0x80, 0xc3, 0x98, 0xa4, 0xb8, 0xa4, 0xb8, 0x83, 0xb0, 0xa4, 0xb8,
    0xa4, 0xb8, 0xa4, 0xb8, 0xa4, 0xb8, 0xa4, 0xb0, 0xa4, 0xb0, 0xc4, 0xb8, 0xa4, 0x98, 0x63, 0x40,
    0x00, 0x00, 0x00, 0x00, 0x00, 0x00, 0x00, 0x00, 0x00, 0x00, 0x00, 0x00, 0x00, 0x00, 0x00, 0x00,
    0x00, 0x00, 0x00, 0x00, 0x00, 0x00, 0x00, 0x00, 0x00, 0x00, 0x00, 0x00, 0x00, 0x00, 0x00, 0x00,
    0x00, 0x00, 0x00, 0x00, 0x00, 0x00, 0x00, 0x00, 0x00, 0x00, 0x00, 0x00, 0x00, 0x00, 0x00, 0x00,
    0x00, 0x00, 0x00, 0x00, 0x00, 0x00, 0x00, 0x00, 0x00, 0x00, 0x00, 0x00, 0x00, 0x00, 0x00, 0x00,
    0x00, 0x00, 0x00, 0x00, 0x00, 0x00, 0x00, 0x00, 0x00, 0x00, 0x00, 0x00, 0x00, 0x00, 0x00, 0x00,
    0x00, 0x00, 0x00, 0x00, 0x00, 0x00, 0x00, 0x00, 0x00, 0x00, 0x00, 0x00, 0x00, 0x00, 0x00, 0x00,
    0x00, 0x00, 0x00, 0x00, 0x00, 0x00, 0x00, 0x00, 0x00, 0x00, 0x00, 0x00, 0x00, 0x00, 0x00, 0x00,
    0x00, 0x00, 0x00, 0x00, 0x00, 0x00, 0x00, 0x00, 0x00, 0x00, 0x00, 0x00, 0x00, 0x00, 0x00, 0x00,
    0x00, 0x00, 0x00, 0x00, 0x00, 0x00, 0x00, 0x00, 0x00, 0x00, 0x00, 0x00, 0x00, 0x00, 0x00, 0x00,
    0x00, 0x00, 0x00, 0x00, 0x00, 0x00, 0x00, 0x00, 0x00, 0x00, 0x00, 0x00, 0x00, 0x00, 0x00, 0x00,
    0x00, 0x00, 0x00, 0x00, 0x00, 0x00, 0x00, 0x00, 0x00, 0x00, 0x00, 0x00, 0x00, 0x00, 0x00, 0x00,
    0x00, 0x00, 0x00, 0x00, 0x00, 0x00, 0x00, 0x00, 0x00, 0x00, 0x00, 0x00, 0x00, 0x00, 0x00, 0x00,
    0x00, 0x00, 0x20, 0x10, 0xa3, 0x60, 0xc5, 0xa8, 0xa4, 0xb8, 0x83, 0xb8, 0xa4, 0xb8, 0xa4, 0xb0,
    0x83, 0xa0, 0xa4, 0xb0, 0xa4, 0xb8, 0xc4, 0xb8, 0xa2, 0xa0, 0xc4, 0xb0, 0xc4, 0x78, 0x83, 0x48,
    0x83, 0x40, 0x62, 0x28, 0x20, 0x18, 0x00, 0x00, 0x01, 0x00, 0x21, 0x00, 0x21, 0x08, 0x21, 0x00,
    0x01, 0x00, 0x01, 0x00, 0x21, 0x00, 0x00, 0x00, 0xc3, 0x18, 0xc3, 0x18, 0x01, 0x00, 0x01, 0x00,
    0x01, 0x00, 0x01, 0x00, 0x21, 0x00, 0x01, 0x00, 0xe4, 0x20, 0x42, 0x08, 0x01, 0x00, 0x21, 0x00,
    0x21, 0x00, 0x21, 0x00, 0x21, 0x00, 0x21, 0x00, 0x21, 0x00, 0x00, 0x00, 0x41, 0x40, 0xa5, 0xc8,
    0x63, 0xd8, 0x43, 0xd8, 0x85, 0xd8, 0x41, 0x30, 0x21, 0x28, 0xa4, 0xd8, 0x63, 0xe0, 0x83, 0xd8,
    0xc4, 0xd0, 0x42, 0x50, 0x00, 0x00, 0x21, 0x00, 0x21, 0x08, 0x01, 0x00, 0x21, 0x00, 0x21, 0x00,
    0x21, 0x00, 0x21, 0x00, 0x01, 0x00, 0x25, 0x21, 0x42, 0x08, 0x00, 0x00, 0x21, 0x00, 0x21, 0x08,
    0x00, 0x00, 0x04, 0x21, 0x05, 0x21, 0x00, 0x00, 0x01, 0x00, 0x21, 0x00, 0x21, 0x00, 0x21, 0x00,
    0x21, 0x00, 0x21, 0x00, 0x21, 0x00, 0x21, 0x00, 0x00, 0x00, 0x00, 0x00, 0x40, 0x20, 0xa3, 0x58,
    0xe4, 0x98, 0xe5, 0xb0, 0x83, 0xa0, 0x83, 0xa8, 0x84, 0xb8, 0x84, 0xb8, 0x83, 0xb0, 0xa4, 0xb8,
    0xa4, 0xb8, 0xa4, 0xb8, 0x63, 0xb0, 0x84, 0xb8, 0xa4, 0xb8, 0xc4, 0x80, 0x41, 0x28, 0x00, 0x00,
    0x00, 0x00, 0x00, 0x00, 0x00, 0x00, 0x00, 0x00, 0x00, 0x00, 0x00, 0x00, 0x00, 0x00, 0x00, 0x00,
    0x00, 0x00, 0x00, 0x00, 0x00, 0x00, 0x00, 0x00, 0x00, 0x00, 0x00, 0x00, 0x00, 0x00, 0x00, 0x00,
    0x00, 0x00, 0x00, 0x00, 0x00, 0x00, 0x00, 0x00, 0x00, 0x00, 0x00, 0x00, 0x00, 0x00, 0x00, 0x00,
    0x00, 0x00, 0x00, 0x00, 0x00, 0x00, 0x00, 0x00, 0x00, 0x00, 0x00, 0x00, 0x00, 0x00, 0x00, 0x00,
    0x00, 0x00, 0x00, 0x00, 0x00, 0x00, 0x00, 0x00, 0x00, 0x00, 0x00, 0x00, 0x00, 0x00, 0x00, 0x00,
    0x00, 0x00, 0x00, 0x00, 0x00, 0x00, 0x00, 0x00, 0x00, 0x00, 0x00, 0x00, 0x00, 0x00, 0x00, 0x00,
    0x00, 0x00, 0x00, 0x00, 0x00, 0x00, 0x00, 0x00, 0x00, 0x00, 0x00, 0x00, 0x00, 0x00, 0x00, 0x00,
    0x00, 0x00, 0x00, 0x00, 0x00, 0x00, 0x00, 0x00, 0x00, 0x00, 0x00, 0x00, 0x00, 0x00, 0x00, 0x00,
    0x00, 0x00, 0x00, 0x00, 0x00, 0x00, 0x00, 0x00, 0x00, 0x00, 0x00, 0x00, 0x00, 0x00, 0x00, 0x00,
    0x00, 0x00, 0x00, 0x00, 0x00, 0x00, 0x00, 0x00, 0x00, 0x00, 0x00, 0x00, 0x00, 0x00, 0x00, 0x00,
    0x00, 0x00, 0x00, 0x00, 0x00, 0x00, 0x00, 0x00, 0x00, 0x00, 0x00, 0x00, 0x00, 0x00, 0x00, 0x00,
    0x00, 0x00, 0x00, 0x00, 0x00, 0x00, 0x00, 0x00, 0x00, 0x00, 0x00, 0x00, 0x00, 0x00, 0x00, 0x00,
    0x00, 0x00, 0x00, 0x00, 0x00, 0x00, 0x41, 0x28, 0xc3, 0x80, 0xe4, 0xb8, 0xa3, 0xb8, 0xa3, 0xb0,
    0x62, 0x98, 0x83, 0xa0, 0xa3, 0xb0, 0xa4, 0xc0, 0xc4, 0xa0, 0x82, 0x60, 0x63, 0x48, 0x83, 0x48,
    0x63, 0x48, 0xa4, 0x88, 0xc5, 0x98, 0xa3, 0x60, 0x61, 0x28, 0x00, 0x08, 0x00, 0x00, 0x21, 0x00,
    0x01, 0x00, 0x01, 0x08, 0x01, 0x00, 0x00, 0x00, 0x62, 0x08, 0xc3, 0x18, 0x00, 0x00, 0x01, 0x00,
    0x01, 0x00, 0x01, 0x00, 0x21, 0x00, 0x01, 0x00, 0xe4, 0x20, 0x41, 0x08, 0x01, 0x00, 0x21, 0x00,
    0x21, 0x00, 0x21, 0x00, 0x21, 0x00, 0x21, 0x00, 0x21, 0x00, 0x21, 0x00, 0x00, 0x00, 0x63, 0x60,
    0x85, 0xd8, 0x23, 0xe0, 0x84, 0xd8, 0x41, 0x38, 0x21, 0x28, 0xa4, 0xd8, 0x43, 0xe8, 0xa4, 0xe0,
    0x63, 0x70, 0x00, 0x00, 0x21, 0x08, 0x01, 0x08, 0x21, 0x00, 0x01, 0x00, 0x21, 0x00, 0x21, 0x00,
    0x21, 0x00, 0x21, 0x00, 0x01, 0x00, 0x04, 0x21, 0x41, 0x08, 0x01, 0x00, 0x21, 0x00, 0x21, 0x00,
    0x01, 0x00, 0x25, 0x21, 0x82, 0x10, 0x00, 0x00, 0x01, 0x00, 0x21, 0x00, 0x21, 0x00, 0x21, 0x00,
    0x21, 0x00, 0x00, 0x00, 0x00, 0x00, 0x20, 0x08, 0x62, 0x30, 0xc3, 0x70, 0xe4, 0xa0, 0xe5, 0xc0,
    0xa4, 0xc0, 0xa4, 0xb0, 0x83, 0xa0, 0xa4, 0xb8, 0x84, 0xb8, 0x83, 0xb8, 0xa4, 0xb8, 0xa4, 0xb8,
    0x83, 0xb8, 0x84, 0xb8, 0xc5, 0xb8, 0xe5, 0x98, 0x62, 0x48, 0x00, 0x08, 0x00, 0x00, 0x00, 0x00,
    0x00, 0x00, 0x00, 0x00, 0x00, 0x00, 0x00, 0x00, 0x00, 0x00, 0x00, 0x00, 0x00, 0x00, 0x00, 0x00,
    0x00, 0x00, 0x00, 0x00, 0x00, 0x00, 0x00, 0x00, 0x00, 0x00, 0x00, 0x00, 0x00, 0x00, 0x00, 0x00,
    0x00, 0x00, 0x00, 0x00, 0x00, 0x00, 0x00, 0x00, 0x00, 0x00, 0x00, 0x00, 0x00, 0x00, 0x00, 0x00,
    0x00, 0x00, 0x00, 0x00, 0x00, 0x00, 0x00, 0x00, 0x00, 0x00, 0x00, 0x00, 0x00, 0x00, 0x00, 0x00,
    0x00, 0x00, 0x00, 0x00, 0x00, 0x00, 0x00, 0x00, 0x00, 0x00, 0x00, 0x00, 0x00, 0x00, 0x00, 0x00,
    0x00, 0x00, 0x00, 0x00, 0x00, 0x00, 0x00, 0x00, 0x00, 0x00, 0x00, 0x00, 0x00, 0x00, 0x00, 0x00,
    0x00, 0x00, 0x00, 0x00, 0x00, 0x00, 0x00, 0x00, 0x00, 0x00, 0x00, 0x00, 0x00, 0x00, 0x00, 0x00,
    0x00, 0x00, 0x00, 0x00, 0x00, 0x00, 0x00, 0x00, 0x00, 0x00, 0x00, 0x00, 0x00, 0x00, 0x00, 0x00,
    0x00, 0x00, 0x00, 0x00, 0x00, 0x00, 0x00, 0x00, 0x00, 0x00, 0x00, 0x00, 0x00, 0x00, 0x00, 0x00,
    0x00, 0x00, 0x00, 0x00, 0x00, 0x00, 0x00, 0x00, 0x00, 0x00, 0x00, 0x00, 0x00, 0x00, 0x00, 0x00,
    0x00, 0x00, 0x00, 0x00, 0x00, 0x00, 0x00, 0x00, 0x00, 0x00, 0x00, 0x00, 0x00, 0x00, 0x00, 0x00,
    0x00, 0x00, 0x00, 0x00, 0x00, 0x00, 0x00, 0x00, 0x00, 0x00, 0x00, 0x00, 0x00, 0x00, 0x00, 0x00,
    0x00, 0x00, 0x00, 0x00, 0x00, 0x00, 0x00, 0x00, 0x00, 0x08, 0x82, 0x58, 0x04, 0xa1, 0xc4, 0xc0,
    0xc4, 0xb0, 0xa4, 0xb0, 0xa4, 0xb0, 0xa3, 0xa0, 0x42, 0x50, 0x62, 0x30, 0x63, 0x38, 0x83, 0x58,
    0xa3, 0x70, 0xc4, 0xa8, 0xa4, 0xc0, 0xc5, 0xb8, 0xe4, 0xa0, 0xa3, 0x78, 0x62, 0x40, 0x21, 0x18,
    0x00, 0x00, 0x00, 0x00, 0x01, 0x00, 0x21, 0x08, 0x21, 0x08, 0x82, 0x10, 0x21, 0x00, 0x21, 0x00,
    0x21, 0x00, 0x21, 0x00, 0x21, 0x00, 0x00, 0x00, 0xc4, 0x18, 0x41, 0x08, 0x01, 0x00, 0x21, 0x00,
    0x21, 0x00, 0x21, 0x00, 0x21, 0x00, 0x21, 0x00, 0x21, 0x00, 0x21, 0x00, 0x21, 0x00, 0x00, 0x10,
    0x84, 0x98, 0x44, 0xe8, 0x84, 0xd8, 0x42, 0x38, 0x21, 0x28, 0xa4, 0xd8, 0x64, 0xf0, 0xa4, 0xa0,
    0x01, 0x18, 0x21, 0x00, 0x21, 0x00, 0x01, 0x00, 0x00, 0x00, 0x21, 0x00, 0x21, 0x00, 0x21, 0x00,
    0x21, 0x00, 0x21, 0x00, 0x01, 0x00, 0x04, 0x21, 0x41, 0x08, 0x21, 0x00, 0x21, 0x00, 0x01, 0x00,
    0x41, 0x08, 0xe4, 0x18, 0x21, 0x00, 0x21, 0x00, 0x21, 0x00, 0x21, 0x00, 0x20, 0x00, 0x00, 0x00,
    0x01, 0x08, 0x21, 0x20, 0x82, 0x50, 0xa4, 0x88, 0xc5, 0xb0, 0xc4, 0xb8, 0xc4, 0xb8, 0xa4, 0xb8,
    0xa4, 0xc0, 0xa3, 0xa0, 0xa3, 0xa0, 0xa4, 0xc0, 0x84, 0xb8, 0xa4, 0xb8, 0xa3, 0xb0, 0x83, 0xb0,
    0xa3, 0xb8, 0xc5, 0xb0, 0xa4, 0x70, 0x21, 0x18, 0x00, 0x00, 0x00, 0x00, 0x00, 0x00, 0x00, 0x00,
    0x00, 0x00, 0x00, 0x00, 0x00, 0x00, 0x00, 0x00, 0x00, 0x00, 0x00, 0x00, 0x00, 0x00, 0x00, 0x00,
    0x00, 0x00, 0x00, 0x00, 0x00, 0x00, 0x00, 0x00, 0x00, 0x00, 0x00, 0x00, 0x00, 0x00, 0x00, 0x00,
    0x00, 0x00, 0x00, 0x00, 0x00, 0x00, 0x00, 0x00, 0x00, 0x00, 0x00, 0x00, 0x00, 0x00, 0x00, 0x00,
    0x00, 0x00, 0x00, 0x00, 0x00, 0x00, 0x00, 0x00, 0x00, 0x00, 0x00, 0x00, 0x00, 0x00, 0x00, 0x00,
    0x00, 0x00, 0x00, 0x00, 0x00, 0x00, 0x00, 0x00, 0x00, 0x00, 0x00, 0x00, 0x00, 0x00, 0x00, 0x00,
    0x00, 0x00, 0x00, 0x00, 0x00, 0x00, 0x00, 0x00, 0x00, 0x00, 0x00, 0x00, 0x00, 0x00, 0x00, 0x00,
    0x00, 0x00, 0x00, 0x00, 0x00, 0x00, 0x00, 0x00, 0x00, 0x00, 0x00, 0x00, 0x00, 0x00, 0x00, 0x00,
    0x00, 0x00, 0x00, 0x00, 0x00, 0x00, 0x00, 0x00, 0x00, 0x00, 0x00, 0x00, 0x00, 0x00, 0x00, 0x00,
    0x00, 0x00, 0x00, 0x00, 0x00, 0x00, 0x00, 0x00, 0x00, 0x00, 0x00, 0x00, 0x00, 0x00, 0x00, 0x00,
    0x00, 0x00, 0x00, 0x00, 0x00, 0x00, 0x00, 0x00, 0x00, 0x00, 0x00, 0x00, 0x00, 0x00, 0x00, 0x00,
    0x00, 0x00, 0x00, 0x00, 0x00, 0x00, 0x00, 0x00, 0x00, 0x00, 0x00, 0x00, 0x00, 0x00, 0x00, 0x00,
    0x00, 0x00, 0x00, 0x00, 0x00, 0x00, 0x00, 0x00, 0x00, 0x00, 0x00, 0x00, 0x00, 0x00, 0x00, 0x00,
    0x00, 0x00, 0x00, 0x00, 0x00, 0x00, 0x00, 0x00, 0x00, 0x00, 0x00, 0x00, 0x21, 0x20, 0xc4, 0x70,
    0xc4, 0x98, 0xa4, 0x98, 0xc3, 0x80, 0x61, 0x50, 0x82, 0x48, 0x62, 0x30, 0x41, 0x40, 0x83, 0x88,
    0xa4, 0xa0, 0xa3, 0xb0, 0xa4, 0xb0, 0xa4, 0xb8, 0x83, 0xb0, 0xc4, 0xb8, 0xc4, 0xb8, 0xa4, 0xa0,
    0xa3, 0x68, 0x62, 0x38, 0x21, 0x10, 0x00, 0x00, 0x00, 0x00, 0x21, 0x00, 0x21, 0x00, 0x21, 0x00,
    0x21, 0x00, 0x21, 0x00, 0x21, 0x00, 0x00, 0x00, 0xe4, 0x18, 0x41, 0x08, 0x00, 0x00, 0x21, 0x00,
    0x21, 0x00, 0x21, 0x00, 0x21, 0x00, 0x21, 0x00, 0x21, 0x00, 0x21, 0x00, 0x21, 0x00, 0x21, 0x00,
    0x41, 0x28, 0x84, 0xc0, 0x84, 0xe0, 0x21, 0x38, 0x21, 0x28, 0xa4, 0xe8, 0xa4, 0xd0, 0x21, 0x28,
    0x01, 0x00, 0x21, 0x08, 0x21, 0x00, 0x21, 0x00, 0x20, 0x00, 0x21, 0x00, 0x21, 0x00, 0x21, 0x00,
    0x21, 0x00, 0x21, 0x00, 0x21, 0x00, 0x04, 0x21, 0x21, 0x00, 0x01, 0x00, 0x21, 0x08, 0x21, 0x08,
    0x41, 0x08, 0x41, 0x08, 0x21, 0x00, 0x20, 0x00, 0x00, 0x00, 0x20, 0x08, 0x41, 0x20, 0x82, 0x40,
    0xc4, 0x78, 0xc5, 0xa8, 0xc4, 0xc0, 0xa4, 0xc8, 0xa4, 0xc0, 0xa4, 0xb8, 0xa4, 0xb8, 0xa3, 0xb8,
    0xc4, 0xc0, 0x82, 0x80, 0xa3, 0xa0, 0xa4, 0xc0, 0xa4, 0xb8, 0xa3, 0xb0, 0xa3, 0xb0, 0xc5, 0xb0,
    0xa4, 0x88, 0x61, 0x38, 0x00, 0x00, 0x00, 0x00, 0x00, 0x00, 0x00, 0x00, 0x00, 0x00, 0x00, 0x00,
    0x00, 0x00, 0x00, 0x00, 0x00, 0x00, 0x00, 0x00, 0x00, 0x00, 0x00, 0x00, 0x00, 0x00, 0x00, 0x00,
    0x00, 0x00, 0x00, 0x00, 0x00, 0x00, 0x00, 0x00, 0x00, 0x00, 0x00, 0x00, 0x00, 0x00, 0x00, 0x00,
    0x00, 0x00, 0x00, 0x00, 0x00, 0x00, 0x00, 0x00, 0x00, 0x00, 0x00, 0x00, 0x00, 0x00, 0x00, 0x00,
    0x00, 0x00, 0x00, 0x00, 0x00, 0x00, 0x00, 0x00, 0x00, 0x00, 0x00, 0x00, 0x00, 0x00, 0x00, 0x00,
    0x00, 0x00, 0x00, 0x00, 0x00, 0x00, 0x00, 0x00, 0x00, 0x00, 0x00, 0x00, 0x00, 0x00, 0x00, 0x00,
    0x00, 0x00, 0x00, 0x00, 0x00, 0x00, 0x00, 0x00, 0x00, 0x00, 0x00, 0x00, 0x00, 0x00, 0x00, 0x00,
    0x00, 0x00, 0x00, 0x00, 0x00, 0x00, 0x00, 0x00, 0x00, 0x00, 0x00, 0x00, 0x00, 0x00, 0x00, 0x00,
    0x00, 0x00, 0x00, 0x00, 0x00, 0x00, 0x00, 0x00, 0x00, 0x00, 0x00, 0x00, 0x00, 0x00, 0x00, 0x00,
    0x00, 0x00, 0x00, 0x00, 0x00, 0x00, 0x00, 0x00, 0x00, 0x00, 0x00, 0x00, 0x00, 0x00, 0x00, 0x00,
    0x00, 0x00, 0x00, 0x00, 0x00, 0x00, 0x00, 0x00, 0x00, 0x00, 0x00, 0x00, 0x00, 0x00, 0x00, 0x00,
    0x00, 0x00, 0x00, 0x00, 0x00, 0x00, 0x00, 0x00, 0x00, 0x00, 0x00, 0x00, 0x00, 0x00, 0x00, 0x00,
    0x00, 0x00, 0x00, 0x00, 0x00, 0x00, 0x00, 0x00, 0x00, 0x00, 0x00, 0x00, 0x00, 0x00, 0x00, 0x00,
    0x00, 0x00, 0x00, 0x00, 0x00, 0x00, 0x00, 0x00, 0x00, 0x00, 0x00, 0x00, 0x00, 0x00, 0x00, 0x00,
    0x62, 0x30, 0x63, 0x40, 0x20, 0x18, 0xc4, 0x50, 0x83, 0x50, 0x82, 0x58, 0xc3, 0x88, 0xc4, 0xb0,
    0x83, 0xa8, 0xa4, 0xa8, 0xa3, 0xa8, 0xa4, 0xb8, 0xa4, 0xc0, 0xa4, 0xc0, 0xa4, 0xc0, 0xa4, 0xc8,
    0xa4, 0xc0, 0xc4, 0xb8, 0xc4, 0x98, 0xa4, 0x68, 0x62, 0x40, 0x41, 0x18, 0x00, 0x08, 0x00, 0x00,
    0x00, 0x00, 0x01, 0x00, 0x21, 0x00, 0x00, 0x00, 0xa3, 0x18, 0x62, 0x08, 0x01, 0x00, 0x21, 0x00,
    0x21, 0x00, 0x21, 0x00, 0x21, 0x00, 0x21, 0x00, 0x21, 0x00, 0x21, 0x00, 0x21, 0x00, 0x21, 0x00,
    0x01, 0x00, 0x42, 0x58, 0xc5, 0xd0, 0x21, 0x38, 0x20, 0x30, 0x05, 0xd9, 0x42, 0x60, 0x00, 0x00,
    0x21, 0x00, 0x21, 0x00, 0x21, 0x00, 0x21, 0x00, 0x20, 0x00, 0x21, 0x00, 0x21, 0x00, 0x21, 0x00,
    0x21, 0x00, 0x21, 0x00, 0x21, 0x00, 0xe4, 0x20, 0x21, 0x08, 0x21, 0x00, 0x01, 0x00, 0x01, 0x00,
    0x00, 0x00, 0x00, 0x00, 0x21, 0x10, 0x41, 0x28, 0x82, 0x50, 0xc4, 0x80, 0xc4, 0xa8, 0xe4, 0xb8,
    0xc4, 0xb8, 0x84, 0xc0, 0x84, 0xc0, 0xa4, 0xc0, 0xa4, 0xc0, 0xa4, 0xc0, 0xa4, 0xc0, 0xa3, 0xc0,
    0xe4, 0xb8, 0x62, 0x70, 0xc4, 0xa8, 0xa4, 0xc0, 0xa4, 0xb8, 0xe5, 0xb8, 0xe4, 0x90, 0x62, 0x40,
    0x00, 0x08, 0x00, 0x00, 0x00, 0x00, 0x00, 0x00, 0x00, 0x00, 0x00, 0x00, 0x00, 0x00, 0x00, 0x00,
    0x00, 0x00, 0x00, 0x00, 0x00, 0x00, 0x00, 0x00, 0x00, 0x00, 0x00, 0x00, 0x00, 0x00, 0x00, 0x00,
    0x00, 0x00, 0x00, 0x00, 0x00, 0x00, 0x00, 0x00, 0x00, 0x00, 0x00, 0x00, 0x00, 0x00, 0x00, 0x00,
    0x00, 0x00, 0x00, 0x00, 0x00, 0x00, 0x00, 0x00, 0x00, 0x00, 0x00, 0x00, 0x00, 0x00, 0x00, 0x00,
    0x00, 0x00, 0x00, 0x00, 0x00, 0x00, 0x00, 0x00, 0x00, 0x00, 0x00, 0x00, 0x00, 0x00, 0x00, 0x00,
    0x00, 0x00, 0x00, 0x00, 0x00, 0x00, 0x00, 0x00, 0x00, 0x00, 0x00, 0x00, 0x00, 0x00, 0x00, 0x00,
    0x00, 0x00, 0x00, 0x00, 0x00, 0x00, 0x00, 0x00, 0x00, 0x00, 0x00, 0x00, 0x00, 0x00, 0x00, 0x00,
    0x00, 0x00, 0x00, 0x00, 0x00, 0x00, 0x00, 0x00, 0x00, 0x00, 0x00, 0x00, 0x00, 0x00, 0x00, 0x00,
    0x00, 0x00, 0x00, 0x00, 0x00, 0x00, 0x00, 0x00, 0x00, 0x00, 0x00, 0x00, 0x00, 0x00, 0x00, 0x00,
    0x00, 0x00, 0x00, 0x00, 0x00, 0x00, 0x00, 0x00, 0x00, 0x00, 0x00, 0x00, 0x00, 0x00, 0x00, 0x00,
    0x00, 0x00, 0x00, 0x00, 0x00, 0x00, 0x00, 0x00, 0x00, 0x00, 0x00, 0x00, 0x00, 0x00, 0x00, 0x00,
    0x00, 0x00, 0x00, 0x00, 0x00, 0x00, 0x00, 0x00, 0x00, 0x00, 0x00, 0x00, 0x00, 0x00, 0x00, 0x00,
    0x00, 0x00, 0x00, 0x00, 0x00, 0x00, 0x00, 0x00, 0x00, 0x00, 0x00, 0x00, 0x00, 0x00, 0x00, 0x00,
    0x00, 0x00, 0x00, 0x00, 0x00, 0x00, 0x00, 0x00, 0x00, 0x00, 0x00, 0x00, 0x00, 0x00, 0x00, 0x00,
    0x00, 0x00, 0x00, 0x00, 0x00, 0x00, 0x00, 0x08, 0xa4, 0x50, 0xe5, 0x90, 0x83, 0xa0, 0x83, 0xa8,
    0x84, 0xa8, 0xa3, 0xa8, 0xa4, 0xb8, 0xa4, 0xb8, 0xa4, 0xb8, 0xa4, 0xc0, 0xa4, 0xc0, 0xa4, 0xc0,
    0xa3, 0xc0, 0xa3, 0xc0, 0xa4, 0xc0, 0xa4, 0xc0, 0xc4, 0xb8, 0xe5, 0xa0, 0xc3, 0x80, 0x82, 0x58,
    0x62, 0x40, 0x41, 0x20, 0x20, 0x08, 0x00, 0x00, 0x20, 0x00, 0x01, 0x00, 0x01, 0x00, 0x01, 0x00,
    0x21, 0x00, 0x21, 0x00, 0x21, 0x00, 0x21, 0x00, 0x21, 0x00, 0x21, 0x00, 0x20, 0x00, 0x20, 0x00,
    0x21, 0x00, 0x00, 0x08, 0xa4, 0x78, 0x62, 0x40, 0x61, 0x30, 0xc4, 0x78, 0x00, 0x08, 0x21, 0x00,
    0x21, 0x00, 0x21, 0x00, 0x21, 0x00, 0x21, 0x00, 0x21, 0x00, 0x21, 0x00, 0x21, 0x00, 0x21, 0x00,
    0x21, 0x00, 0x01, 0x00, 0x00, 0x00, 0x21, 0x00, 0x00, 0x00, 0x00, 0x00, 0x20, 0x10, 0x41, 0x28,
    0x82, 0x50, 0xa3, 0x70, 0xc4, 0x90, 0xc4, 0xb0, 0xc4, 0xb8, 0xc4, 0xc0, 0xa4, 0xc0, 0xa3, 0xc0,
    0xa4, 0xc0, 0xa4, 0xc0, 0xa4, 0xc0, 0xa4, 0xc0, 0xa4, 0xc0, 0xa4, 0xc0, 0xa4, 0xc0, 0xa4, 0xc0,
    0xc4, 0xb0, 0x62, 0x68, 0xe4, 0xa8, 0xe4, 0xb8, 0xe4, 0x90, 0x82, 0x48, 0x00, 0x08, 0x00, 0x00,
    0x00, 0x00, 0x00, 0x00, 0x00, 0x00, 0x00, 0x00, 0x00, 0x00, 0x00, 0x00, 0x00, 0x00, 0x00, 0x00,
    0x00, 0x00, 0x00, 0x00, 0x00, 0x00, 0x00, 0x00, 0x00, 0x00, 0x00, 0x00, 0x00, 0x00, 0x00, 0x00,
    0x00, 0x00, 0x00, 0x00, 0x00, 0x00, 0x00, 0x00, 0x00, 0x00, 0x00, 0x00, 0x00, 0x00, 0x00, 0x00,
    0x00, 0x00, 0x00, 0x00, 0x00, 0x00, 0x00, 0x00, 0x00, 0x00, 0x00, 0x00, 0x00, 0x00, 0x00, 0x00,
    0x00, 0x00, 0x00, 0x00, 0x00, 0x00, 0x00, 0x00, 0x00, 0x00, 0x00, 0x00, 0x00, 0x00, 0x00, 0x00,
    0x00, 0x00, 0x00, 0x00, 0x00, 0x00, 0x00, 0x00, 0x00, 0x00, 0x00, 0x00, 0x00, 0x00, 0x00, 0x00,
    0x00, 0x00, 0x00, 0x00, 0x00, 0x00, 0x00, 0x00, 0x00, 0x00, 0x00, 0x00, 0x00, 0x00, 0x00, 0x00,
    0x00, 0x00, 0x00, 0x00, 0x00, 0x00, 0x00, 0x00, 0x00, 0x00, 0x00, 0x00, 0x00, 0x00, 0x00, 0x00,
    0x00, 0x00, 0x00, 0x00, 0x00, 0x00, 0x00, 0x00, 0x00, 0x00, 0x00, 0x00, 0x00, 0x00, 0x00, 0x00,
    0x00, 0x00, 0x00, 0x00, 0x00, 0x00, 0x00, 0x00, 0x00, 0x00, 0x00, 0x00, 0x00, 0x00, 0x00, 0x00,
    0x00, 0x00, 0x00, 0x00, 0x00, 0x00, 0x00, 0x00, 0x00, 0x00, 0x00, 0x00, 0x00, 0x00, 0x00, 0x00,
    0x00, 0x00, 0x00, 0x00, 0x00, 0x00, 0x00, 0x00, 0x00, 0x00, 0x00, 0x00, 0x00, 0x00, 0x00, 0x00,
    0x00, 0x00, 0x00, 0x00, 0x00, 0x00, 0x00, 0x00, 0x00, 0x00, 0x00, 0x00, 0x00, 0x00, 0x00, 0x00,
    0x00, 0x00, 0x00, 0x00, 0x00, 0x00, 0x00, 0x00, 0x00, 0x00, 0x00, 0x00, 0x00, 0x00, 0x00, 0x00,
    0x00, 0x00, 0x00, 0x00, 0x00, 0x00, 0x00, 0x00, 0x61, 0x20, 0xc4, 0x70, 0xa5, 0xa8, 0x84, 0xa8,
    0x83, 0xa8, 0xa3, 0xa0, 0xa4, 0xb0, 0x83, 0xb8, 0x83, 0xb8, 0xa3, 0xb8, 0xa4, 0xc0, 0x84, 0xc0,
    0xa4, 0xc0, 0xa4, 0xc0, 0xa4, 0xc0, 0xa3, 0xb8, 0xa3, 0xc0, 0xa3, 0xc0, 0xa4, 0xc0, 0xc4, 0xc0,
    0xc5, 0xb8, 0xe4, 0xa0, 0xa4, 0x90, 0xa3, 0x78, 0x82, 0x58, 0x62, 0x40, 0x41, 0x20, 0x21, 0x18,
    0x00, 0x10, 0x00, 0x08, 0x00, 0x00, 0x20, 0x00, 0x21, 0x00, 0x20, 0x00, 0x21, 0x00, 0x20, 0x00,
    0x01, 0x00, 0x21, 0x00, 0x41, 0x18, 0x42, 0x20, 0x41, 0x10, 0x21, 0x10, 0x20, 0x00, 0x21, 0x00,
    0x21, 0x00, 0x21, 0x00, 0x21, 0x00, 0x21, 0x00, 0x20, 0x00, 0x20, 0x00, 0x00, 0x00, 0x00, 0x08,
    0x21, 0x08, 0x21, 0x18, 0x41, 0x28, 0x61, 0x40, 0x83, 0x58, 0xa3, 0x78, 0xc3, 0x98, 0xc5, 0xb0,
    0xc5, 0xc0, 0xa4, 0xc0, 0xc4, 0xc0, 0xa4, 0xc0, 0xa4, 0xc0, 0xa4, 0xb8, 0xa4, 0xc0, 0xa4, 0xc0,
    0xa4, 0xc0, 0xa4, 0xc0, 0xa4, 0xc0, 0xa4, 0xc0, 0xa4, 0xc0, 0xa4, 0xc0, 0xa3, 0xb8, 0xa4, 0xc0,
    0xc4, 0xa8, 0xa3, 0x68, 0x26, 0x89, 0x82, 0x58, 0x00, 0x10, 0x00, 0x00, 0x00, 0x00, 0x00, 0x00,
    0x00, 0x00, 0x00, 0x00, 0x00, 0x00, 0x00, 0x00, 0x00, 0x00, 0x00, 0x00, 0x00, 0x00, 0x00, 0x00,
    0x00, 0x00, 0x00, 0x00, 0x00, 0x00, 0x00, 0x00, 0x00, 0x00, 0x00, 0x00, 0x00, 0x00, 0x00, 0x00,
    0x00, 0x00, 0x00, 0x00, 0x00, 0x00, 0x00, 0x00, 0x00, 0x00, 0x00, 0x00, 0x00, 0x00, 0x00, 0x00,
    0x00, 0x00, 0x00, 0x00, 0x00, 0x00, 0x00, 0x00, 0x00, 0x00, 0x00, 0x00, 0x00, 0x00, 0x00, 0x00,
    0x00, 0x00, 0x00, 0x00, 0x00, 0x00, 0x00, 0x00, 0x00, 0x00, 0x00, 0x00, 0x00, 0x00, 0x00, 0x00,
    0x00, 0x00, 0x00, 0x00, 0x00, 0x00, 0x00, 0x00, 0x00, 0x00, 0x00, 0x00, 0x00, 0x00, 0x00, 0x00,
    0x00, 0x00, 0x00, 0x00, 0x00, 0x00, 0x00, 0x00, 0x00, 0x00, 0x00, 0x00, 0x00, 0x00, 0x00, 0x00,
    0x00, 0x00, 0x00, 0x00, 0x00, 0x00, 0x00, 0x00, 0x00, 0x00, 0x00, 0x00, 0x00, 0x00, 0x00, 0x00,
    0x00, 0x00, 0x00, 0x00, 0x00, 0x00, 0x00, 0x00, 0x00, 0x00, 0x00, 0x00, 0x00, 0x00, 0x00, 0x00,
    0x00, 0x00, 0x00, 0x00, 0x00, 0x00, 0x00, 0x00, 0x00, 0x00, 0x00, 0x00, 0x00, 0x00, 0x00, 0x00,
    0x00, 0x00, 0x00, 0x00, 0x00, 0x00, 0x00, 0x00, 0x00, 0x00, 0x00, 0x00, 0x00, 0x00, 0x00, 0x00,
    0x00, 0x00, 0x00, 0x00, 0x00, 0x00, 0x00, 0x00, 0x00, 0x00, 0x00, 0x00, 0x00, 0x00, 0x00, 0x00,
    0x00, 0x00, 0x00, 0x00, 0x00, 0x00, 0x00, 0x00, 0x00, 0x00, 0x00, 0x00, 0x00, 0x00, 0x00, 0x00,
    0x00, 0x00, 0x00, 0x00, 0x00, 0x00, 0x00, 0x00, 0x00, 0x00, 0x00, 0x00, 0x00, 0x00, 0x00, 0x00,
    0x00, 0x00, 0x00, 0x00, 0x00, 0x00, 0x00, 0x00, 0x00, 0x00, 0x00, 0x08, 0x62, 0x40, 0xa4, 0x80,
    0xa3, 0x80, 0xe5, 0x98, 0xe5, 0xc0, 0xc4, 0xc0, 0xa4, 0xc0, 0xa3, 0xb8, 0xa4, 0xb8, 0xa4, 0xb8,
    0xa4, 0xb8, 0xa4, 0xc0, 0xa4, 0xc0, 0xa4, 0xc0, 0xa3, 0xc0, 0xa3, 0xc0, 0xa3, 0xc0, 0x83, 0xb8,
    0xa4, 0xb8, 0xa4, 0xc0, 0xa4, 0xc0, 0xc4, 0xc0, 0xc5, 0xc0, 0xc5, 0xb0, 0xc5, 0xa8, 0xc4, 0xa0,
    0xc4, 0x90, 0xa3, 0x78, 0xc3, 0x68, 0x41, 0x20, 0x20, 0x00, 0x21, 0x08, 0x21, 0x00, 0x21, 0x00,
    0x20, 0x00, 0x21, 0x00, 0x21, 0x00, 0x21, 0x00, 0x21, 0x00, 0x20, 0x00, 0x21, 0x00, 0x21, 0x00,
    0x21, 0x00, 0x21, 0x00, 0x21, 0x00, 0x00, 0x00, 0x21, 0x20, 0xa2, 0x60, 0xa3, 0x78, 0xa4, 0x80,
    0xc4, 0x90, 0xc4, 0xa0, 0xe5, 0xb0, 0xe5, 0xb8, 0xc4, 0xc0, 0xa4, 0xc8, 0xa4, 0xc0, 0xa4, 0xc0,
    0xa3, 0xc0, 0xa3, 0xc0, 0xa4, 0xc0, 0xa4, 0xb8, 0xa4, 0xb8, 0xc5, 0xc0, 0xa4, 0xc0, 0xa4, 0xc0,
    0xa4, 0xc0, 0xa4, 0xc0, 0xa4, 0xc0, 0xa4, 0xc0, 0xa4, 0xc0, 0xa4, 0xc0, 0xc4, 0xc0, 0xe5, 0xb0,
    0xa3, 0x70, 0x41, 0x18, 0x20, 0x10, 0x00, 0x00, 0x00, 0x00, 0x00, 0x00, 0x00, 0x00, 0x00, 0x00,
    0x00, 0x00, 0x00, 0x00, 0x00, 0x00, 0x00, 0x00, 0x00, 0x00, 0x00, 0x00, 0x00, 0x00, 0x00, 0x00,
    0x00, 0x00, 0x00, 0x00, 0x00, 0x00, 0x00, 0x00, 0x00, 0x00, 0x00, 0x00, 0x00, 0x00, 0x00, 0x00,
    0x00, 0x00, 0x00, 0x00, 0x00, 0x00, 0x00, 0x00, 0x00, 0x00, 0x00, 0x00, 0x00, 0x00, 0x00, 0x00,
    0x00, 0x00, 0x00, 0x00, 0x00, 0x00, 0x00, 0x00, 0x00, 0x00, 0x00, 0x00, 0x00, 0x00, 0x00, 0x00,
    0x00, 0x00, 0x00, 0x00, 0x00, 0x00, 0x00, 0x00, 0x00, 0x00, 0x00, 0x00, 0x00, 0x00, 0x00, 0x00,
    0x00, 0x00, 0x00, 0x00, 0x00, 0x00, 0x00, 0x00, 0x00, 0x00, 0x00, 0x00, 0x00, 0x00, 0x00, 0x00,
    0x00, 0x00, 0x00, 0x00, 0x00, 0x00, 0x00, 0x00, 0x00, 0x00, 0x00, 0x00, 0x00, 0x00, 0x00, 0x00,
    0x00, 0x00, 0x00, 0x00, 0x00, 0x00, 0x00, 0x00, 0x00, 0x00, 0x00, 0x00, 0x00, 0x00, 0x00, 0x00,
    0x00, 0x00, 0x00, 0x00, 0x00, 0x00, 0x00, 0x00, 0x00, 0x00, 0x00, 0x00, 0x00, 0x00, 0x00, 0x00,
    0x00, 0x00, 0x00, 0x00, 0x00, 0x00, 0x00, 0x00, 0x00, 0x00, 0x00, 0x00, 0x00, 0x00, 0x00, 0x00,
    0x00, 0x00, 0x00, 0x00, 0x00, 0x00, 0x00, 0x00, 0x00, 0x00, 0x00, 0x00, 0x00, 0x00, 0x00, 0x00,
    0x00, 0x00, 0x00, 0x00, 0x00, 0x00, 0x00, 0x00, 0x00, 0x00, 0x00, 0x00, 0x00, 0x00, 0x00, 0x00,
    0x00, 0x00, 0x00, 0x00, 0x00, 0x00, 0x00, 0x00, 0x00, 0x00, 0x00, 0x00, 0x00, 0x00, 0x00, 0x00,
    0x00, 0x00, 0x00, 0x00, 0x00, 0x00, 0x00, 0x00, 0x00, 0x00, 0x00, 0x00, 0x00, 0x00, 0x00, 0x00,
    0x00, 0x00, 0x00, 0x00, 0x00, 0x00, 0x00, 0x00, 0x00, 0x00, 0x00, 0x00, 0x00, 0x00, 0x00, 0x00,
    0x20, 0x10, 0x41, 0x28, 0x62, 0x48, 0x83, 0x60, 0x84, 0x78, 0xe5, 0xb0, 0xc4, 0xc0, 0xa3, 0xc0,
    0xa4, 0xb8, 0xa4, 0xb8, 0x83, 0xa8, 0xa3, 0xa8, 0xa4, 0xc0, 0xa3, 0xc0, 0xa4, 0xb8, 0xa4, 0xc0,
    0xa4, 0xb8, 0xa4, 0xb8, 0xa4, 0xb8, 0xa3, 0xb8, 0xa4, 0xb8, 0xa4, 0xb8, 0xa4, 0xb8, 0xc4, 0xb8,
    0xc4, 0xc0, 0xc4, 0xc0, 0xc5, 0xc0, 0xe5, 0x98, 0x41, 0x28, 0x00, 0x00, 0x21, 0x00, 0x21, 0x00,
    0x21, 0x00, 0x21, 0x00, 0x21, 0x00, 0x21, 0x00, 0x21, 0x00, 0x21, 0x00, 0x20, 0x00, 0x21, 0x00,
    0x21, 0x00, 0x21, 0x00, 0x00, 0x00, 0x21, 0x20, 0xe5, 0x98, 0xe5, 0xc8, 0xe5, 0xc0, 0xc4, 0xc0,
    0xa4, 0xc0, 0xa4, 0xc0, 0xa4, 0xc0, 0xa4, 0xc0, 0xa4, 0xc0, 0xa4, 0xc0, 0xa4, 0xc0, 0xa4, 0xc0,
    0xa4, 0xc0, 0xa4, 0xc0, 0xa4, 0xc0, 0xc4, 0xc0, 0xc5, 0xb0, 0xa3, 0x90, 0xc4, 0xa8, 0xc4, 0xc0,
    0xa4, 0xc0, 0x84, 0xc0, 0x84, 0xb0, 0xc4, 0xb8, 0xc4, 0xb8, 0xc4, 0x98, 0xa3, 0x68, 0x41, 0x28,
    0x00, 0x00, 0x00, 0x00, 0x00, 0x00, 0x00, 0x00, 0x00, 0x00, 0x00, 0x00, 0x00, 0x00, 0x00, 0x00,
    0x00, 0x00, 0x00, 0x00, 0x00, 0x00, 0x00, 0x00, 0x00, 0x00, 0x00, 0x00, 0x00, 0x00, 0x00, 0x00,
    0x00, 0x00, 0x00, 0x00, 0x00, 0x00, 0x00, 0x00, 0x00, 0x00, 0x00, 0x00, 0x00, 0x00, 0x00, 0x00,
    0x00, 0x00, 0x00, 0x00, 0x00, 0x00, 0x00, 0x00, 0x00, 0x00, 0x00, 0x00, 0x00, 0x00, 0x00, 0x00,
    0x00, 0x00, 0x00, 0x00, 0x00, 0x00, 0x00, 0x00, 0x00, 0x00, 0x00, 0x00, 0x00, 0x00, 0x00, 0x00,
    0x00, 0x00, 0x00, 0x00, 0x00, 0x00, 0x00, 0x00, 0x00, 0x00, 0x00, 0x00, 0x00, 0x00, 0x00, 0x00,
    0x00, 0x00, 0x00, 0x00, 0x00, 0x00, 0x00, 0x00, 0x00, 0x00, 0x00, 0x00, 0x00, 0x00, 0x00, 0x00,
    0x00, 0x00, 0x00, 0x00, 0x00, 0x00, 0x00, 0x00, 0x00, 0x00, 0x00, 0x00, 0x00, 0x00, 0x00, 0x00,
    0x00, 0x00, 0x00, 0x00, 0x00, 0x00, 0x00, 0x00, 0x00, 0x00, 0x00, 0x00, 0x00, 0x00, 0x00, 0x00,
    0x00, 0x00, 0x00, 0x00, 0x00, 0x00, 0x00, 0x00, 0x00, 0x00, 0x00, 0x00, 0x00, 0x00, 0x00, 0x00,
    0x00, 0x00, 0x00, 0x00, 0x00, 0x00, 0x00, 0x00, 0x00, 0x00, 0x00, 0x00, 0x00, 0x00, 0x00, 0x00,
    0x00, 0x00, 0x00, 0x00, 0x00, 0x00, 0x00, 0x00, 0x00, 0x00, 0x00, 0x00, 0x00, 0x00, 0x00, 0x00,
    0x00, 0x00, 0x00, 0x00, 0x00, 0x00, 0x00, 0x00, 0x00, 0x00, 0x00, 0x00, 0x00, 0x00, 0x00, 0x00,
    0x00, 0x00, 0x00, 0x00, 0x00, 0x00, 0x00, 0x00, 0x00, 0x00, 0x00, 0x00, 0x00, 0x00, 0x00, 0x00,
    0x00, 0x00, 0x00, 0x00, 0x00, 0x00, 0x00, 0x00, 0x00, 0x00, 0x00, 0x00, 0x00, 0x00, 0x00, 0x00,
    0x00, 0x00, 0x00, 0x00, 0x00, 0x00, 0x00, 0x00, 0x00, 0x00, 0x00, 0x00, 0x00, 0x00, 0x00, 0x00,
    0x00, 0x00, 0x00, 0x00, 0x00, 0x00, 0x00, 0x00, 0x00, 0x00, 0x42, 0x30, 0xc4, 0x88, 0xe5, 0xb0,
    0xc4, 0xb0, 0xc4, 0xb8, 0xe4, 0xb8, 0xa3, 0xa0, 0xa3, 0xa8, 0xa4, 0xc0, 0x83, 0xc0, 0xa4, 0xc0,
    0xa4, 0xb8, 0xa4, 0xb8, 0x83, 0xb8, 0x83, 0xb0, 0xa4, 0xb8, 0x83, 0xb8, 0xc4, 0xc0, 0xa3, 0x80,
    0xc4, 0x90, 0xc4, 0xb8, 0xa3, 0xb8, 0xc3, 0xc0, 0xe5, 0x98, 0x41, 0x28, 0x20, 0x00, 0x21, 0x00,
    0x21, 0x00, 0x21, 0x00, 0x21, 0x00, 0x21, 0x00, 0x21, 0x00, 0x21, 0x00, 0x21, 0x00, 0x21, 0x00,
    0x21, 0x00, 0x00, 0x00, 0x21, 0x20, 0xe5, 0x98, 0xe4, 0xc0, 0xc4, 0xb8, 0xa3, 0xa8, 0x83, 0xb0,
    0xa4, 0xc0, 0xa4, 0xc0, 0xa4, 0xc0, 0x84, 0xc0, 0x84, 0xc0, 0x84, 0xc0, 0xa4, 0xc0, 0xa4, 0xc0,
    0xa4, 0xc0, 0xa4, 0xc0, 0xa4, 0xc0, 0xc4, 0xc0, 0xa2, 0x80, 0x82, 0x78, 0x82, 0x88, 0x82, 0x90,
    0xa4, 0xb8, 0xa4, 0xa8, 0xa4, 0x80, 0xa4, 0x60, 0x62, 0x38, 0x00, 0x10, 0x00, 0x00, 0x00, 0x00,
    0x00, 0x00, 0x00, 0x00, 0x00, 0x00, 0x00, 0x00, 0x00, 0x00, 0x00, 0x00, 0x00, 0x00, 0x00, 0x00,
    0x00, 0x00, 0x00, 0x00, 0x00, 0x00, 0x00, 0x00, 0x00, 0x00, 0x00, 0x00, 0x00, 0x00, 0x00, 0x00,
    0x00, 0x00, 0x00, 0x00, 0x00, 0x00, 0x00, 0x00, 0x00, 0x00, 0x00, 0x00, 0x00, 0x00, 0x00, 0x00,
    0x00, 0x00, 0x00, 0x00, 0x00, 0x00, 0x00, 0x00, 0x00, 0x00, 0x00, 0x00, 0x00, 0x00, 0x00, 0x00,
    0x00, 0x00, 0x00, 0x00, 0x00, 0x00, 0x00, 0x00, 0x00, 0x00, 0x00, 0x00, 0x00, 0x00, 0x00, 0x00,
    0x00, 0x00, 0x00, 0x00, 0x00, 0x00, 0x00, 0x00, 0x00, 0x00, 0x00, 0x00, 0x00, 0x00, 0x00, 0x00,
    0x00, 0x00, 0x00, 0x00, 0x00, 0x00, 0x00, 0x00, 0x00, 0x00, 0x00, 0x00, 0x00, 0x00, 0x00, 0x00,
    0x00, 0x00, 0x00, 0x00, 0x00, 0x00, 0x00, 0x00, 0x00, 0x00, 0x00, 0x00, 0x00, 0x00, 0x00, 0x00,
    0x00, 0x00, 0x00, 0x00, 0x00, 0x00, 0x00, 0x00, 0x00, 0x00, 0x00, 0x00, 0x00, 0x00, 0x00, 0x00,
    0x00, 0x00, 0x00, 0x00, 0x00, 0x00, 0x00, 0x00, 0x00, 0x00, 0x00, 0x00, 0x00, 0x00, 0x00, 0x00,
    0x00, 0x00, 0x00, 0x00, 0x00, 0x00, 0x00, 0x00, 0x00, 0x00, 0x00, 0x00, 0x00, 0x00, 0x00, 0x00,
    0x00, 0x00, 0x00, 0x00, 0x00, 0x00, 0x00, 0x00, 0x00, 0x00, 0x00, 0x00, 0x00, 0x00, 0x00, 0x00,
    0x00, 0x00, 0x00, 0x00, 0x00, 0x00, 0x00, 0x00, 0x00, 0x00, 0x00, 0x00, 0x00, 0x00, 0x00, 0x00,
    0x00, 0x00, 0x00, 0x00, 0x00, 0x00, 0x00, 0x00, 0x00, 0x00, 0x00, 0x00, 0x00, 0x00, 0x00, 0x00,
    0x00, 0x00, 0x00, 0x00, 0x00, 0x00, 0x00, 0x00, 0x00, 0x00, 0x00, 0x00, 0x00, 0x00, 0x00, 0x00,
    0x00, 0x00, 0x00, 0x00, 0x00, 0x00, 0x00, 0x00, 0x00, 0x00, 0x00, 0x00, 0x00, 0x00, 0x00, 0x00,
    0x00, 0x00, 0x00, 0x00, 0x00, 0x00, 0x00, 0x00, 0x00, 0x00, 0x00, 0x00, 0x00, 0x08, 0x42, 0x30,
    0xc4, 0x78, 0xe5, 0x90, 0xc4, 0x80, 0x05, 0x99, 0xa3, 0x70, 0xa4, 0x90, 0xc5, 0xc0, 0xa4, 0xc0,
    0xa4, 0xb8, 0xa4, 0xb8, 0x84, 0xb8, 0xa3, 0xa0, 0xe4, 0xa8, 0xc4, 0xc0, 0xc4, 0x98, 0x61, 0x40,
    0x62, 0x50, 0xe5, 0xb8, 0xc4, 0xb0, 0xe4, 0xb0, 0xe4, 0xb8, 0xe5, 0xa0, 0x41, 0x30, 0x00, 0x00,
    0x21, 0x00, 0x21, 0x00, 0x21, 0x00, 0x21, 0x00, 0x20, 0x00, 0x21, 0x00, 0x21, 0x00, 0x21, 0x00,
    0x00, 0x00, 0x21, 0x20, 0xe4, 0x90, 0xe4, 0xc0, 0xc4, 0xb8, 0xa4, 0xb8, 0xa3, 0xb8, 0xa4, 0xb8,
    0xa4, 0xb8, 0xa4, 0xc0, 0xa4, 0xc0, 0xa4, 0xc0, 0xa4, 0xc0, 0xa4, 0xc0, 0xa4, 0xc0, 0xa4, 0xc0,
    0x83, 0xb8, 0x83, 0xb8, 0xa4, 0xc0, 0xc3, 0xa0, 0xc3, 0x88, 0x05, 0xb9, 0xe5, 0xa8, 0xc4, 0x78,
    0x63, 0x50, 0x62, 0x38, 0x21, 0x18, 0x00, 0x00, 0x00, 0x00, 0x00, 0x00, 0x00, 0x00, 0x00, 0x00,
    0x00, 0x00, 0x00, 0x00, 0x00, 0x00, 0x00, 0x00, 0x00, 0x00, 0x00, 0x00, 0x00, 0x00, 0x00, 0x00,
    0x00, 0x00, 0x00, 0x00, 0x00, 0x00, 0x00, 0x00, 0x00, 0x00, 0x00, 0x00, 0x00, 0x00, 0x00, 0x00,
    0x00, 0x00, 0x00, 0x00, 0x00, 0x00, 0x00, 0x00, 0x00, 0x00, 0x00, 0x00, 0x00, 0x00, 0x00, 0x00,
    0x00, 0x00, 0x00, 0x00, 0x00, 0x00, 0x00, 0x00, 0x00, 0x00, 0x00, 0x00, 0x00, 0x00, 0x00, 0x00,
    0x00, 0x00, 0x00, 0x00, 0x00, 0x00, 0x00, 0x00, 0x00, 0x00, 0x00, 0x00, 0x00, 0x00, 0x00, 0x00,
    0x00, 0x00, 0x00, 0x00, 0x00, 0x00, 0x00, 0x00, 0x00, 0x00, 0x00, 0x00, 0x00, 0x00, 0x00, 0x00,
    0x00, 0x00, 0x00, 0x00, 0x00, 0x00, 0x00, 0x00, 0x00, 0x00, 0x00, 0x00, 0x00, 0x00, 0x00, 0x00,
    0x00, 0x00, 0x00, 0x00, 0x00, 0x00, 0x00, 0x00, 0x00, 0x00, 0x00, 0x00, 0x00, 0x00, 0x00, 0x00,
    0x00, 0x00, 0x00, 0x00, 0x00, 0x00, 0x00, 0x00, 0x00, 0x00, 0x00, 0x00, 0x00, 0x00, 0x00, 0x00,
    0x00, 0x00, 0x00, 0x00, 0x00, 0x00, 0x00, 0x00, 0x00, 0x00, 0x00, 0x00, 0x00, 0x00, 0x00, 0x00,
    0x00, 0x00, 0x00, 0x00, 0x00, 0x00, 0x00, 0x00, 0x00, 0x00, 0x00, 0x00, 0x00, 0x00, 0x00, 0x00,
    0x00, 0x00, 0x00, 0x00, 0x00, 0x00, 0x00, 0x00, 0x00, 0x00, 0x00, 0x00, 0x00, 0x00, 0x00, 0x00,
    0x00, 0x00, 0x00, 0x00, 0x00, 0x00, 0x00, 0x00, 0x00, 0x00, 0x00, 0x00, 0x00, 0x00, 0x00, 0x00,
    0x00, 0x00, 0x00, 0x00, 0x00, 0x00, 0x00, 0x00, 0x00, 0x00, 0x00, 0x00, 0x00, 0x00, 0x00, 0x00,
    0x00, 0x00, 0x00, 0x00, 0x00, 0x00, 0x00, 0x00, 0x00, 0x00, 0x00, 0x00, 0x00, 0x00, 0x00, 0x00,
    0x00, 0x00, 0x00, 0x00, 0x00, 0x00, 0x00, 0x00, 0x00, 0x00, 0x00, 0x00, 0x00, 0x00, 0x00, 0x00,
    0x00, 0x00, 0x00, 0x00, 0x00, 0x00, 0x00, 0x00, 0x00, 0x00, 0x00, 0x00, 0x00, 0x00, 0x00, 0x00,
    0x00, 0x00, 0x00, 0x08, 0x00, 0x00, 0x21, 0x10, 0x21, 0x10, 0x00, 0x10, 0xa3, 0x58, 0xc4, 0x98,
    0xa4, 0xb0, 0xa4, 0xb8, 0xa4, 0xb0, 0x82, 0x70, 0x62, 0x60, 0xc5, 0x90, 0x41, 0x58, 0x82, 0x58,
    0x82, 0x58, 0xa3, 0x80, 0xc4, 0x80, 0xa4, 0x78, 0xe4, 0xb0, 0xc4, 0xc0, 0xe5, 0xa0, 0x41, 0x28,
    0x00, 0x00, 0x21, 0x00, 0x21, 0x00, 0x21, 0x00, 0x21, 0x00, 0x21, 0x00, 0x21, 0x00, 0x21, 0x00,
    0x21, 0x20, 0xe5, 0x98, 0xe5, 0xc0, 0xc4, 0xb8, 0xc4, 0xb0, 0xa4, 0xb8, 0x84, 0xc0, 0x84, 0xb8,
    0xa4, 0xb8, 0xa4, 0xc0, 0xa4, 0xc0, 0x84, 0xc0, 0x84, 0xc0, 0x84, 0xc0, 0x83, 0xc0, 0x83, 0xc0,
    0xa4, 0xc0, 0xc4, 0xc0, 0xe5, 0xb8, 0xc4, 0x70, 0xe5, 0x78, 0xa3, 0x58, 0x41, 0x30, 0x21, 0x18,
    0x00, 0x00, 0x00, 0x00, 0x00, 0x00, 0x00, 0x00, 0x00, 0x00, 0x00, 0x00, 0x00, 0x00, 0x00, 0x00,
    0x00, 0x00, 0x00, 0x00, 0x00, 0x00, 0x00, 0x00, 0x00, 0x00, 0x00, 0x00, 0x00, 0x00, 0x00, 0x00,
    0x00, 0x00, 0x00, 0x00, 0x00, 0x00, 0x00, 0x00, 0x00, 0x00, 0x00, 0x00, 0x00, 0x00, 0x00, 0x00,
    0x00, 0x00, 0x00, 0x00, 0x00, 0x00, 0x00, 0x00, 0x00, 0x00, 0x00, 0x00, 0x00, 0x00, 0x00, 0x00,
    0x00, 0x00, 0x00, 0x00, 0x00, 0x00, 0x00, 0x00, 0x00, 0x00, 0x00, 0x00, 0x00, 0x00, 0x00, 0x00,
    0x00, 0x00, 0x00, 0x00, 0x00, 0x00, 0x00, 0x00, 0x00, 0x00, 0x00, 0x00, 0x00, 0x00, 0x00, 0x00,
    0x00, 0x00, 0x00, 0x00, 0x00, 0x00, 0x00, 0x00, 0x00, 0x00, 0x00, 0x00, 0x00, 0x00, 0x00, 0x00,
    0x00, 0x00, 0x00, 0x00, 0x00, 0x00, 0x00, 0x00, 0x00, 0x00, 0x00, 0x00, 0x00, 0x00, 0x00, 0x00,
    0x00, 0x00, 0x00, 0x00, 0x00, 0x00, 0x00, 0x00, 0x00, 0x00, 0x00, 0x00, 0x00, 0x00, 0x00, 0x00,
    0x00, 0x00, 0x00, 0x00, 0x00, 0x00, 0x00, 0x00, 0x00, 0x00, 0x00, 0x00, 0x00, 0x00, 0x00, 0x00,
    0x00, 0x00, 0x00, 0x00, 0x00, 0x00, 0x00, 0x00, 0x00, 0x00, 0x00, 0x00, 0x00, 0x00, 0x00, 0x00,
    0x00, 0x00, 0x00, 0x00, 0x00, 0x00, 0x00, 0x00, 0x00, 0x00, 0x00, 0x00, 0x00, 0x00, 0x00, 0x00,
    0x00, 0x00, 0x00, 0x00, 0x00, 0x00, 0x00, 0x00, 0x00, 0x00, 0x00, 0x00, 0x00, 0x00, 0x00, 0x00,
    0x00, 0x00, 0x00, 0x00, 0x00, 0x00, 0x00, 0x00, 0x00, 0x00, 0x00, 0x00, 0x00, 0x00, 0x00, 0x00,
    0x00, 0x00, 0x00, 0x00, 0x00, 0x00, 0x00, 0x00, 0x00, 0x00, 0x00, 0x00, 0x00, 0x00, 0x00, 0x00,
    0x00, 0x00, 0x00, 0x00, 0x00, 0x00, 0x00, 0x00, 0x00, 0x00, 0x00, 0x00, 0x00, 0x00, 0x00, 0x00,
    0x00, 0x00, 0x00, 0x00, 0x00, 0x00, 0x00, 0x00, 0x00, 0x00, 0x00, 0x00, 0x00, 0x00, 0x00, 0x00,
    0x00, 0x00, 0x00, 0x00, 0x00, 0x00, 0x00, 0x00, 0x00, 0x00, 0x00, 0x00, 0x00, 0x00, 0x00, 0x00,
    0x00, 0x00, 0x00, 0x00, 0x00, 0x00, 0x00, 0x00, 0x00, 0x00, 0x00, 0x00, 0x00, 0x00, 0xc4, 0x60,
    0xc4, 0x78, 0x82, 0x58, 0xe4, 0x80, 0x62, 0x40, 0xc3, 0x40, 0xa3, 0x68, 0xe4, 0x78, 0x05, 0xa9,
    0x04, 0xa1, 0xe4, 0x90, 0x82, 0x60, 0x41, 0x48, 0xa3, 0x88, 0xe3, 0xb8, 0xc3, 0xb8, 0xe5, 0xa0,
    0x41, 0x28, 0x20, 0x00, 0x21, 0x00, 0x21, 0x00, 0x21, 0x00, 0x21, 0x00, 0x00, 0x00, 0x21, 0x20,
    0xe5, 0x98, 0xe4, 0xc8, 0xc4, 0xc0, 0xc3, 0xa8, 0xa3, 0xa8, 0xa4, 0xb8, 0x83, 0xc0, 0xa3, 0xb8,
    0x83, 0xc0, 0x84, 0xc0, 0xa4, 0xc0, 0xa4, 0xc8, 0xa4, 0xc8, 0xc4, 0xc0, 0xa4, 0xb8, 0xc4, 0xa8,
    0xc4, 0x88, 0x83, 0x68, 0x62, 0x38, 0x20, 0x10, 0x00, 0x00, 0x00, 0x00, 0x00, 0x00, 0x00, 0x00,
    0x00, 0x00, 0x00, 0x00, 0x00, 0x00, 0x00, 0x00, 0x00, 0x00, 0x00, 0x00, 0x00, 0x00, 0x00, 0x00,
    0x00, 0x00, 0x00, 0x00, 0x00, 0x00, 0x00, 0x00, 0x00, 0x00, 0x00, 0x00, 0x00, 0x00, 0x00, 0x00,
    0x00, 0x00, 0x00, 0x00, 0x00, 0x00, 0x00, 0x00, 0x00, 0x00, 0x00, 0x00, 0x00, 0x00, 0x00, 0x00,
    0x00, 0x00, 0x00, 0x00, 0x00, 0x00, 0x00, 0x00, 0x00, 0x00, 0x00, 0x00, 0x00, 0x00, 0x00, 0x00,
    0x00, 0x00, 0x00, 0x00, 0x00, 0x00, 0x00, 0x00, 0x00, 0x00, 0x00, 0x00, 0x00, 0x00, 0x00, 0x00,
    0x00, 0x00, 0x00, 0x00, 0x00, 0x00, 0x00, 0x00, 0x00, 0x00, 0x00, 0x00, 0x00, 0x00, 0x00, 0x00,
    0x00, 0x00, 0x00, 0x00, 0x00, 0x00, 0x00, 0x00, 0x00, 0x00, 0x00, 0x00, 0x00, 0x00, 0x00, 0x00,
    0x00, 0x00, 0x00, 0x00, 0x00, 0x00, 0x00, 0x00, 0x00, 0x00, 0x00, 0x00, 0x00, 0x00, 0x00, 0x00,
    0x00, 0x00, 0x00, 0x00, 0x00, 0x00, 0x00, 0x00, 0x00, 0x00, 0x00, 0x00, 0x00, 0x00, 0x00, 0x00,
    0x00, 0x00, 0x00, 0x00, 0x00, 0x00, 0x00, 0x00, 0x00, 0x00, 0x00, 0x00, 0x00, 0x00, 0x00, 0x00,
    0x00, 0x00, 0x00, 0x00, 0x00, 0x00, 0x00, 0x00, 0x00, 0x00, 0x00, 0x00, 0x00, 0x00, 0x00, 0x00,
    0x00, 0x00, 0x00, 0x00, 0x00, 0x00, 0x00, 0x00, 0x00, 0x00, 0x00, 0x00, 0x00, 0x00, 0x00, 0x00,
    0x00, 0x00, 0x00, 0x00, 0x00, 0x00, 0x00, 0x00, 0x00, 0x00, 0x00, 0x00, 0x00, 0x00, 0x00, 0x00,
    0x00, 0x00, 0x00, 0x00, 0x00, 0x00, 0x00, 0x00, 0x00, 0x00, 0x00, 0x00, 0x00, 0x00, 0x00, 0x00,
    0x00, 0x00, 0x00, 0x00, 0x00, 0x00, 0x00, 0x00, 0x00, 0x00, 0x00, 0x00, 0x00, 0x00, 0x00, 0x00,
    0x00, 0x00, 0x00, 0x00, 0x00, 0x00, 0x00, 0x00, 0x00, 0x00, 0x00, 0x00, 0x00, 0x00, 0x00, 0x00,
    0x00, 0x00, 0x00, 0x00, 0x00, 0x00, 0x00, 0x00, 0x00, 0x00, 0x00, 0x00, 0x00, 0x00, 0x00, 0x00,
    0x00, 0x00, 0x00, 0x00, 0x00, 0x00, 0x00, 0x00, 0x00, 0x00, 0x00, 0x00, 0x00, 0x00, 0x00, 0x00,
    0x00, 0x00, 0x00, 0x00, 0x00, 0x00, 0x00, 0x00, 0x00, 0x00, 0x00, 0x00, 0x00, 0x00, 0x00, 0x08,
    0x20, 0x08, 0x00, 0x00, 0x41, 0x20, 0x00, 0x08, 0x05, 0x61, 0xe5, 0x70, 0x41, 0x28, 0x82, 0x48,
    0x83, 0x68, 0x05, 0x99, 0xe5, 0x88, 0xe4, 0x78, 0xe4, 0x98, 0xe4, 0x98, 0xc4, 0xc0, 0xc4, 0xc0,
    0xe5, 0x98, 0x41, 0x28, 0x00, 0x00, 0x21, 0x08, 0x21, 0x08, 0x21, 0x00, 0x21, 0x18, 0xe5, 0x90,
    0xe4, 0xc8, 0xe4, 0xc8, 0x04, 0xa1, 0x04, 0x99, 0xe5, 0xb8, 0xc5, 0xb8, 0xc5, 0xb8, 0xc5, 0xb0,
    0xc5, 0xb0, 0xc5, 0xa8, 0xc4, 0x90, 0xa4, 0x80, 0x83, 0x68, 0x62, 0x48, 0x41, 0x28, 0x20, 0x18,
    0x00, 0x00, 0x00, 0x00, 0x00, 0x00, 0x00, 0x00, 0x00, 0x00, 0x00, 0x00, 0x00, 0x00, 0x00, 0x00,
    0x00, 0x00, 0x00, 0x00, 0x00, 0x00, 0x00, 0x00, 0x00, 0x00, 0x00, 0x00, 0x00, 0x00, 0x00, 0x00,
    0x00, 0x00, 0x00, 0x00, 0x00, 0x00, 0x00, 0x00, 0x00, 0x00, 0x00, 0x00, 0x00, 0x00, 0x00, 0x00,
    0x00, 0x00, 0x00, 0x00, 0x00, 0x00, 0x00, 0x00, 0x00, 0x00, 0x00, 0x00, 0x00, 0x00, 0x00, 0x00,
    0x00, 0x00, 0x00, 0x00, 0x00, 0x00, 0x00, 0x00, 0x00, 0x00, 0x00, 0x00, 0x00, 0x00, 0x00, 0x00,
    0x00, 0x00, 0x00, 0x00, 0x00, 0x00, 0x00, 0x00, 0x00, 0x00, 0x00, 0x00, 0x00, 0x00, 0x00, 0x00,
    0x00, 0x00, 0x00, 0x00, 0x00, 0x00, 0x00, 0x00, 0x00, 0x00, 0x00, 0x00, 0x00, 0x00, 0x00, 0x00,
    0x00, 0x00, 0x00, 0x00, 0x00, 0x00, 0x00, 0x00, 0x00, 0x00, 0x00, 0x00, 0x00, 0x00, 0x00, 0x00,
    0x00, 0x00, 0x00, 0x00, 0x00, 0x00, 0x00, 0x00, 0x00, 0x00, 0x00, 0x00, 0x00, 0x00, 0x00, 0x00,
    0x00, 0x00, 0x00, 0x00, 0x00, 0x00, 0x00, 0x00, 0x00, 0x00, 0x00, 0x00, 0x00, 0x00, 0x00, 0x00,
    0x00, 0x00, 0x00, 0x00, 0x00, 0x00, 0x00, 0x00, 0x00, 0x00, 0x00, 0x00, 0x00, 0x00, 0x00, 0x00,
    0x00, 0x00, 0x00, 0x00, 0x00, 0x00, 0x00, 0x00, 0x00, 0x00, 0x00, 0x00, 0x00, 0x00, 0x00, 0x00,
    0x00, 0x00, 0x00, 0x00, 0x00, 0x00, 0x00, 0x00, 0x00, 0x00, 0x00, 0x00, 0x00, 0x00, 0x00, 0x00,
    0x00, 0x00, 0x00, 0x00, 0x00, 0x00, 0x00, 0x00, 0x00, 0x00, 0x00, 0x00, 0x00, 0x00, 0x00, 0x00,
    0x00, 0x00, 0x00, 0x00, 0x00, 0x00, 0x00, 0x00, 0x00, 0x00, 0x00, 0x00, 0x00, 0x00, 0x00, 0x00,
    0x00, 0x00, 0x00, 0x00, 0x00, 0x00, 0x00, 0x00, 0x00, 0x00, 0x00, 0x00, 0x00, 0x00, 0x00, 0x00,
    0x00, 0x00, 0x00, 0x00, 0x00, 0x00, 0x00, 0x00, 0x00, 0x00, 0x00, 0x00, 0x00, 0x00, 0x00, 0x00,
    0x00, 0x00, 0x00, 0x00, 0x00, 0x00, 0x00, 0x00, 0x00, 0x00, 0x00, 0x00, 0x00, 0x00, 0x00, 0x00,
    0x00, 0x00, 0x00, 0x00, 0x00, 0x00, 0x00, 0x00, 0x00, 0x00, 0x00, 0x00, 0x00, 0x00, 0x00, 0x00,
    0x00, 0x00, 0x00, 0x00, 0x00, 0x00, 0x00, 0x00, 0x00, 0x00, 0x00, 0x00, 0x00, 0x00, 0x00, 0x00,
    0x00, 0x00, 0x00, 0x00, 0x00, 0x00, 0x00, 0x00, 0x00, 0x00, 0x00, 0x00, 0x00, 0x00, 0x00, 0x00,
    0x00, 0x00, 0x20, 0x10, 0x42, 0x20, 0x61, 0x28, 0x62, 0x38, 0x20, 0x20, 0xe4, 0x80, 0xe4, 0xc0,
    0xa4, 0xc0, 0xe5, 0x98, 0x41, 0x20, 0x00, 0x00, 0x21, 0x00, 0x21, 0x18, 0xe5, 0x90, 0xe4, 0xc8,
    0xe5, 0xc0, 0xe5, 0x88, 0x81, 0x30, 0xa3, 0x48, 0x82, 0x50, 0x82, 0x48, 0x62, 0x38, 0x41, 0x28,
    0x21, 0x20, 0x21, 0x10, 0x00, 0x08, 0x00, 0x00, 0x00, 0x00, 0x00, 0x00, 0x00, 0x00, 0x00, 0x00,
    0x00, 0x00, 0x00, 0x00, 0x00, 0x00, 0x00, 0x00, 0x00, 0x00, 0x00, 0x00, 0x00, 0x00, 0x00, 0x00,
    0x00, 0x00, 0x00, 0x00, 0x00, 0x00, 0x00, 0x00, 0x00, 0x00, 0x00, 0x00, 0x00, 0x00, 0x00, 0x00,
    0x00, 0x00, 0x00, 0x00, 0x00, 0x00, 0x00, 0x00, 0x00, 0x00, 0x00, 0x00, 0x00, 0x00, 0x00, 0x00,
    0x00, 0x00, 0x00, 0x00, 0x00, 0x00, 0x00, 0x00, 0x00, 0x00, 0x00, 0x00, 0x00, 0x00, 0x00, 0x00,
    0x00, 0x00, 0x00, 0x00, 0x00, 0x00, 0x00, 0x00, 0x00, 0x00, 0x00, 0x00, 0x00, 0x00, 0x00, 0x00,
    0x00, 0x00, 0x00, 0x00, 0x00, 0x00, 0x00, 0x00, 0x00, 0x00, 0x00, 0x00, 0x00, 0x00, 0x00, 0x00,
    0x00, 0x00, 0x00, 0x00, 0x00, 0x00, 0x00, 0x00, 0x00, 0x00, 0x00, 0x00, 0x00, 0x00, 0x00, 0x00,
    0x00, 0x00, 0x00, 0x00, 0x00, 0x00, 0x00, 0x00, 0x00, 0x00, 0x00, 0x00, 0x00, 0x00, 0x00, 0x00,
    0x00, 0x00, 0x00, 0x00, 0x00, 0x00, 0x00, 0x00, 0x00, 0x00, 0x00, 0x00, 0x00, 0x00, 0x00, 0x00,
    0x00, 0x00, 0x00, 0x00, 0x00, 0x00, 0x00, 0x00, 0x00, 0x00, 0x00, 0x00, 0x00, 0x00, 0x00, 0x00,
    0x00, 0x00, 0x00, 0x00, 0x00, 0x00, 0x00, 0x00, 0x00, 0x00, 0x00, 0x00, 0x00, 0x00, 0x00, 0x00,
    0x00, 0x00, 0x00, 0x00, 0x00, 0x00, 0x00, 0x00, 0x00, 0x00, 0x00, 0x00, 0x00, 0x00, 0x00, 0x00,
    0x00, 0x00, 0x00, 0x00, 0x00, 0x00, 0x00, 0x00, 0x00, 0x00, 0x00, 0x00, 0x00, 0x00, 0x00, 0x00,
    0x00, 0x00, 0x00, 0x00, 0x00, 0x00, 0x00, 0x00, 0x00, 0x00, 0x00, 0x00, 0x00, 0x00, 0x00, 0x00,
    0x00, 0x00, 0x00, 0x00, 0x00, 0x00, 0x00, 0x00, 0x00, 0x00, 0x00, 0x00, 0x00, 0x00, 0x00, 0x00,
    0x00, 0x00, 0x00, 0x00, 0x00, 0x00, 0x00, 0x00, 0x00, 0x00, 0x00, 0x00, 0x00, 0x00, 0x00, 0x00,
    0x00, 0x00, 0x00, 0x00, 0x00, 0x00, 0x00, 0x00, 0x00, 0x00, 0x00, 0x00, 0x00, 0x00, 0x00, 0x00,
    0x00, 0x00, 0x00, 0x00, 0x00, 0x00, 0x00, 0x00, 0x00, 0x00, 0x00, 0x00, 0x00, 0x00, 0x00, 0x00,
    0x00, 0x00, 0x00, 0x00, 0x00, 0x00, 0x00, 0x00, 0x00, 0x00, 0x00, 0x00, 0x00, 0x00, 0x00, 0x00,
    0x00, 0x00, 0x00, 0x00, 0x00, 0x00, 0x00, 0x00, 0x00, 0x00, 0x00, 0x00, 0x00, 0x00, 0x00, 0x00,
    0x00, 0x00, 0x00, 0x00, 0x00, 0x00, 0x00, 0x00, 0x00, 0x00, 0x00, 0x00, 0x00, 0x00, 0x00, 0x00,
    0x00, 0x00, 0x00, 0x00, 0x00, 0x00, 0x00, 0x00, 0x00, 0x00, 0x00, 0x00, 0x00, 0x10, 0xc4, 0x80,
    0xc4, 0xc0, 0xa3, 0xc0, 0xc5, 0x98, 0x21, 0x20, 0x20, 0x18, 0xe5, 0x90, 0xe5, 0xc0, 0xe4, 0xc0,
    0xc4, 0x88, 0x20, 0x10, 0x00, 0x00, 0x00, 0x00, 0x00, 0x00, 0x00, 0x00, 0x00, 0x00, 0x00, 0x00,
    0x00, 0x00, 0x00, 0x00, 0x00, 0x00, 0x00, 0x00, 0x00, 0x00, 0x00, 0x00, 0x00, 0x00, 0x00, 0x00,
    0x00, 0x00, 0x00, 0x00, 0x00, 0x00, 0x00, 0x00, 0x00, 0x00, 0x00, 0x00, 0x00, 0x00, 0x00, 0x00,
    0x00, 0x00, 0x00, 0x00, 0x00, 0x00, 0x00, 0x00, 0x00, 0x00, 0x00, 0x00, 0x00, 0x00, 0x00, 0x00,
    0x00, 0x00, 0x00, 0x00, 0x00, 0x00, 0x00, 0x00, 0x00, 0x00, 0x00, 0x00, 0x00, 0x00, 0x00, 0x00,
    0x00, 0x00, 0x00, 0x00, 0x00, 0x00, 0x00, 0x00, 0x00, 0x00, 0x00, 0x00, 0x00, 0x00, 0x00, 0x00,
    0x00, 0x00, 0x00, 0x00, 0x00, 0x00, 0x00, 0x00, 0x00, 0x00, 0x00, 0x00, 0x00, 0x00, 0x00, 0x00,
    0x00, 0x00, 0x00, 0x00, 0x00, 0x00, 0x00, 0x00, 0x00, 0x00, 0x00, 0x00, 0x00, 0x00, 0x00, 0x00,
    0x00, 0x00, 0x00, 0x00, 0x00, 0x00, 0x00, 0x00, 0x00, 0x00, 0x00, 0x00, 0x00, 0x00, 0x00, 0x00,
    0x00, 0x00, 0x00, 0x00, 0x00, 0x00, 0x00, 0x00, 0x00, 0x00, 0x00, 0x00, 0x00, 0x00, 0x00, 0x00,
    0x00, 0x00, 0x00, 0x00, 0x00, 0x00, 0x00, 0x00, 0x00, 0x00, 0x00, 0x00, 0x00, 0x00, 0x00, 0x00,
    0x00, 0x00, 0x00, 0x00, 0x00, 0x00, 0x00, 0x00, 0x00, 0x00, 0x00, 0x00, 0x00, 0x00, 0x00, 0x00,
    0x00, 0x00, 0x00, 0x00, 0x00, 0x00, 0x00, 0x00, 0x00, 0x00, 0x00, 0x00, 0x00, 0x00, 0x00, 0x00,
    0x00, 0x00, 0x00, 0x00, 0x00, 0x00, 0x00, 0x00, 0x00, 0x00, 0x00, 0x00, 0x00, 0x00, 0x00, 0x00,
    0x00, 0x00, 0x00, 0x00, 0x00, 0x00, 0x00, 0x00, 0x00, 0x00, 0x00, 0x00, 0x00, 0x00, 0x00, 0x00,
    0x00, 0x00, 0x00, 0x00, 0x00, 0x00, 0x00, 0x00, 0x00, 0x00, 0x00, 0x00, 0x00, 0x00, 0x00, 0x00,
    0x00, 0x00, 0x00, 0x00, 0x00, 0x00, 0x00, 0x00, 0x00, 0x00, 0x00, 0x00, 0x00, 0x00, 0x00, 0x00,
    0x00, 0x00, 0x00, 0x00, 0x00, 0x00, 0x00, 0x00, 0x00, 0x00, 0x00, 0x00, 0x00, 0x00, 0x00, 0x00,
    0x00, 0x00, 0x00, 0x00, 0x00, 0x00, 0x00, 0x00, 0x00, 0x00, 0x00, 0x00, 0x00, 0x00, 0x00, 0x00,
    0x00, 0x00, 0x00, 0x00, 0x00, 0x00, 0x00, 0x00, 0x00, 0x00, 0x00, 0x00, 0x00, 0x00, 0x00, 0x00,
    0x00, 0x00, 0x00, 0x00, 0x00, 0x00, 0x00, 0x00, 0x00, 0x00, 0x00, 0x00, 0x00, 0x00, 0x00, 0x00,
    0x00, 0x00, 0x00, 0x00, 0x00, 0x00, 0x00, 0x00, 0x00, 0x00, 0x00, 0x00, 0x00, 0x00, 0x00, 0x00,
    0x00, 0x00, 0x00, 0x00, 0x00, 0x00, 0x00, 0x00, 0x00, 0x00, 0x00, 0x00, 0x00, 0x00, 0x00, 0x00,
    0x00, 0x00, 0x00, 0x00, 0x00, 0x00, 0x00, 0x00, 0x00, 0x00, 0x00, 0x00, 0x00, 0x00, 0x00, 0x10,
    0xe4, 0x88, 0xc4, 0xc0, 0xc4, 0xc0, 0xc5, 0x98, 0xc4, 0x98, 0xe4, 0xc0, 0xc4, 0xc8, 0xe4, 0x88,
    0x00, 0x10, 0x00, 0x00, 0x00, 0x00, 0x00, 0x00, 0x00, 0x00, 0x00, 0x00, 0x00, 0x00, 0x00, 0x00,
    0x00, 0x00, 0x00, 0x00, 0x00, 0x00, 0x00, 0x00, 0x00, 0x00, 0x00, 0x00, 0x00, 0x00, 0x00, 0x00,
    0x00, 0x00, 0x00, 0x00, 0x00, 0x00, 0x00, 0x00, 0x00, 0x00, 0x00, 0x00, 0x00, 0x00, 0x00, 0x00,
    0x00, 0x00, 0x00, 0x00, 0x00, 0x00, 0x00, 0x00, 0x00, 0x00, 0x00, 0x00, 0x00, 0x00, 0x00, 0x00,
    0x00, 0x00, 0x00, 0x00, 0x00, 0x00, 0x00, 0x00, 0x00, 0x00, 0x00, 0x00, 0x00, 0x00, 0x00, 0x00,
    0x00, 0x00, 0x00, 0x00, 0x00, 0x00, 0x00, 0x00, 0x00, 0x00, 0x00, 0x00, 0x00, 0x00, 0x00, 0x00,
    0x00, 0x00, 0x00, 0x00, 0x00, 0x00, 0x00, 0x00, 0x00, 0x00, 0x00, 0x00, 0x00, 0x00, 0x00, 0x00,
    0x00, 0x00, 0x00, 0x00, 0x00, 0x00, 0x00, 0x00, 0x00, 0x00, 0x00, 0x00, 0x00, 0x00, 0x00, 0x00,
    0x00, 0x00, 0x00, 0x00, 0x00, 0x00, 0x00, 0x00, 0x00, 0x00, 0x00, 0x00, 0x00, 0x00, 0x00, 0x00,
    0x00, 0x00, 0x00, 0x00, 0x00, 0x00, 0x00, 0x00, 0x00, 0x00, 0x00, 0x00, 0x00, 0x00, 0x00, 0x00,
    0x00, 0x00, 0x00, 0x00, 0x00, 0x00, 0x00, 0x00, 0x00, 0x00, 0x00, 0x00, 0x00, 0x00, 0x00, 0x00,
    0x00, 0x00, 0x00, 0x00, 0x00, 0x00, 0x00, 0x00, 0x00, 0x00, 0x00, 0x00, 0x00, 0x00, 0x00, 0x00,
    0x00, 0x00, 0x00, 0x00, 0x00, 0x00, 0x00, 0x00, 0x00, 0x00, 0x00, 0x00, 0x00, 0x00, 0x00, 0x00,
    0x00, 0x00, 0x00, 0x00, 0x00, 0x00, 0x00, 0x00, 0x00, 0x00, 0x00, 0x00, 0x00, 0x00, 0x00, 0x00,
    0x00, 0x00, 0x00, 0x00, 0x00, 0x00, 0x00, 0x00, 0x00, 0x00, 0x00, 0x00, 0x00, 0x00, 0x00, 0x00,
    0x00, 0x00, 0x00, 0x00, 0x00, 0x00, 0x00, 0x00, 0x00, 0x00, 0x00, 0x00, 0x00, 0x00, 0x00, 0x00,
    0x00, 0x00, 0x00, 0x00, 0x00, 0x00, 0x00, 0x00, 0x00, 0x00, 0x00, 0x00, 0x00, 0x00, 0x00, 0x00,
    0x00, 0x00, 0x00, 0x00, 0x00, 0x00, 0x00, 0x00, 0x00, 0x00, 0x00, 0x00, 0x00, 0x00, 0x00, 0x00,
    0x00, 0x00, 0x00, 0x00, 0x00, 0x00, 0x00, 0x00, 0x00, 0x00, 0x00, 0x00, 0x00, 0x00, 0x00, 0x00,
    0x00, 0x00, 0x00, 0x00, 0x00, 0x00, 0x00, 0x00, 0x00, 0x00, 0x00, 0x00, 0x00, 0x00, 0x00, 0x00,
    0x00, 0x00, 0x00, 0x00, 0x00, 0x00, 0x00, 0x00, 0x00, 0x00, 0x00, 0x00, 0x00, 0x00, 0x00, 0x00,
    0x00, 0x00, 0x00, 0x00, 0x00, 0x00, 0x00, 0x00, 0x00, 0x00, 0x00, 0x00, 0x00, 0x00, 0x00, 0x00,
    0x00, 0x00, 0x00, 0x00, 0x00, 0x00, 0x00, 0x00, 0x00, 0x00, 0x00, 0x00, 0x00, 0x00, 0x00, 0x00,
    0x00, 0x00, 0x00, 0x00, 0x00, 0x00, 0x00, 0x00, 0x00, 0x00, 0x00, 0x00, 0x00, 0x00, 0x00, 0x00,
    0x20, 0x10, 0xc4, 0x80, 0xe4, 0xc0, 0xc4, 0xc0, 0xc4, 0xc0, 0xe4, 0xc0, 0xe5, 0x90, 0x20, 0x10,
    0x00, 0x00, 0x00, 0x00, 0x00, 0x00, 0x00, 0x00, 0x00, 0x00, 0x00, 0x00, 0x00, 0x00, 0x00, 0x00,
    0x00, 0x00, 0x00, 0x00, 0x00, 0x00, 0x00, 0x00, 0x00, 0x00, 0x00, 0x00, 0x00, 0x00, 0x00, 0x00,
    0x00, 0x00, 0x00, 0x00, 0x00, 0x00, 0x00, 0x00, 0x00, 0x00, 0x00, 0x00, 0x00, 0x00, 0x00, 0x00,
    0x00, 0x00, 0x00, 0x00, 0x00, 0x00, 0x00, 0x00, 0x00, 0x00, 0x00, 0x00, 0x00, 0x00, 0x00, 0x00,
    0x00, 0x00, 0x00, 0x00, 0x00, 0x00, 0x00, 0x00, 0x00, 0x00, 0x00, 0x00, 0x00, 0x00, 0x00, 0x00,
    0x00, 0x00, 0x00, 0x00, 0x00, 0x00, 0x00, 0x00, 0x00, 0x00, 0x00, 0x00, 0x00, 0x00, 0x00, 0x00,
    0x00, 0x00, 0x00, 0x00, 0x00, 0x00, 0x00, 0x00, 0x00, 0x00, 0x00, 0x00, 0x00, 0x00, 0x00, 0x00,
    0x00, 0x00, 0x00, 0x00, 0x00, 0x00, 0x00, 0x00, 0x00, 0x00, 0x00, 0x00, 0x00, 0x00, 0x00, 0x00,
    0x00, 0x00, 0x00, 0x00, 0x00, 0x00, 0x00, 0x00, 0x00, 0x00, 0x00, 0x00, 0x00, 0x00, 0x00, 0x00,
    0x00, 0x00, 0x00, 0x00, 0x00, 0x00, 0x00, 0x00, 0x00, 0x00, 0x00, 0x00, 0x00, 0x00, 0x00, 0x00,
    0x00, 0x00, 0x00, 0x00, 0x00, 0x00, 0x00, 0x00, 0x00, 0x00, 0x00, 0x00, 0x00, 0x00, 0x00, 0x00,
    0x00, 0x00, 0x00, 0x00, 0x00, 0x00, 0x00, 0x00, 0x00, 0x00, 0x00, 0x00, 0x00, 0x00, 0x00, 0x00,
    0x00, 0x00, 0x00, 0x00, 0x00, 0x00, 0x00, 0x00, 0x00, 0x00, 0x00, 0x00, 0x00, 0x00, 0x00, 0x00,
    0x00, 0x00, 0x00, 0x00, 0x00, 0x00, 0x00, 0x00, 0x00, 0x00, 0x00, 0x00, 0x00, 0x00, 0x00, 0x00,
    0x00, 0x00, 0x00, 0x00, 0x00, 0x00, 0x00, 0x00, 0x00, 0x00, 0x00, 0x00, 0x00, 0x00, 0x00, 0x00,
    0x00, 0x00, 0x00, 0x00, 0x00, 0x00, 0x00, 0x00, 0x00, 0x00, 0x00, 0x00, 0x00, 0x00, 0x00, 0x00,
    0x00, 0x00, 0x00, 0x00, 0x00, 0x00, 0x00, 0x00, 0x00, 0x00, 0x00, 0x00, 0x00, 0x00, 0x00, 0x00,
    0x00, 0x00, 0x00, 0x00, 0x00, 0x00, 0x00, 0x00, 0x00, 0x00, 0x00, 0x00, 0x00, 0x00, 0x00, 0x00,
    0x00, 0x00, 0x00, 0x00, 0x00, 0x00, 0x00, 0x00, 0x00, 0x00, 0x00, 0x00, 0x00, 0x00, 0x00, 0x00,
    0x00, 0x00, 0x00, 0x00, 0x00, 0x00, 0x00, 0x00, 0x00, 0x00, 0x00, 0x00, 0x00, 0x00, 0x00, 0x00,
    0x00, 0x00, 0x00, 0x00, 0x00, 0x00, 0x00, 0x00, 0x00, 0x00, 0x00, 0x00, 0x00, 0x00, 0x00, 0x00,
    0x00, 0x00, 0x00, 0x00, 0x00, 0x00, 0x00, 0x00, 0x00, 0x00, 0x00, 0x00, 0x00, 0x00, 0x00, 0x00,
    0x00, 0x00, 0x00, 0x00, 0x00, 0x00, 0x00, 0x00, 0x00, 0x00, 0x00, 0x00, 0x00, 0x00, 0x00, 0x00,
    0x00, 0x00, 0x00, 0x00, 0x00, 0x00, 0x00, 0x00, 0x00, 0x00, 0x00, 0x00, 0x00, 0x00, 0x00, 0x00,
    0x00, 0x00, 0x00, 0x10, 0xc4, 0x88, 0xc4, 0xc0, 0xe4, 0xc0, 0xe5, 0x90, 0x20, 0x18, 0x00, 0x00,
    0x00, 0x00, 0x00, 0x00, 0x00, 0x00, 0x00, 0x00, 0x00, 0x00, 0x00, 0x00, 0x00, 0x00, 0x00, 0x00,
    0x00, 0x00, 0x00, 0x00, 0x00, 0x00, 0x00, 0x00, 0x00, 0x00, 0x00, 0x00, 0x00, 0x00, 0x00, 0x00,
    0x00, 0x00, 0x00, 0x00, 0x00, 0x00, 0x00, 0x00, 0x00, 0x00, 0x00, 0x00, 0x00, 0x00, 0x00, 0x00,
    0x00, 0x00, 0x00, 0x00, 0x00, 0x00, 0x00, 0x00, 0x00, 0x00, 0x00, 0x00, 0x00, 0x00, 0x00, 0x00,
    0x00, 0x00, 0x00, 0x00, 0x00, 0x00, 0x00, 0x00, 0x00, 0x00, 0x00, 0x00, 0x00, 0x00, 0x00, 0x00,
    0x00, 0x00, 0x00, 0x00, 0x00, 0x00, 0x00, 0x00, 0x00, 0x00, 0x00, 0x00, 0x00, 0x00, 0x00, 0x00,
    0x00, 0x00, 0x00, 0x00, 0x00, 0x00, 0x00, 0x00, 0x00, 0x00, 0x00, 0x00, 0x00, 0x00, 0x00, 0x00,
    0x00, 0x00, 0x00, 0x00, 0x00, 0x00, 0x00, 0x00, 0x00, 0x00, 0x00, 0x00, 0x00, 0x00, 0x00, 0x00,
    0x00, 0x00, 0x00, 0x00, 0x00, 0x00, 0x00, 0x00, 0x00, 0x00, 0x00, 0x00, 0x00, 0x00, 0x00, 0x00,
    0x00, 0x00, 0x00, 0x00, 0x00, 0x00, 0x00, 0x00, 0x00, 0x00, 0x00, 0x00, 0x00, 0x00, 0x00, 0x00,
    0x00, 0x00, 0x00, 0x00, 0x00, 0x00, 0x00, 0x00, 0x00, 0x00, 0x00, 0x00, 0x00, 0x00, 0x00, 0x00,
    0x00, 0x00, 0x00, 0x00, 0x00, 0x00, 0x00, 0x00, 0x00, 0x00, 0x00, 0x00, 0x00, 0x00, 0x00, 0x00,
    0x00, 0x00, 0x00, 0x00, 0x00, 0x00, 0x00, 0x00, 0x00, 0x00, 0x00, 0x00, 0x00, 0x00, 0x00, 0x00,
    0x00, 0x00, 0x00, 0x00, 0x00, 0x00, 0x00, 0x00, 0x00, 0x00, 0x00, 0x00, 0x00, 0x00, 0x00, 0x00,
    0x00, 0x00, 0x00, 0x00, 0x00, 0x00, 0x00, 0x00, 0x00, 0x00, 0x00, 0x00, 0x00, 0x00, 0x00, 0x00,
    0x00, 0x00, 0x00, 0x00, 0x00, 0x00, 0x00, 0x00, 0x00, 0x00, 0x00, 0x00, 0x00, 0x00, 0x00, 0x00,
    0x00, 0x00, 0x00, 0x00, 0x00, 0x00, 0x00, 0x00, 0x00, 0x00, 0x00, 0x00, 0x00, 0x00, 0x00, 0x00,
    0x00, 0x00, 0x00, 0x00, 0x00, 0x00, 0x00, 0x00, 0x00, 0x00, 0x00, 0x00, 0x00, 0x00, 0x00, 0x00,
    0x00, 0x00, 0x00, 0x00, 0x00, 0x00, 0x00, 0x00, 0x00, 0x00, 0x00, 0x00, 0x00, 0x00, 0x00, 0x00,
    0x00, 0x00, 0x00, 0x00, 0x00, 0x00, 0x00, 0x00, 0x00, 0x00, 0x00, 0x00, 0x00, 0x00, 0x00, 0x00,
    0x00, 0x00, 0x00, 0x00, 0x00, 0x00, 0x00, 0x00, 0x00, 0x00, 0x00, 0x00, 0x00, 0x00, 0x00, 0x00,
    0x00, 0x00, 0x00, 0x00, 0x00, 0x00, 0x00, 0x00, 0x00, 0x00, 0x00, 0x00, 0x00, 0x00, 0x00, 0x00,
    0x00, 0x00, 0x00, 0x00, 0x00, 0x00, 0x00, 0x00, 0x00, 0x00, 0x00, 0x00, 0x00, 0x00, 0x00, 0x00,
    0x00, 0x00, 0x00, 0x00, 0x00, 0x00, 0x00, 0x00, 0x00, 0x00, 0x00, 0x00, 0x00, 0x00, 0x00, 0x00,
    0x00, 0x00, 0x00, 0x00, 0x20, 0x08, 0xe5, 0x88, 0x05, 0x91, 0x20, 0x18, 0x00, 0x00, 0x00, 0x00,
    0x00, 0x00, 0x00, 0x00, 0x00, 0x00, 0x00, 0x00, 0x00, 0x00, 0x00, 0x00, 0x00, 0x00, 0x00, 0x00,
    0x00, 0x00, 0x00, 0x00, 0x00, 0x00, 0x00, 0x00, 0x00, 0x00, 0x00, 0x00, 0x00, 0x00, 0x00, 0x00,
    0x00, 0x00, 0x00, 0x00, 0x00, 0x00, 0x00, 0x00, 0x00, 0x00, 0x00, 0x00, 0x00, 0x00, 0x00, 0x00,
    0x00, 0x00, 0x00, 0x00, 0x00, 0x00, 0x00, 0x00, 0x00, 0x00, 0x00, 0x00, 0x00, 0x00, 0x00, 0x00,
    0x00, 0x00, 0x00, 0x00, 0x00, 0x00, 0x00, 0x00, 0x00, 0x00, 0x00, 0x00, 0x00, 0x00, 0x00, 0x00,
    0x00, 0x00, 0x00, 0x00, 0x00, 0x00, 0x00, 0x00, 0x00, 0x00, 0x00, 0x00, 0x00, 0x00, 0x00, 0x00,
    0x00, 0x00, 0x00, 0x00, 0x00, 0x00, 0x00, 0x00, 0x00, 0x00, 0x00, 0x00, 0x00, 0x00, 0x00, 0x00,
    0x00, 0x00, 0x00, 0x00, 0x00, 0x00, 0x00, 0x00, 0x00, 0x00, 0x00, 0x00, 0x00, 0x00, 0x00, 0x00,
    0x00, 0x00, 0x00, 0x00, 0x00, 0x00, 0x00, 0x00, 0x00, 0x00, 0x00, 0x00, 0x00, 0x00, 0x00, 0x00,
    0x00, 0x00, 0x00, 0x00, 0x00, 0x00, 0x00, 0x00, 0x00, 0x00, 0x00, 0x00, 0x00, 0x00, 0x00, 0x00,
    0x00, 0x00, 0x00, 0x00, 0x00, 0x00, 0x00, 0x00, 0x00, 0x00, 0x00, 0x00, 0x00, 0x00, 0x00, 0x00,
    0x00, 0x00, 0x00, 0x00, 0x00, 0x00, 0x00, 0x00, 0x00, 0x00, 0x00, 0x00, 0x00, 0x00, 0x00, 0x00,
    0x00, 0x00, 0x00, 0x00, 0x00, 0x00, 0x00, 0x00, 0x00, 0x00, 0x00, 0x00, 0x00, 0x00, 0x00, 0x00,
    0x00, 0x00, 0x00, 0x00, 0x00, 0x00, 0x00, 0x00, 0x00, 0x00, 0x00, 0x00, 0x00, 0x00, 0x00, 0x00,
    0x00, 0x00, 0x00, 0x00, 0x00, 0x00, 0x00, 0x00, 0x00, 0x00, 0x00, 0x00, 0x00, 0x00, 0x00, 0x00,
    0x00, 0x00, 0x00, 0x00, 0x00, 0x00, 0x00, 0x00, 0x00, 0x00, 0x00, 0x00, 0x00, 0x00, 0x00, 0x00,
    0x00, 0x00, 0x00, 0x00, 0x00, 0x00, 0x00, 0x00, 0x00, 0x00, 0x00, 0x00, 0x00, 0x00, 0x00, 0x00,
    0x00, 0x00, 0x00, 0x00, 0x00, 0x00, 0x00, 0x00, 0x00, 0x00, 0x00, 0x00, 0x00, 0x00, 0x00, 0x00,
    0x00, 0x00, 0x00, 0x00, 0x00, 0x00, 0x00, 0x00, 0x00, 0x00, 0x00, 0x00, 0x00, 0x00, 0x00, 0x00,
    0x00, 0x00, 0x00, 0x00, 0x00, 0x00, 0x00, 0x00, 0x00, 0x00, 0x00, 0x00, 0x00, 0x00, 0x00, 0x00,
    0x00, 0x00, 0x00, 0x00, 0x00, 0x00, 0x00, 0x00, 0x00, 0x00, 0x00, 0x00, 0x00, 0x00, 0x00, 0x00,
    0x00, 0x00, 0x00, 0x00, 0x00, 0x00, 0x00, 0x00, 0x00, 0x00, 0x00, 0x00, 0x00, 0x00, 0x00, 0x00,
    0x00, 0x00, 0x00, 0x00, 0x00, 0x00, 0x00, 0x00, 0x00, 0x00, 0x00, 0x00, 0x00, 0x00, 0x00, 0x00,
    0x00, 0x00, 0x00, 0x00, 0x00, 0x00, 0x00, 0x00, 0x00, 0x00, 0x00, 0x00, 0x00, 0x00, 0x00, 0x00,
    0x00, 0x00, 0x00, 0x00, 0x00, 0x00, 0x20, 0x10, 0x20, 0x10, 0x00, 0x00, 0x00, 0x00, 0x00, 0x00,
    0x00, 0x00, 0x00, 0x00, 0x00, 0x00, 0x00, 0x00, 0x00, 0x00, 0x00, 0x00, 0x00, 0x00, 0x00, 0x00,
    0x00, 0x00, 0x00, 0x00, 0x00, 0x00, 0x00, 0x00, 0x00, 0x00, 0x00, 0x00, 0x00, 0x00, 0x00, 0x00,
    0x00, 0x00, 0x00, 0x00, 0x00, 0x00, 0x00, 0x00, 0x00, 0x00, 0x00, 0x00, 0x00, 0x00, 0x00, 0x00,
    0x00, 0x00, 0x00, 0x00, 0x00, 0x00, 0x00, 0x00, 0x00, 0x00, 0x00, 0x00, 0x00, 0x00, 0x00, 0x00,
    0x00, 0x00, 0x00, 0x00, 0x00, 0x00, 0x00, 0x00, 0x00, 0x00, 0x00, 0x00, 0x00, 0x00, 0x00, 0x00,
    0x00, 0x00, 0x00, 0x00, 0x00, 0x00, 0x00, 0x00, 0x00, 0x00, 0x00, 0x00, 0x00, 0x00, 0x00, 0x00,
    0x00, 0x00, 0x00, 0x00, 0x00, 0x00, 0x00, 0x00, 0x00, 0x00, 0x00, 0x00, 0x00, 0x00, 0x00, 0x00,
    0x00, 0x00, 0x00, 0x00, 0x00, 0x00, 0x00, 0x00, 0x00, 0x00, 0x00, 0x00, 0x00, 0x00, 0x00, 0x00,
    0x00, 0x00, 0x00, 0x00, 0x00, 0x00, 0x00, 0x00, 0x00, 0x00, 0x00, 0x00, 0x00, 0x00, 0x00, 0x00,
    0x00, 0x00, 0x00, 0x00, 0x00, 0x00, 0x00, 0x00, 0x00, 0x00, 0x00, 0x00, 0x00, 0x00, 0x00, 0x00,
    0x00, 0x00, 0x00, 0x00, 0x00, 0x00, 0x00, 0x00, 0x00, 0x00, 0x00, 0x00, 0x00, 0x00, 0x00, 0x00,
    0x00, 0x00, 0x00, 0x00, 0x00, 0x00, 0x00, 0x00, 0x00, 0x00, 0x00, 0x00, 0x00, 0x00, 0x00, 0x00,
    0x00, 0x00, 0x00, 0x00, 0x00, 0x00, 0x00, 0x00, 0x00, 0x00, 0x00, 0x00, 0x00, 0x00, 0x00, 0x00,
    0x00, 0x00, 0x00, 0x00, 0x00, 0x00, 0x00, 0x00, 0x00, 0x00, 0x00, 0x00, 0x00, 0x00, 0x00, 0x00,
    0x00, 0x00, 0x00, 0x00, 0x00, 0x00, 0x00, 0x00, 0x00, 0x00, 0x00, 0x00, 0x00, 0x00, 0x00, 0x00,
    0x00, 0x00, 0x00, 0x00, 0x00, 0x00, 0x00, 0x00, 0x00, 0x00, 0x00, 0x00, 0x00, 0x00, 0x00, 0x00,
    0x00, 0x00, 0x00, 0x00, 0x00, 0x00, 0x00, 0x00, 0x00, 0x00, 0x00, 0x00, 0x00, 0x00, 0x00, 0x00,
    0x00, 0x00, 0x00, 0x00, 0x00, 0x00, 0x00, 0x00, 0x00, 0x00, 0x00, 0x00, 0x00, 0x00, 0x00, 0x00,
    0x00, 0x00, 0x00, 0x00, 0x00, 0x00, 0x00, 0x00, 0x00, 0x00, 0x00, 0x00, 0x00, 0x00, 0x00, 0x00,
    0x00, 0x00, 0x00, 0x00, 0x00, 0x00, 0x00, 0x00, 0x00, 0x00, 0x00, 0x00, 0x00, 0x00, 0x00, 0x00,
    0x00, 0x00, 0x00, 0x00, 0x00, 0x00, 0x00, 0x00, 0x00, 0x00, 0x00, 0x00, 0x00, 0x00, 0x00, 0x00,
    0x00, 0x00, 0x00, 0x00, 0x00, 0x00, 0x00, 0x00, 0x00, 0x00, 0x00, 0x00, 0x00, 0x00, 0x00, 0x00,
    0x00, 0x00, 0x00, 0x00, 0x00, 0x00, 0x00, 0x00, 0x00, 0x00, 0x00, 0x00, 0x00, 0x00, 0x00, 0x00,
    0x00, 0x00, 0x00, 0x00, 0x00, 0x00, 0x00, 0x00, 0x00, 0x00, 0x00, 0x00, 0x00, 0x00, 0x00, 0x00,
    0x00, 0x00, 0x00, 0x00, 0x00, 0x00, 0x00, 0x00, 0x00, 0x00, 0x00, 0x00, 0x00, 0x00, 0x00, 0x00,
    0x00, 0x00, 0x00, 0x00, 0x00, 0x00, 0x00, 0x00, 0x00, 0x00, 0x00, 0x00, 0x00, 0x00, 0x00, 0x00,
    0x00, 0x00, 0x00, 0x00, 0x00, 0x00, 0x00, 0x00, 0x00, 0x00, 0x00, 0x00, 0x00, 0x00, 0x00, 0x00,
    0x00, 0x00, 0x00, 0x00, 0x00, 0x00, 0x00, 0x00, 0x00, 0x00, 0x00, 0x00, 0x00, 0x00, 0x00, 0x00,
    0x00, 0x00, 0x00, 0x00, 0x00, 0x00, 0x00, 0x00, 0x00, 0x00, 0x00, 0x00, 0x00, 0x00, 0x00, 0x00,
    0x00, 0x00, 0x00, 0x00, 0x00, 0x00, 0x00, 0x00, 0x00, 0x00, 0x00, 0x00, 0x00, 0x00, 0x00, 0x00,
    0x00, 0x00, 0x00, 0x00, 0x00, 0x00, 0x00, 0x00, 0x00, 0x00, 0x00, 0x00, 0x00, 0x00, 0x00, 0x00,
    0x00, 0x00, 0x00, 0x00, 0x00, 0x00, 0x00, 0x00, 0x00, 0x00, 0x00, 0x00, 0x00, 0x00, 0x00, 0x00,
    0x00, 0x00, 0x00, 0x00, 0x00, 0x00, 0x00, 0x00, 0x00, 0x00, 0x00, 0x00, 0x00, 0x00, 0x00, 0x00,
    0x00, 0x00, 0x00, 0x00, 0x00, 0x00, 0x00, 0x00, 0x00, 0x00, 0x00, 0x00, 0x00, 0x00, 0x00, 0x00,
    0x00, 0x00, 0x00, 0x00, 0x00, 0x00, 0x00, 0x00, 0x00, 0x00, 0x00, 0x00, 0x00, 0x00, 0x00, 0x00,
    0x00, 0x00, 0x00, 0x00, 0x00, 0x00, 0x00, 0x00, 0x00, 0x00, 0x00, 0x00, 0x00, 0x00, 0x00, 0x00,
    0x00, 0x00, 0x00, 0x00, 0x00, 0x00, 0x00, 0x00, 0x00, 0x00, 0x00, 0x00, 0x00, 0x00, 0x00, 0x00,
    0x00, 0x00, 0x00, 0x00, 0x00, 0x00, 0x00, 0x00, 0x00, 0x00, 0x00, 0x00, 0x00, 0x00, 0x00, 0x00,
    0x00, 0x00, 0x00, 0x00, 0x00, 0x00, 0x00, 0x00, 0x00, 0x00, 0x00, 0x00, 0x00, 0x00, 0x00, 0x00,
    0x00, 0x00, 0x00, 0x00, 0x00, 0x00, 0x00, 0x00, 0x00, 0x00, 0x00, 0x00, 0x00, 0x00, 0x00, 0x00,
    0x00, 0x00, 0x00, 0x00, 0x00, 0x00, 0x00, 0x00, 0x00, 0x00, 0x00, 0x00, 0x00, 0x00, 0x00, 0x00,
    0x00, 0x00, 0x00, 0x00, 0x00, 0x00, 0x00, 0x00, 0x00, 0x00, 0x00, 0x00, 0x00, 0x00, 0x00, 0x00,
    0x00, 0x00, 0x00, 0x00, 0x00, 0x00, 0x00, 0x00, 0x00, 0x00, 0x00, 0x00, 0x00, 0x00, 0x00, 0x00,
    0x00, 0x00, 0x00, 0x00, 0x00, 0x00, 0x00, 0x00, 0x00, 0x00, 0x00, 0x00, 0x00, 0x00, 0x00, 0x00,
    0x00, 0x00, 0x00, 0x00, 0x00, 0x00, 0x00, 0x00, 0x00, 0x00, 0x00, 0x00, 0x00, 0x00, 0x00, 0x00,
    0x00, 0x00, 0x00, 0x00, 0x00, 0x00, 0x00, 0x00, 0x00, 0x00, 0x00, 0x00, 0x00, 0x00, 0x00, 0x00,
    0x00, 0x00, 0x00, 0x00, 0x00, 0x00, 0x00, 0x00, 0x00, 0x00, 0x00, 0x00, 0x00, 0x00, 0x00, 0x00,
    0x00, 0x00, 0x00, 0x00, 0x00, 0x00, 0x00, 0x00, 0x00, 0x00, 0x00, 0x00, 0x00, 0x00, 0x00, 0x00,
    0x00, 0x00, 0x00, 0x00, 0x00, 0x00, 0x00, 0x00, 0x00, 0x00, 0x00, 0x00, 0x00, 0x00, 0x00, 0x00,
    0x00, 0x00, 0x00, 0x00, 0x00, 0x00, 0x00, 0x00, 0x00, 0x00, 0x00, 0x00, 0x00, 0x00, 0x00, 0x00,
    0x00, 0x00, 0x00, 0x00, 0x00, 0x00, 0x00, 0x00, 0x00, 0x00, 0x00, 0x00, 0x00, 0x00, 0x00, 0x00,
    0x00, 0x00, 0x00, 0x00, 0x00, 0x00, 0x00, 0x00, 0x00, 0x00, 0x00, 0x00, 0x00, 0x00, 0x00, 0x00,
    0x00, 0x00, 0x00, 0x00, 0x00, 0x00, 0x00, 0x00, 0x00, 0x00, 0x00, 0x00, 0x00, 0x00, 0x00, 0x00,
    0x00, 0x00, 0x00, 0x00, 0x00, 0x00, 0x00, 0x00, 0x00, 0x00, 0x00, 0x00, 0x00, 0x00, 0x00, 0x00,
    0x00, 0x00, 0x00, 0x00, 0x00, 0x00, 0x00, 0x00, 0x00, 0x00, 0x00, 0x00, 0x00, 0x00, 0x00, 0x00,
    0x00, 0x00, 0x00, 0x00, 0x00, 0x00, 0x00, 0x00, 0x00, 0x00, 0x00, 0x00, 0x00, 0x00, 0x00, 0x00,
    0x00, 0x00, 0x00, 0x00, 0x00, 0x00, 0x00, 0x00, 0x00, 0x00, 0x00, 0x00, 0x00, 0x00, 0x00, 0x00,
    0x00, 0x00, 0x00, 0x00, 0x00, 0x00, 0x00, 0x00, 0x00, 0x00, 0x00, 0x00, 0x00, 0x00, 0x00, 0x00,
    0x00, 0x00, 0x00, 0x00, 0x00, 0x00, 0x00, 0x00, 0x00, 0x00, 0x00, 0x00, 0x00, 0x00, 0x00, 0x00,
    0x00, 0x00, 0x00, 0x00, 0x00, 0x00, 0x00, 0x00, 0x00, 0x00, 0x00, 0x00, 0x00, 0x00, 0x00, 0x00,
    0x00, 0x00, 0x00, 0x00, 0x00, 0x00, 0x00, 0x00, 0x00, 0x00, 0x00, 0x00, 0x00, 0x00, 0x00, 0x00,
    0x00, 0x00, 0x00, 0x00, 0x00, 0x00, 0x00, 0x00, 0x00, 0x00, 0x00, 0x00, 0x00, 0x00, 0x00, 0x00,
    0x00, 0x00, 0x00, 0x00, 0x00, 0x00, 0x00, 0x00, 0x00, 0x00, 0x00, 0x00, 0x00, 0x00, 0x00, 0x00,
    0x00, 0x00, 0x00, 0x00, 0x00, 0x00, 0x00, 0x00, 0x00, 0x00, 0x00, 0x00, 0x00, 0x00, 0x00, 0x00,
    0x00, 0x00, 0x00, 0x00, 0x00, 0x00, 0x00, 0x00, 0x00, 0x00, 0x00, 0x00, 0x00, 0x00, 0x00, 0x00,
    0x00, 0x00, 0x00, 0x00, 0x00, 0x00, 0x00, 0x00, 0x00, 0x00, 0x00, 0x00, 0x00, 0x00, 0x00, 0x00,
    0x00, 0x00, 0x00, 0x00, 0x00, 0x00, 0x00, 0x00, 0x00, 0x00, 0x00, 0x00, 0x00, 0x00, 0x00, 0x00,
    0x00, 0x00, 0x00, 0x00, 0x00, 0x00, 0x00, 0x00, 0x00, 0x00, 0x00, 0x00, 0x00, 0x00, 0x00, 0x00,
    0x00, 0x00, 0x00, 0x00, 0x00, 0x00, 0x00, 0x00, 0x00, 0x00, 0x00, 0x00, 0x00, 0x00, 0x00, 0x00,
    0x00, 0x00, 0x00, 0x00, 0x00, 0x00, 0x00, 0x00, 0x00, 0x00, 0x00, 0x00, 0x00, 0x00, 0x00, 0x00,
    0x00, 0x00, 0x00, 0x00, 0x00, 0x00, 0x00, 0x00, 0x00, 0x00, 0x00, 0x00, 0x00, 0x00, 0x00, 0x00,
    0x00, 0x00, 0x00, 0x00, 0x00, 0x00, 0x00, 0x00, 0x00, 0x00, 0x00, 0x00, 0x00, 0x00, 0x00, 0x00,
    0x00, 0x00, 0x00, 0x00, 0x00, 0x00, 0x00, 0x00, 0x00, 0x00, 0x00, 0x00, 0x00, 0x00, 0x00, 0x00,
    0x00, 0x00, 0x00, 0x00, 0x00, 0x00, 0x00, 0x00, 0x00, 0x00, 0x00, 0x00, 0x00, 0x00, 0x00, 0x00,
    0x00, 0x00, 0x00, 0x00, 0x00, 0x00, 0x00, 0x00, 0x00, 0x00, 0x00, 0x00, 0x00, 0x00, 0x00, 0x00,
    0x00, 0x00, 0x00, 0x00, 0x00, 0x00, 0x00, 0x00, 0x00, 0x00, 0x00, 0x00, 0x00, 0x00, 0x00, 0x00,
    0x00, 0x00, 0x00, 0x00, 0x00, 0x00, 0x00, 0x00, 0x00, 0x00, 0x00, 0x00, 0x00, 0x00, 0x00, 0x00,
    0x00, 0x00, 0x00, 0x00, 0x00, 0x00, 0x00, 0x00, 0x00, 0x00, 0x00, 0x00, 0x00, 0x00, 0x00, 0x00,
    0x00, 0x00, 0x00, 0x00, 0x00, 0x00, 0x00, 0x00, 0x00, 0x00, 0x00, 0x00, 0x00, 0x00, 0x00, 0x00,
    0x00, 0x00, 0x00, 0x00, 0x00, 0x00, 0x00, 0x00, 0x00, 0x00, 0x00, 0x00, 0x00, 0x00, 0x00, 0x00,
    0x00, 0x00, 0x00, 0x00, 0x00, 0x00, 0x00, 0x00, 0x00, 0x00, 0x00, 0x00, 0x00, 0x00, 0x00, 0x00,
    0x00, 0x00, 0x00, 0x00, 0x00, 0x00, 0x00, 0x00, 0x00, 0x00, 0x00, 0x00, 0x00, 0x00, 0x00, 0x00,
    0x00, 0x00, 0x00, 0x00, 0x00, 0x00, 0x00, 0x00, 0x00, 0x00, 0x00, 0x00, 0x00, 0x00, 0x00, 0x00,
    0x00, 0x00, 0x00, 0x00, 0x00, 0x00, 0x00, 0x00, 0x00, 0x00, 0x00, 0x00, 0x00, 0x00, 0x00, 0x00,
    0x00, 0x00, 0x00, 0x00, 0x00, 0x00, 0x00, 0x00, 0x00, 0x00, 0x00, 0x00, 0x00, 0x00, 0x00, 0x00,
    0x00, 0x00, 0x00, 0x00, 0x00, 0x00, 0x00, 0x00, 0x00, 0x00, 0x00, 0x00, 0x00, 0x00, 0x00, 0x00,
    0x00, 0x00, 0x00, 0x00, 0x00, 0x00, 0x00, 0x00, 0x00, 0x00, 0x00, 0x00, 0x00, 0x00, 0x00, 0x00,
    0x00, 0x00, 0x00, 0x00, 0x00, 0x00, 0x00, 0x00, 0x00, 0x00, 0x00, 0x00, 0x00, 0x00, 0x00, 0x00,
    0x00, 0x00, 0x00, 0x00, 0x00, 0x00, 0x00, 0x00, 0x00, 0x00, 0x00, 0x00, 0x00, 0x00, 0x00, 0x00,
    0x00, 0x00, 0x00, 0x00, 0x00, 0x00, 0x00, 0x00, 0x00, 0x00, 0x00, 0x00, 0x00, 0x00, 0x00, 0x00,
    0x00, 0x00, 0x00, 0x00, 0x00, 0x00, 0x00, 0x00, 0x00, 0x00, 0x00, 0x00, 0x00, 0x00, 0x00, 0x00,
    0x00, 0x00, 0x00, 0x00, 0x00, 0x00, 0x00, 0x00, 0x00, 0x00, 0x00, 0x00, 0x00, 0x00, 0x00, 0x00,
    0x00, 0x00, 0x00, 0x00, 0x00, 0x00, 0x00, 0x00, 0x00, 0x00, 0x00, 0x00, 0x00, 0x00, 0x00, 0x00,
    0x00, 0x00, 0x00, 0x00, 0x00, 0x00, 0x00, 0x00, 0x00, 0x00, 0x00, 0x00, 0x00, 0x00, 0x00, 0x00,
    0x00, 0x00, 0x00, 0x00, 0x00, 0x00, 0x00, 0x00, 0x00, 0x00, 0x00, 0x00, 0x00, 0x00, 0x00, 0x00,
    0x00, 0x00, 0x00, 0x00, 0x00, 0x00, 0x00, 0x00, 0x00, 0x00, 0x00, 0x00, 0x00, 0x00, 0x00, 0x00,
    0x00, 0x00, 0x00, 0x00, 0x00, 0x00, 0x00, 0x00, 0x00, 0x00, 0x00, 0x00, 0x00, 0x00, 0x00, 0x00,
    0x00, 0x00, 0x00, 0x00, 0x00, 0x00, 0x00, 0x00, 0x00, 0x00, 0x00, 0x00, 0x00, 0x00, 0x00, 0x00,
    0x00, 0x00, 0x00, 0x00, 0x00, 0x00, 0x00, 0x00, 0x00, 0x00, 0x00, 0x00, 0x00, 0x00, 0x00, 0x00,
    0x00, 0x00, 0x00, 0x00, 0x00, 0x00, 0x00, 0x00, 0x00, 0x00, 0x00, 0x00, 0x00, 0x00, 0x00, 0x00,
    0x00, 0x00, 0x00, 0x00, 0x00, 0x00, 0x00, 0x00, 0x00, 0x00, 0x00, 0x00, 0x00, 0x00, 0x00, 0x00,
    0x00, 0x00, 0x00, 0x00, 0x00, 0x00, 0x00, 0x00, 0x00, 0x00, 0x00, 0x00, 0x00, 0x00, 0x00, 0x00,
    0x00, 0x00, 0x00, 0x00, 0x00, 0x00, 0x00, 0x00, 0x00, 0x00, 0x00, 0x00, 0x00, 0x00, 0x00, 0x00,
    0x00, 0x00, 0x00, 0x00, 0x00, 0x00, 0x00, 0x00, 0x00, 0x00, 0x00, 0x00, 0x00, 0x00, 0x00, 0x00,
    0x00, 0x00, 0x00, 0x00, 0x00, 0x00, 0x00, 0x00, 0x00, 0x00, 0x00, 0x00, 0x00, 0x00, 0x00, 0x00,
    0x00, 0x00, 0x00, 0x00, 0x00, 0x00, 0x00, 0x00, 0x00, 0x00, 0x00, 0x00, 0x00, 0x00, 0x00, 0x00,
    0x00, 0x00, 0x00, 0x00, 0x00, 0x00, 0x00, 0x00, 0x00, 0x00, 0x00, 0x00, 0x00, 0x00, 0x00, 0x00,
    0x00, 0x00, 0x00, 0x00, 0x00, 0x00, 0x00, 0x00, 0x00, 0x00, 0x00, 0x00, 0x00, 0x00, 0x00, 0x00,
    0x00, 0x00, 0x00, 0x00, 0x00, 0x00, 0x00, 0x00, 0x00, 0x00, 0x00, 0x00, 0x00, 0x00, 0x00, 0x00,
    0x00, 0x00, 0x00, 0x00, 0x00, 0x00, 0x00, 0x00, 0x00, 0x00, 0x00, 0x00, 0x00, 0x00, 0x00, 0x00,
    0x00, 0x00, 0x00, 0x00, 0x00, 0x00, 0x00, 0x00, 0x00, 0x00, 0x00, 0x00, 0x00, 0x00, 0x00, 0x00,
    0x00, 0x00, 0x00, 0x00, 0x00, 0x00, 0x00, 0x00, 0x00, 0x00, 0x00, 0x00, 0x00, 0x00, 0x00, 0x00,
    0x00, 0x00, 0x00, 0x00, 0x00, 0x00, 0x00, 0x00, 0x00, 0x00, 0x00, 0x00, 0x00, 0x00, 0x00, 0x00,
    0x00, 0x00, 0x00, 0x00, 0x00, 0x00, 0x00, 0x00, 0x00, 0x00, 0x00, 0x00, 0x00, 0x00, 0x00, 0x00,
    0x00, 0x00, 0x00, 0x00, 0x00, 0x00, 0x00, 0x00, 0x00, 0x00, 0x00, 0x00, 0x00, 0x00, 0x00, 0x00,
    0x00, 0x00, 0x00, 0x00, 0x00, 0x00, 0x00, 0x00, 0x00, 0x00, 0x00, 0x00, 0x00, 0x00, 0x00, 0x00,
    0x00, 0x00, 0x00, 0x00, 0x00, 0x00, 0x00, 0x00, 0x00, 0x00, 0x00, 0x00, 0x00, 0x00, 0x00, 0x00,
    0x00, 0x00, 0x00, 0x00, 0x00, 0x00, 0x00, 0x00, 0x00, 0x00, 0x00, 0x00, 0x00, 0x00, 0x00, 0x00,
    0x00, 0x00, 0x00, 0x00, 0x00, 0x00, 0x00, 0x00, 0x00, 0x00, 0x00, 0x00, 0x00, 0x00, 0x00, 0x00,
    0x00, 0x00, 0x00, 0x00, 0x00, 0x00, 0x00, 0x00, 0x00, 0x00, 0x00, 0x00, 0x00, 0x00, 0x00, 0x00,
    0x00, 0x00, 0x00, 0x00, 0x00, 0x00, 0x00, 0x00, 0x00, 0x00, 0x00, 0x00, 0x00, 0x00, 0x00, 0x00,
    0x00, 0x00, 0x00, 0x00, 0x00, 0x00, 0x00, 0x00, 0x00, 0x00, 0x00, 0x00, 0x00, 0x00, 0x00, 0x00,
    0x00, 0x00, 0x00, 0x00, 0x00, 0x00, 0x00, 0x00, 0x00, 0x00, 0x00, 0x00, 0x00, 0x00, 0x00, 0x00,
    0x00, 0x00, 0x00, 0x00, 0x00, 0x00, 0x00, 0x00, 0x00, 0x00, 0x00, 0x00, 0x00, 0x00, 0x00, 0x00,
    0x00, 0x00, 0x00, 0x00, 0x00, 0x00, 0x00, 0x00, 0x00, 0x00, 0x00, 0x00, 0x00, 0x00, 0x00, 0x00,
    0x00, 0x00, 0x00, 0x00, 0x00, 0x00, 0x00, 0x00, 0x00, 0x00, 0x00, 0x00, 0x00, 0x00, 0x00, 0x00,
    0x00, 0x00, 0x00, 0x00, 0x00, 0x00, 0x00, 0x00, 0x00, 0x00, 0x00, 0x00, 0x00, 0x00, 0x00, 0x00,
    0x00, 0x00, 0x00, 0x00, 0x00, 0x00, 0x00, 0x00, 0x00, 0x00, 0x00, 0x00, 0x00, 0x00, 0x00, 0x00,
    0x00, 0x00, 0x00, 0x00, 0x00, 0x00, 0x00, 0x00, 0x00, 0x00, 0x00, 0x00, 0x00, 0x00, 0x00, 0x00,
    0x00, 0x00, 0x00, 0x00, 0x00, 0x00, 0x00, 0x00, 0x00, 0x00, 0x00, 0x00, 0x00, 0x00, 0x00, 0x00,
    0x00, 0x00, 0x00, 0x00, 0x00, 0x00, 0x00, 0x00, 0x00, 0x00, 0x00, 0x00, 0x00, 0x00, 0x00, 0x00,
    0x00, 0x00, 0x00, 0x00, 0x00, 0x00, 0x00, 0x00, 0x00, 0x00, 0x00, 0x00, 0x00, 0x00, 0x00, 0x00,
    0x00, 0x00, 0x00, 0x00, 0x00, 0x00, 0x00, 0x00, 0x00, 0x00, 0x00, 0x00, 0x00, 0x00, 0x00, 0x00,
    0x00, 0x00, 0x00, 0x00, 0x00, 0x00, 0x00, 0x00, 0x00, 0x00, 0x00, 0x00, 0x00, 0x00, 0x00, 0x00,
    0x00, 0x00, 0x00, 0x00, 0x00, 0x00, 0x00, 0x00, 0x00, 0x00, 0x00, 0x00, 0x00, 0x00, 0x00, 0x00,
    0x00, 0x00, 0x00, 0x00, 0x00, 0x00, 0x00, 0x00, 0x00, 0x00, 0x00, 0x00, 0x00, 0x00, 0x00, 0x00,
    0x00, 0x00, 0x00, 0x00, 0x00, 0x00, 0x00, 0x00, 0x00, 0x00, 0x00, 0x00, 0x00, 0x00, 0x00, 0x00,
    0x00, 0x00, 0x00, 0x00, 0x00, 0x00, 0x00, 0x00, 0x00, 0x00, 0x00, 0x00, 0x00, 0x00, 0x00, 0x00,
    0x00, 0x00, 0x00, 0x00, 0x00, 0x00, 0x00, 0x00, 0x00, 0x00, 0x00, 0x00, 0x00, 0x00, 0x00, 0x00,
    0x00, 0x00, 0x00, 0x00, 0x00, 0x00, 0x00, 0x00, 0x00, 0x00, 0x00, 0x00, 0x00, 0x00, 0x00, 0x00,
    0x00, 0x00, 0x00, 0x00, 0x00, 0x00, 0x00, 0x00, 0x00, 0x00, 0x00, 0x00, 0x00, 0x00, 0x00, 0x00,
    0x00, 0x00, 0x00, 0x00, 0x00, 0x00, 0x00, 0x00, 0x00, 0x00, 0x00, 0x00, 0x00, 0x00, 0x00, 0x00,
    0x00, 0x00, 0x00, 0x00, 0x00, 0x00, 0x00, 0x00, 0x00, 0x00, 0x00, 0x00, 0x00, 0x00, 0x00, 0x00,
    0x00, 0x00, 0x00, 0x00, 0x00, 0x00, 0x00, 0x00, 0x00, 0x00, 0x00, 0x00, 0x00, 0x00, 0x00, 0x00,
    0x00, 0x00, 0x00, 0x00, 0x00, 0x00, 0x00, 0x00, 0x00, 0x00, 0x00, 0x00, 0x00, 0x00, 0x00, 0x00,
    0x00, 0x00, 0x00, 0x00, 0x00, 0x00, 0x00, 0x00, 0x00, 0x00, 0x00, 0x00, 0x00, 0x00, 0x00, 0x00,
    0x00, 0x00, 0x00, 0x00, 0x00, 0x00, 0x00, 0x00, 0x00, 0x00, 0x00, 0x00, 0x00, 0x00, 0x00, 0x00,
    0x00, 0x00, 0x00, 0x00, 0x00, 0x00, 0x00, 0x00, 0x00, 0x00, 0x00, 0x00, 0x00, 0x00, 0x00, 0x00,
    0x00, 0x00, 0x00, 0x00, 0x00, 0x00, 0x00, 0x00, 0x00, 0x00, 0x00, 0x00, 0x00, 0x00, 0x00, 0x00,
    0x00, 0x00, 0x00, 0x00, 0x00, 0x00, 0x00, 0x00, 0x00, 0x00, 0x00, 0x00, 0x00, 0x00, 0x00, 0x00,
    0x00, 0x00, 0x00, 0x00, 0x00, 0x00, 0x00, 0x00, 0x00, 0x00, 0x00, 0x00, 0x00, 0x00, 0x00, 0x00,
    0x00, 0x00, 0x00, 0x00, 0x00, 0x00, 0x00, 0x00, 0x00, 0x00, 0x00, 0x00, 0x00, 0x00, 0x00, 0x00,
    0x00, 0x00, 0x00, 0x00, 0x00, 0x00, 0x00, 0x00, 0x00, 0x00, 0x00, 0x00, 0x00, 0x00, 0x00, 0x00,
    0x00, 0x00, 0x00, 0x00, 0x00, 0x00, 0x00, 0x00, 0x00, 0x00, 0x00, 0x00, 0x00, 0x00, 0x00, 0x00,
    0x00, 0x00, 0x00, 0x00, 0x00, 0x00, 0x00, 0x00, 0x00, 0x00, 0x00, 0x00, 0x00, 0x00, 0x00, 0x00,
    0x00, 0x00, 0x00, 0x00, 0x00, 0x00, 0x00, 0x00, 0x00, 0x00, 0x00, 0x00, 0x00, 0x00, 0x00, 0x00,
    0x00, 0x00, 0x00, 0x00, 0x00, 0x00, 0x00, 0x00, 0x00, 0x00, 0x00, 0x00, 0x00, 0x00, 0x00, 0x00,
    0x00, 0x00, 0x00, 0x00, 0x00, 0x00, 0x00, 0x00, 0x00, 0x00, 0x00, 0x00, 0x00, 0x00, 0x00, 0x00,
    0x00, 0x00, 0x00, 0x00, 0x00, 0x00, 0x00, 0x00, 0x00, 0x00, 0x00, 0x00, 0x00, 0x00, 0x00, 0x00,
    0x00, 0x00, 0x00, 0x00, 0x00, 0x00, 0x00, 0x00, 0x00, 0x00, 0x00, 0x00, 0x00, 0x00, 0x00, 0x00,
    0x00, 0x00, 0x00, 0x00, 0x00, 0x00, 0x00, 0x00, 0x00, 0x00, 0x00, 0x00, 0x00, 0x00, 0x00, 0x00,
    0x00, 0x00, 0x00, 0x00, 0x00, 0x00, 0x00, 0x00, 0x00, 0x00, 0x00, 0x00, 0x00, 0x00, 0x00, 0x00,
};

const lv_image_dsc_t logo_img = {
    .header = {
        .magic = LV_IMAGE_HEADER_MAGIC,
        .cf = LV_COLOR_FORMAT_RGB565,
        .w = 200,
        .h = 200,
    },
    .data_size = 80000,
    .data = logo_map,
};

#endif
